{
  "run_id": "replay",
  "timestamp": 1756944665,
  "matrix_digest": "d6d8a3d12244f1b8bcf09f18d4607069e0d3a0d6b188fa7b15b98896095deb18",
  "tau": {
    "alpha": 1.9924950975072493,
    "beta": 1.9924950975072493,
    "lmin": 0.0,
    "lmax": 3.9849901950144986,
    "v0_norm": 7.13889491280499,
    "E": [
      0.9999999999997199,
      0.5253401060493686,
      0.5555208954496424,
      0.6091884074042411,
      0.5526420222346651,
      0.580434967895997,
      0.6280003935216792,
      0.5515093354015774,
      0.5988872022279426,
      0.5537109316072234,
      0.5170769753509523,
      0.6075445520024676,
      0.5211886022598805,
      0.5569553737083098,
      0.6696558535259285,
      0.6570896578014124,
      0.6474733660431762,
      0.7782997310757829,
      0.7683850864070665,
      0.8083018163602662,
      0.9504171782816753,
      1.1054926421973836,
      1.2038442229899862,
      1.383770345649264,
      1.592511153006599,
      1.796028067581462,
      2.205302909625141,
      2.6148980350663167,
      3.1001627289470806,
      3.7209893335982214,
      4.421762265881833,
      5.471578124892272,
      6.611514770580714,
      8.05120160367172,
      10.009537082673537,
      12.226843583291917,
      15.090084580536297,
      18.635338592080082,
      23.102759506076502,
      28.68465443857678,
      35.51225470692981,
      44.12614342748223,
      54.92981835714755,
      68.41374930183855,
      85.17176831609251,
      106.18548367367337,
      132.34481492610445,
      165.08958744869665,
      206.1307312289296
    ],
    "tau": [
      0.0,
      0.0,
      0.2950316192868665,
      0.5437788749130703,
      0.841418164237377,
      0.841418164237377,
      0.841418164237377,
      0.8913399060325474,
      0.8913399060325474,
      0.9149961753561858,
      1.0125367120527373,
      1.0125367120527373,
      1.082279063576675,
      1.082279063576675,
      1.082279063576675,
      1.082279063576675,
      1.082279063576675,
      1.082279063576675,
      1.082279063576675,
      1.082279063576675,
      1.082279063576675,
      1.082279063576675,
      1.082279063576675,
      1.082279063576675,
      1.082279063576675,
      1.082279063576675,
      1.082279063576675,
      1.082279063576675,
      1.082279063576675,
      1.082279063576675,
      1.082279063576675,
      1.082279063576675,
      1.082279063576675,
      1.082279063576675,
      1.082279063576675,
      1.082279063576675,
      1.082279063576675,
      1.082279063576675,
      1.082279063576675,
      1.082279063576675,
      1.082279063576675,
      1.082279063576675,
      1.082279063576675,
      1.082279063576675,
      1.082279063576675,
      1.082279063576675,
      1.082279063576675,
      1.082279063576675,
      1.082279063576675
    ]
  },
  "rank": {
    "rank_over_primes": {
      "1999993": 64,
      "1999997": 64,
      "1999999": 64
    },
    "rank_over_Q_estimate": 64,
    "pivot_digest_hex": "dbb93b25a61d5d2fcb55e42a5287dcd1854a35dd5ddbe2fbea688485a2e60b52",
    "transcripts": [
      "p=1999993 pivot c=0 r=0 pv=2048;p=1999993 pivot c=1 r=1 pv=1536;p=1999993 pivot c=2 r=2 pv=1334694;p=1999993 pivot c=3 r=3 pv=1280;p=1999993 pivot c=4 r=4 pv=801226;p=1999993 pivot c=5 r=5 pv=667859;p=1999993 pivot c=6 r=6 pv=1715450;p=1999993 pivot c=7 r=7 pv=1152;p=1999993 pivot c=8 r=8 pv=1112245;p=1999993 pivot c=9 r=9 pv=401125;p=1999993 pivot c=10 r=10 pv=1637475;p=1999993 pivot c=11 r=11 pv=1334438;p=1999993 pivot c=12 r=12 pv=308794;p=1999993 pivot c=13 r=13 pv=858237;p=1999993 pivot c=14 r=14 pv=267758;p=1999993 pivot c=15 r=15 pv=1088;p=1999993 pivot c=16 r=16 pv=1412844;p=1999993 pivot c=17 r=17 pv=1556631;p=1999993 pivot c=18 r=18 pv=948443;p=1999993 pivot c=19 r=19 pv=1201071;p=1999993 pivot c=20 r=20 pv=1905828;p=1999993 pivot c=21 r=21 pv=1819246;p=1999993 pivot c=22 r=22 pv=1392368;p=1999993 pivot c=23 r=23 pv=667731;p=1999993 pivot c=24 r=24 pv=561063;p=1999993 pivot c=25 r=25 pv=154909;p=1999993 pivot c=26 r=26 pv=371431;p=1999993 pivot c=27 r=27 pv=1429627;p=1999993 pivot c=28 r=28 pv=1173469;p=1999993 pivot c=29 r=29 pv=134391;p=1999993 pivot c=30 r=30 pv=1355891;p=1999993 pivot c=31 r=31 pv=1056;p=1999993 pivot c=32 r=32 pv=1213172;p=1999993 pivot c=33 r=33 pv=706934;p=1999993 pivot c=34 r=34 pv=1543905;p=1999993 pivot c=35 r=35 pv=1778824;p=1999993 pivot c=36 r=36 pv=271321;p=1999993 pivot c=37 r=37 pv=1474730;p=1999993 pivot c=38 r=38 pv=103614;p=1999993 pivot c=39 r=39 pv=1601044;p=1999993 pivot c=40 r=40 pv=927875;p=1999993 pivot c=41 r=41 pv=953426;p=1999993 pivot c=42 r=42 pv=419651;p=1999993 pivot c=43 r=43 pv=910135;p=1999993 pivot c=44 r=44 pv=1423264;p=1999993 pivot c=45 r=45 pv=696696;p=1999993 pivot c=46 r=46 pv=213811;p=1999993 pivot c=47 r=47 pv=1334374;p=1999993 pivot c=48 r=48 pv=245942;p=1999993 pivot c=49 r=49 pv=1281040;p=1999993 pivot c=50 r=50 pv=1138295;p=1999993 pivot c=51 r=51 pv=1077963;p=1999993 pivot c=52 r=52 pv=1510472;p=1999993 pivot c=53 r=53 pv=1186224;p=1999993 pivot c=54 r=54 pv=1528310;p=1999993 pivot c=55 r=55 pv=1715322;p=1999993 pivot c=56 r=56 pv=1650159;p=1999993 pivot c=57 r=57 pv=1587243;p=1999993 pivot c=58 r=58 pv=1390867;p=1999993 pivot c=59 r=59 pv=1067704;p=1999993 pivot c=60 r=60 pv=1542019;p=1999993 pivot c=61 r=61 pv=1678454;p=1999993 pivot c=62 r=62 pv=1302623;p=1999993 pivot c=63 r=63 pv=1040",
      "p=1999997 pivot c=0 r=0 pv=2048;p=1999997 pivot c=1 r=1 pv=1663262;p=1999997 pivot c=2 r=2 pv=1119637;p=1999997 pivot c=3 r=3 pv=266215;p=1999997 pivot c=4 r=4 pv=42664;p=1999997 pivot c=5 r=5 pv=944651;p=1999997 pivot c=6 r=6 pv=1596484;p=1999997 pivot c=7 r=7 pv=1772994;p=1999997 pivot c=8 r=8 pv=890273;p=1999997 pivot c=9 r=9 pv=243874;p=1999997 pivot c=10 r=10 pv=796128;p=1999997 pivot c=11 r=11 pv=1249107;p=1999997 pivot c=12 r=12 pv=997186;p=1999997 pivot c=13 r=13 pv=726645;p=1999997 pivot c=14 r=14 pv=191377;p=1999997 pivot c=15 r=15 pv=1887811;p=1999997 pivot c=16 r=16 pv=1701706;p=1999997 pivot c=17 r=17 pv=64818;p=1999997 pivot c=18 r=18 pv=1061140;p=1999997 pivot c=19 r=19 pv=870608;p=1999997 pivot c=20 r=20 pv=448884;p=1999997 pivot c=21 r=21 pv=263121;p=1999997 pivot c=22 r=22 pv=132876;p=1999997 pivot c=23 r=23 pv=1876240;p=1999997 pivot c=24 r=24 pv=1435744;p=1999997 pivot c=25 r=25 pv=881077;p=1999997 pivot c=26 r=26 pv=979212;p=1999997 pivot c=27 r=27 pv=486504;p=1999997 pivot c=28 r=28 pv=152617;p=1999997 pivot c=29 r=29 pv=1741169;p=1999997 pivot c=30 r=30 pv=1475910;p=1999997 pivot c=31 r=31 pv=1763228;p=1999997 pivot c=32 r=32 pv=612550;p=1999997 pivot c=33 r=33 pv=36413;p=1999997 pivot c=34 r=34 pv=319684;p=1999997 pivot c=35 r=35 pv=1495613;p=1999997 pivot c=36 r=36 pv=1625706;p=1999997 pivot c=37 r=37 pv=689044;p=1999997 pivot c=38 r=38 pv=1743582;p=1999997 pivot c=39 r=39 pv=1913366;p=1999997 pivot c=40 r=40 pv=61398;p=1999997 pivot c=41 r=41 pv=732155;p=1999997 pivot c=42 r=42 pv=1477525;p=1999997 pivot c=43 r=43 pv=1432115;p=1999997 pivot c=44 r=44 pv=448599;p=1999997 pivot c=45 r=45 pv=405602;p=1999997 pivot c=46 r=46 pv=1343157;p=1999997 pivot c=47 r=47 pv=475256;p=1999997 pivot c=48 r=48 pv=1866531;p=1999997 pivot c=49 r=49 pv=1202462;p=1999997 pivot c=50 r=50 pv=293103;p=1999997 pivot c=51 r=51 pv=1703777;p=1999997 pivot c=52 r=52 pv=1118292;p=1999997 pivot c=53 r=53 pv=1167464;p=1999997 pivot c=54 r=54 pv=787673;p=1999997 pivot c=55 r=55 pv=446851;p=1999997 pivot c=56 r=56 pv=732098;p=1999997 pivot c=57 r=57 pv=1516703;p=1999997 pivot c=58 r=58 pv=687790;p=1999997 pivot c=59 r=59 pv=920844;p=1999997 pivot c=60 r=60 pv=1950815;p=1999997 pivot c=61 r=61 pv=1438594;p=1999997 pivot c=62 r=62 pv=1890072;p=1999997 pivot c=63 r=63 pv=45058",
