ts	type	sha256	merkle_root	size_bytes	source	path	git_commit	git_status
2025-10-02T03:12:20-04:00	receipt	f691af296daa6e3376df177bb71c76ee199d19d144ac734b2ab5f0141053e628		537	git	.stage_23to29/.tau_ledger/coho_obstruction_v2.json	01b168b5847dab7e08708c8f741740c171778f0a	committed
2025-10-02T03:12:20-04:00	receipt	33f4a4e06b2898a6c6a159167ee82f5fc82abe7e2c31910c32bc814bf032a4f7		176	git	.stage_23to29/_verify/unzip/tau_crystal/analysis/normalized/L_tau.norm.json	01b168b5847dab7e08708c8f741740c171778f0a	committed
2025-10-02T03:12:20-04:00	receipt	ea394c1415b513087a8015228669de42d51ed2ebd675681ccc8380b14b670bc9		173	git	.stage_23to29/_verify/unzip/tau_crystal/analysis/normalized/ap.norm.json	01b168b5847dab7e08708c8f741740c171778f0a	committed
2025-10-02T03:12:20-04:00	receipt	abb7453b9c766a56157359888fec3121376b69248b9bbe1e24a73f5399f7fffd		180	git	.stage_23to29/_verify/unzip/tau_crystal/analysis/normalized/ap_stable.norm.json	01b168b5847dab7e08708c8f741740c171778f0a	committed
2025-10-02T03:12:20-04:00	receipt	cdc6af0a017286ac5207650b423ba749e4f663f04509d23d4d4da048a96c6b88		189	git	.stage_23to29/_verify/unzip/tau_crystal/analysis/normalized/combined_ap_satake.norm.json	01b168b5847dab7e08708c8f741740c171778f0a	committed
2025-10-02T03:12:20-04:00	receipt	c45f0930087f3ca471ca81f011b360861c0b3f6c5e37037a86d3d40299e85df4		196	git	.stage_23to29/_verify/unzip/tau_crystal/analysis/normalized/combined_ap_satake_stable.norm.json	01b168b5847dab7e08708c8f741740c171778f0a	committed
2025-10-02T03:12:20-04:00	receipt	67e61fcd3d168af42e13543061919bae8c204cf864713d8b823bb5ecf2f1cf38		178	git	.stage_23to29/_verify/unzip/tau_crystal/analysis/normalized/motives.norm.json	01b168b5847dab7e08708c8f741740c171778f0a	committed
2025-10-02T03:12:20-04:00	receipt	75d3b3b6db6e3783b0902414ec2a691ecbfbdbab0f30ccfa91a9c37a5bcd4415		175	git	.stage_23to29/_verify/unzip/tau_crystal/analysis/normalized/rank.norm.json	01b168b5847dab7e08708c8f741740c171778f0a	committed
2025-10-02T03:12:20-04:00	receipt	7306f16d752d7f2d5879f99fa6f8435399f0d6aaa736a9d9efa133e9c13bfcb5		177	git	.stage_23to29/_verify/unzip/tau_crystal/analysis/normalized/satake.norm.json	01b168b5847dab7e08708c8f741740c171778f0a	committed
2025-10-02T03:12:20-04:00	receipt	6382ef78f4387b8818dbf3f4164c632bd28406aff3d5cb58c42b6901b37f9e22		184	git	.stage_23to29/_verify/unzip/tau_crystal/analysis/normalized/satake_stable.norm.json	01b168b5847dab7e08708c8f741740c171778f0a	committed
2025-10-02T03:12:20-04:00	receipt	ee841c184911addefc9e6381d52cf161d37f2a89cd5ff12b64a471a267ab8fdc	b7d4a22f2f9c8f4092bfffd54b9ddd1574939c725f54644e8eb99e33dda748d3	156	git	.stage_23to29/analysis/capsules/auto-20250922T214829Z/.receipt.json	01b168b5847dab7e08708c8f741740c171778f0a	committed
2025-10-02T03:12:20-04:00	receipt	3545c8a20005d8161241bfc85992f79a60616b5821f3948a4310125755cd4ee4	cc5b674f8fac163d5b25ccff31d0e08f0d5c618e36dbbe26fb07675671e73d73	592	git	.stage_23to29/analysis/capsules/auto-20250922T214829Z/ap.json	01b168b5847dab7e08708c8f741740c171778f0a	committed
2025-10-02T03:12:20-04:00	receipt	0962b622b37fded95f9d239835f07eacc1f556c3bfb2d29a62a8f00ea66e27a4	ecf817815289060a4d4e86a5975da450c7b0f6d3adee82b289bb82fa8905b94d	156	git	.stage_23to29/analysis/capsules/auto-20250922T214829Z/capsule.receipt.json	01b168b5847dab7e08708c8f741740c171778f0a	committed
2025-10-02T03:12:20-04:00	receipt	0d9ffb177da31d8bfd6d59907df7eb421d62a6c13f3d4b25986b19e87d70a38d	11083d6ed31e71bc87d92b9486402e967dad22cdb03acf0729bc1020ecde8e1f	159281	git	.stage_23to29/analysis/capsules/auto-20250922T214829Z/confirm_double_zero_stable.json	01b168b5847dab7e08708c8f741740c171778f0a	committed
2025-10-02T03:12:20-04:00	receipt	986d3400fdfa8e4d747eb79ea91c0622cbeb74ce6877af40718016a78d807d75	83f3e5b58f3a3d3ef31539d40aaaac1b200298d7379df77d6895dab78280421f	537	git	.stage_23to29/analysis/capsules/auto-20250922T214829Z/double_zero.json	01b168b5847dab7e08708c8f741740c171778f0a	committed
2025-10-02T03:12:20-04:00	receipt	b97f7b3bd4f72894ce2a3491ad90474933e532b22ebf6b1c97ecef5a8185355d		726	git	.stage_23to29/analysis/capsules/auto-20250922T214829Z/manifest.json	01b168b5847dab7e08708c8f741740c171778f0a	committed
2025-10-02T03:12:20-04:00	receipt	b31ca808d9250953ba5ea5e0bd6db41794bb416d0bf7d4ae2d7d1a889d2f5e32		704	git	.stage_23to29/analysis/capsules/auto-20250922T214829Z/tanh_lineage.json	01b168b5847dab7e08708c8f741740c171778f0a	committed
2025-10-02T03:12:20-04:00	receipt	26b2a46487039f61124dd904602326064ce8c1e028af02bdef3aaa4a49bba826	3a7c3f6e379b8f5dd91a72f45e847538933f5b90d4676e15be6b6b031fb1a210	156	git	.stage_23to29/analysis/capsules/auto-20250922T215137Z/capsule.receipt.json	01b168b5847dab7e08708c8f741740c171778f0a	committed
2025-10-02T03:12:20-04:00	receipt	0d9ffb177da31d8bfd6d59907df7eb421d62a6c13f3d4b25986b19e87d70a38d	11083d6ed31e71bc87d92b9486402e967dad22cdb03acf0729bc1020ecde8e1f	159281	git	.stage_23to29/analysis/capsules/auto-20250922T215137Z/confirm_double_zero_stable.json	01b168b5847dab7e08708c8f741740c171778f0a	committed
2025-10-02T03:12:20-04:00	receipt	986d3400fdfa8e4d747eb79ea91c0622cbeb74ce6877af40718016a78d807d75	83f3e5b58f3a3d3ef31539d40aaaac1b200298d7379df77d6895dab78280421f	537	git	.stage_23to29/analysis/capsules/auto-20250922T215137Z/double_zero.json	01b168b5847dab7e08708c8f741740c171778f0a	committed
2025-10-02T03:12:20-04:00	receipt	3545c8a20005d8161241bfc85992f79a60616b5821f3948a4310125755cd4ee4	cc5b674f8fac163d5b25ccff31d0e08f0d5c618e36dbbe26fb07675671e73d73	592	git	.stage_23to29/analysis/capsules/auto-20250922T215137Z/ledger_ap.json	01b168b5847dab7e08708c8f741740c171778f0a	committed
2025-10-02T03:12:20-04:00	receipt	b31ca808d9250953ba5ea5e0bd6db41794bb416d0bf7d4ae2d7d1a889d2f5e32		704	git	.stage_23to29/analysis/capsules/auto-20250922T215137Z/tanh_lineage.json	01b168b5847dab7e08708c8f741740c171778f0a	committed
2025-10-02T03:12:20-04:00	receipt	7966864ca907c9e077dd06048a2a37feb0ab46959c0d3dbe75bfdf858cb0bacb	3e85a22af30ee1612ca35d533e7ece680ea2803e61cfec7f7bd6f9060bad4643	156	git	.stage_23to29/analysis/capsules/auto-20250922T220215Z.receipt.json	01b168b5847dab7e08708c8f741740c171778f0a	committed
2025-10-02T03:12:20-04:00	receipt	3545c8a20005d8161241bfc85992f79a60616b5821f3948a4310125755cd4ee4	cc5b674f8fac163d5b25ccff31d0e08f0d5c618e36dbbe26fb07675671e73d73	592	git	.stage_23to29/analysis/capsules/auto-20250922T220215Z/ap.json	01b168b5847dab7e08708c8f741740c171778f0a	committed
2025-10-02T03:12:20-04:00	receipt	363ded8e0a809542e930a8af3fdbb59dcf5b0f6d68b393a97fc628ef33b75548	3e85a22af30ee1612ca35d533e7ece680ea2803e61cfec7f7bd6f9060bad4643	156	git	.stage_23to29/analysis/capsules/auto-20250922T220215Z/capsule.receipt.json	01b168b5847dab7e08708c8f741740c171778f0a	committed
2025-10-02T03:12:20-04:00	receipt	0d9ffb177da31d8bfd6d59907df7eb421d62a6c13f3d4b25986b19e87d70a38d	11083d6ed31e71bc87d92b9486402e967dad22cdb03acf0729bc1020ecde8e1f	159281	git	.stage_23to29/analysis/capsules/auto-20250922T220215Z/confirm_double_zero_stable.json	01b168b5847dab7e08708c8f741740c171778f0a	committed
2025-10-02T03:12:20-04:00	receipt	986d3400fdfa8e4d747eb79ea91c0622cbeb74ce6877af40718016a78d807d75	83f3e5b58f3a3d3ef31539d40aaaac1b200298d7379df77d6895dab78280421f	537	git	.stage_23to29/analysis/capsules/auto-20250922T220215Z/double_zero.json	01b168b5847dab7e08708c8f741740c171778f0a	committed
2025-10-02T03:12:20-04:00	receipt	350fb4e1ac9acbd6887f3b67b69a2fed95b81e87db61712d4d74cf813b2d4af0		726	git	.stage_23to29/analysis/capsules/auto-20250922T220215Z/manifest.json	01b168b5847dab7e08708c8f741740c171778f0a	committed
2025-10-02T03:12:20-04:00	receipt	b31ca808d9250953ba5ea5e0bd6db41794bb416d0bf7d4ae2d7d1a889d2f5e32		704	git	.stage_23to29/analysis/capsules/auto-20250922T220215Z/tanh_lineage.json	01b168b5847dab7e08708c8f741740c171778f0a	committed
2025-10-02T03:12:20-04:00	receipt	5d425aa4929b3cad62559f092de0031b15c55581e384ba835c6ee3af04e8997a	6e6bb58bc82a0e7c54de4e1a6b53d3ae33215c8891cdc1fe7607957adc43f952	156	git	.stage_23to29/analysis/capsules/auto-20250922T220241Z/capsule.receipt.json	01b168b5847dab7e08708c8f741740c171778f0a	committed
2025-10-02T03:12:20-04:00	receipt	0d9ffb177da31d8bfd6d59907df7eb421d62a6c13f3d4b25986b19e87d70a38d	11083d6ed31e71bc87d92b9486402e967dad22cdb03acf0729bc1020ecde8e1f	159281	git	.stage_23to29/analysis/capsules/auto-20250922T220241Z/confirm_double_zero_stable.json	01b168b5847dab7e08708c8f741740c171778f0a	committed
2025-10-02T03:12:20-04:00	receipt	986d3400fdfa8e4d747eb79ea91c0622cbeb74ce6877af40718016a78d807d75	83f3e5b58f3a3d3ef31539d40aaaac1b200298d7379df77d6895dab78280421f	537	git	.stage_23to29/analysis/capsules/auto-20250922T220241Z/double_zero.json	01b168b5847dab7e08708c8f741740c171778f0a	committed
2025-10-02T03:12:20-04:00	receipt	3545c8a20005d8161241bfc85992f79a60616b5821f3948a4310125755cd4ee4	cc5b674f8fac163d5b25ccff31d0e08f0d5c618e36dbbe26fb07675671e73d73	592	git	.stage_23to29/analysis/capsules/auto-20250922T220241Z/ledger_ap.json	01b168b5847dab7e08708c8f741740c171778f0a	committed
2025-10-02T03:12:20-04:00	receipt	b31ca808d9250953ba5ea5e0bd6db41794bb416d0bf7d4ae2d7d1a889d2f5e32		704	git	.stage_23to29/analysis/capsules/auto-20250922T220241Z/tanh_lineage.json	01b168b5847dab7e08708c8f741740c171778f0a	committed
2025-10-02T03:12:20-04:00	receipt	8f706718de2fb40ca98fba81a5c5e1899718dd7f9a26b7f81722374403b083c8	05f2e980f977b186133321b62c7ca9b2d0a5bb3d2a3e01131f4d18438a1b037d	156	git	.stage_23to29/analysis/capsules/auto-20250922T222942Z/capsule.receipt.json	01b168b5847dab7e08708c8f741740c171778f0a	committed
2025-10-02T03:12:20-04:00	receipt	0d9ffb177da31d8bfd6d59907df7eb421d62a6c13f3d4b25986b19e87d70a38d	11083d6ed31e71bc87d92b9486402e967dad22cdb03acf0729bc1020ecde8e1f	159281	git	.stage_23to29/analysis/capsules/auto-20250922T222942Z/confirm_double_zero_stable.json	01b168b5847dab7e08708c8f741740c171778f0a	committed
2025-10-02T03:12:20-04:00	receipt	986d3400fdfa8e4d747eb79ea91c0622cbeb74ce6877af40718016a78d807d75	83f3e5b58f3a3d3ef31539d40aaaac1b200298d7379df77d6895dab78280421f	537	git	.stage_23to29/analysis/capsules/auto-20250922T222942Z/double_zero.json	01b168b5847dab7e08708c8f741740c171778f0a	committed
2025-10-02T03:12:20-04:00	receipt	3545c8a20005d8161241bfc85992f79a60616b5821f3948a4310125755cd4ee4	cc5b674f8fac163d5b25ccff31d0e08f0d5c618e36dbbe26fb07675671e73d73	592	git	.stage_23to29/analysis/capsules/auto-20250922T222942Z/ledger_ap.json	01b168b5847dab7e08708c8f741740c171778f0a	committed
2025-10-02T03:12:20-04:00	receipt	b31ca808d9250953ba5ea5e0bd6db41794bb416d0bf7d4ae2d7d1a889d2f5e32		704	git	.stage_23to29/analysis/capsules/auto-20250922T222942Z/tanh_lineage.json	01b168b5847dab7e08708c8f741740c171778f0a	committed
2025-10-02T03:12:20-04:00	receipt	27fef9605fa34452c0f7e9c2d2ec674178c760cf641cf670aad72097b6704e15	6d48389e17d32503e1ac15d33c9c95a573eb0adf58e4fed1da9c5529bb2a4cd8	156	git	.stage_23to29/analysis/capsules/auto-20250922T224731Z/capsule.receipt.json	01b168b5847dab7e08708c8f741740c171778f0a	committed
2025-10-02T03:12:20-04:00	receipt	0d9ffb177da31d8bfd6d59907df7eb421d62a6c13f3d4b25986b19e87d70a38d	11083d6ed31e71bc87d92b9486402e967dad22cdb03acf0729bc1020ecde8e1f	159281	git	.stage_23to29/analysis/capsules/auto-20250922T224731Z/confirm_double_zero_stable.json	01b168b5847dab7e08708c8f741740c171778f0a	committed
2025-10-02T03:12:20-04:00	receipt	986d3400fdfa8e4d747eb79ea91c0622cbeb74ce6877af40718016a78d807d75	83f3e5b58f3a3d3ef31539d40aaaac1b200298d7379df77d6895dab78280421f	537	git	.stage_23to29/analysis/capsules/auto-20250922T224731Z/double_zero.json	01b168b5847dab7e08708c8f741740c171778f0a	committed
2025-10-02T03:12:20-04:00	receipt	3545c8a20005d8161241bfc85992f79a60616b5821f3948a4310125755cd4ee4	cc5b674f8fac163d5b25ccff31d0e08f0d5c618e36dbbe26fb07675671e73d73	592	git	.stage_23to29/analysis/capsules/auto-20250922T224731Z/ledger_ap.json	01b168b5847dab7e08708c8f741740c171778f0a	committed
2025-10-02T03:12:20-04:00	receipt	b31ca808d9250953ba5ea5e0bd6db41794bb416d0bf7d4ae2d7d1a889d2f5e32		704	git	.stage_23to29/analysis/capsules/auto-20250922T224731Z/tanh_lineage.json	01b168b5847dab7e08708c8f741740c171778f0a	committed
2025-10-02T03:12:20-04:00	receipt	3f42219f9caae3df4092bccd2cfcfcf2cc6f7c881e558f4e99b7215722a3c0f1		209	git	.stage_23to29/analysis/capsules/auto-20250923T153800Z/capsule.receipt.json	01b168b5847dab7e08708c8f741740c171778f0a	committed
2025-10-02T03:12:20-04:00	receipt	7470c7a13811e0cd43debd229f09ad3a646544d1e8351cdebe04523d0e4a48a4		209	git	.stage_23to29/analysis/capsules/auto-20250923T154931Z/capsule.receipt.json	01b168b5847dab7e08708c8f741740c171778f0a	committed
2025-10-02T03:12:20-04:00	receipt	b31ca808d9250953ba5ea5e0bd6db41794bb416d0bf7d4ae2d7d1a889d2f5e32		704	git	.stage_23to29/analysis/dynamics/tanh_lineage.json	01b168b5847dab7e08708c8f741740c171778f0a	committed
2025-10-02T03:12:20-04:00	receipt	4b440734158fecf3aaef174b5c3f004edd5e1b88c3d7650b4d867621d7011cb6		443	git	.stage_23to29/analysis/morpho/certificates/cert_20250919T211453Z.json	01b168b5847dab7e08708c8f741740c171778f0a	committed
2025-10-02T03:12:20-04:00	receipt	49b4d365b46b29c7ad1a262f5d3826c2107f237eb139591ea9a767d22360b9c0		443	git	.stage_23to29/analysis/morpho/certificates/cert_20250919T211528Z.json	01b168b5847dab7e08708c8f741740c171778f0a	committed
2025-10-02T03:12:20-04:00	receipt	d6672e66662ef4776d01ed15ced827a4848f7fbb8310b748716defef1f9f09e1		443	git	.stage_23to29/analysis/morpho/certificates/cert_20250919T212149Z.json	01b168b5847dab7e08708c8f741740c171778f0a	committed
2025-10-02T03:12:20-04:00	receipt	995a87f35d0b502e3d49f14a399012274c811aaaeb5a728d8618a6a1b0399e8f		443	git	.stage_23to29/analysis/morpho/certificates/cert_20250919T212729Z.json	01b168b5847dab7e08708c8f741740c171778f0a	committed
2025-10-02T03:12:20-04:00	receipt	4e8b32cb94c480f69a4341df165806075d224b58c17fa9caaf0de54f530c0c77		443	git	.stage_23to29/analysis/morpho/certificates/cert_20250919T212955Z.json	01b168b5847dab7e08708c8f741740c171778f0a	committed
2025-10-02T03:12:20-04:00	receipt	fe4070d19d75d6ccb9a8510d7fab7fb3b7db12e2493d26f22c5793f45ee24404		443	git	.stage_23to29/analysis/morpho/certificates/cert_20250919T213155Z.json	01b168b5847dab7e08708c8f741740c171778f0a	committed
2025-10-02T03:12:20-04:00	receipt	49b4d365b46b29c7ad1a262f5d3826c2107f237eb139591ea9a767d22360b9c0		443	git	.stage_23to29/analysis/morpho/packs/run_20250919T211551Z_02e43a2b71/cert_20250919T211528Z.json	01b168b5847dab7e08708c8f741740c171778f0a	committed
2025-10-02T03:12:20-04:00	receipt	d6672e66662ef4776d01ed15ced827a4848f7fbb8310b748716defef1f9f09e1		443	git	.stage_23to29/analysis/morpho/packs/run_20250919T212153Z_02e43a2b71/cert_20250919T212149Z.json	01b168b5847dab7e08708c8f741740c171778f0a	committed
2025-10-02T03:12:20-04:00	receipt	4e8b32cb94c480f69a4341df165806075d224b58c17fa9caaf0de54f530c0c77		443	git	.stage_23to29/analysis/morpho/packs/run_20250919T212957Z_02e43a2b71/cert_20250919T212955Z.json	01b168b5847dab7e08708c8f741740c171778f0a	committed
2025-10-02T03:12:20-04:00	receipt	fe4070d19d75d6ccb9a8510d7fab7fb3b7db12e2493d26f22c5793f45ee24404		443	git	.stage_23to29/analysis/morpho/packs/run_20250919T213158Z_02e43a2b71/cert_20250919T213155Z.json	01b168b5847dab7e08708c8f741740c171778f0a	committed
2025-10-02T03:12:20-04:00	receipt	33f4a4e06b2898a6c6a159167ee82f5fc82abe7e2c31910c32bc814bf032a4f7		176	git	.stage_23to29/analysis/normalized/L_tau.norm.json	01b168b5847dab7e08708c8f741740c171778f0a	committed
2025-10-02T03:12:20-04:00	receipt	ea394c1415b513087a8015228669de42d51ed2ebd675681ccc8380b14b670bc9		173	git	.stage_23to29/analysis/normalized/ap.norm.json	01b168b5847dab7e08708c8f741740c171778f0a	committed
2025-10-02T03:12:20-04:00	receipt	abb7453b9c766a56157359888fec3121376b69248b9bbe1e24a73f5399f7fffd		180	git	.stage_23to29/analysis/normalized/ap_stable.norm.json	01b168b5847dab7e08708c8f741740c171778f0a	committed
2025-10-02T03:12:20-04:00	receipt	cdc6af0a017286ac5207650b423ba749e4f663f04509d23d4d4da048a96c6b88		189	git	.stage_23to29/analysis/normalized/combined_ap_satake.norm.json	01b168b5847dab7e08708c8f741740c171778f0a	committed
2025-10-02T03:12:20-04:00	receipt	c45f0930087f3ca471ca81f011b360861c0b3f6c5e37037a86d3d40299e85df4		196	git	.stage_23to29/analysis/normalized/combined_ap_satake_stable.norm.json	01b168b5847dab7e08708c8f741740c171778f0a	committed
2025-10-02T03:12:20-04:00	receipt	67e61fcd3d168af42e13543061919bae8c204cf864713d8b823bb5ecf2f1cf38		178	git	.stage_23to29/analysis/normalized/motives.norm.json	01b168b5847dab7e08708c8f741740c171778f0a	committed
2025-10-02T03:12:20-04:00	receipt	75d3b3b6db6e3783b0902414ec2a691ecbfbdbab0f30ccfa91a9c37a5bcd4415		175	git	.stage_23to29/analysis/normalized/rank.norm.json	01b168b5847dab7e08708c8f741740c171778f0a	committed
2025-10-02T03:12:20-04:00	receipt	7306f16d752d7f2d5879f99fa6f8435399f0d6aaa736a9d9efa133e9c13bfcb5		177	git	.stage_23to29/analysis/normalized/satake.norm.json	01b168b5847dab7e08708c8f741740c171778f0a	committed
2025-10-02T03:12:20-04:00	receipt	6382ef78f4387b8818dbf3f4164c632bd28406aff3d5cb58c42b6901b37f9e22		184	git	.stage_23to29/analysis/normalized/satake_stable.norm.json	01b168b5847dab7e08708c8f741740c171778f0a	committed
2025-10-02T03:12:20-04:00	receipt	992e765a10a1bf30185f91428027ed867d2cdfd0fd486fa6fc2baac6dad12d4f		305	git	.tau_ledger/corridor_status.json	01b168b5847dab7e08708c8f741740c171778f0a	committed
2025-10-02T03:12:20-04:00	receipt	ee841c184911addefc9e6381d52cf161d37f2a89cd5ff12b64a471a267ab8fdc	b7d4a22f2f9c8f4092bfffd54b9ddd1574939c725f54644e8eb99e33dda748d3	156	git	analysis/capsules/auto-20250922T214829Z/.receipt.json	01b168b5847dab7e08708c8f741740c171778f0a	committed
2025-10-02T03:12:20-04:00	receipt	3545c8a20005d8161241bfc85992f79a60616b5821f3948a4310125755cd4ee4	cc5b674f8fac163d5b25ccff31d0e08f0d5c618e36dbbe26fb07675671e73d73	592	git	analysis/capsules/auto-20250922T214829Z/ap.json	01b168b5847dab7e08708c8f741740c171778f0a	committed
2025-10-02T03:12:20-04:00	receipt	0962b622b37fded95f9d239835f07eacc1f556c3bfb2d29a62a8f00ea66e27a4	ecf817815289060a4d4e86a5975da450c7b0f6d3adee82b289bb82fa8905b94d	156	git	analysis/capsules/auto-20250922T214829Z/capsule.receipt.json	01b168b5847dab7e08708c8f741740c171778f0a	committed
2025-10-02T03:12:20-04:00	receipt	0d9ffb177da31d8bfd6d59907df7eb421d62a6c13f3d4b25986b19e87d70a38d	11083d6ed31e71bc87d92b9486402e967dad22cdb03acf0729bc1020ecde8e1f	159281	git	analysis/capsules/auto-20250922T214829Z/confirm_double_zero_stable.json	01b168b5847dab7e08708c8f741740c171778f0a	committed
2025-10-02T03:12:20-04:00	receipt	986d3400fdfa8e4d747eb79ea91c0622cbeb74ce6877af40718016a78d807d75	83f3e5b58f3a3d3ef31539d40aaaac1b200298d7379df77d6895dab78280421f	537	git	analysis/capsules/auto-20250922T214829Z/double_zero.json	01b168b5847dab7e08708c8f741740c171778f0a	committed
2025-10-02T03:12:20-04:00	receipt	b97f7b3bd4f72894ce2a3491ad90474933e532b22ebf6b1c97ecef5a8185355d		726	git	analysis/capsules/auto-20250922T214829Z/manifest.json	01b168b5847dab7e08708c8f741740c171778f0a	committed
2025-10-02T03:12:20-04:00	receipt	b31ca808d9250953ba5ea5e0bd6db41794bb416d0bf7d4ae2d7d1a889d2f5e32		704	git	analysis/capsules/auto-20250922T214829Z/tanh_lineage.json	01b168b5847dab7e08708c8f741740c171778f0a	committed
2025-10-02T03:12:20-04:00	receipt	26b2a46487039f61124dd904602326064ce8c1e028af02bdef3aaa4a49bba826	3a7c3f6e379b8f5dd91a72f45e847538933f5b90d4676e15be6b6b031fb1a210	156	git	analysis/capsules/auto-20250922T215137Z/capsule.receipt.json	01b168b5847dab7e08708c8f741740c171778f0a	committed
2025-10-02T03:12:20-04:00	receipt	0d9ffb177da31d8bfd6d59907df7eb421d62a6c13f3d4b25986b19e87d70a38d	11083d6ed31e71bc87d92b9486402e967dad22cdb03acf0729bc1020ecde8e1f	159281	git	analysis/capsules/auto-20250922T215137Z/confirm_double_zero_stable.json	01b168b5847dab7e08708c8f741740c171778f0a	committed
2025-10-02T03:12:20-04:00	receipt	986d3400fdfa8e4d747eb79ea91c0622cbeb74ce6877af40718016a78d807d75	83f3e5b58f3a3d3ef31539d40aaaac1b200298d7379df77d6895dab78280421f	537	git	analysis/capsules/auto-20250922T215137Z/double_zero.json	01b168b5847dab7e08708c8f741740c171778f0a	committed
2025-10-02T03:12:20-04:00	receipt	3545c8a20005d8161241bfc85992f79a60616b5821f3948a4310125755cd4ee4	cc5b674f8fac163d5b25ccff31d0e08f0d5c618e36dbbe26fb07675671e73d73	592	git	analysis/capsules/auto-20250922T215137Z/ledger_ap.json	01b168b5847dab7e08708c8f741740c171778f0a	committed
2025-10-02T03:12:20-04:00	receipt	b31ca808d9250953ba5ea5e0bd6db41794bb416d0bf7d4ae2d7d1a889d2f5e32		704	git	analysis/capsules/auto-20250922T215137Z/tanh_lineage.json	01b168b5847dab7e08708c8f741740c171778f0a	committed
2025-10-02T03:12:20-04:00	receipt	7966864ca907c9e077dd06048a2a37feb0ab46959c0d3dbe75bfdf858cb0bacb	3e85a22af30ee1612ca35d533e7ece680ea2803e61cfec7f7bd6f9060bad4643	156	git	analysis/capsules/auto-20250922T220215Z.receipt.json	01b168b5847dab7e08708c8f741740c171778f0a	committed
2025-10-02T03:12:20-04:00	receipt	3545c8a20005d8161241bfc85992f79a60616b5821f3948a4310125755cd4ee4	cc5b674f8fac163d5b25ccff31d0e08f0d5c618e36dbbe26fb07675671e73d73	592	git	analysis/capsules/auto-20250922T220215Z/ap.json	01b168b5847dab7e08708c8f741740c171778f0a	committed
2025-10-02T03:12:20-04:00	receipt	363ded8e0a809542e930a8af3fdbb59dcf5b0f6d68b393a97fc628ef33b75548	3e85a22af30ee1612ca35d533e7ece680ea2803e61cfec7f7bd6f9060bad4643	156	git	analysis/capsules/auto-20250922T220215Z/capsule.receipt.json	01b168b5847dab7e08708c8f741740c171778f0a	committed
2025-10-02T03:12:20-04:00	receipt	0d9ffb177da31d8bfd6d59907df7eb421d62a6c13f3d4b25986b19e87d70a38d	11083d6ed31e71bc87d92b9486402e967dad22cdb03acf0729bc1020ecde8e1f	159281	git	analysis/capsules/auto-20250922T220215Z/confirm_double_zero_stable.json	01b168b5847dab7e08708c8f741740c171778f0a	committed
2025-10-02T03:12:20-04:00	receipt	986d3400fdfa8e4d747eb79ea91c0622cbeb74ce6877af40718016a78d807d75	83f3e5b58f3a3d3ef31539d40aaaac1b200298d7379df77d6895dab78280421f	537	git	analysis/capsules/auto-20250922T220215Z/double_zero.json	01b168b5847dab7e08708c8f741740c171778f0a	committed
2025-10-02T03:12:20-04:00	receipt	350fb4e1ac9acbd6887f3b67b69a2fed95b81e87db61712d4d74cf813b2d4af0		726	git	analysis/capsules/auto-20250922T220215Z/manifest.json	01b168b5847dab7e08708c8f741740c171778f0a	committed
2025-10-02T03:12:20-04:00	receipt	b31ca808d9250953ba5ea5e0bd6db41794bb416d0bf7d4ae2d7d1a889d2f5e32		704	git	analysis/capsules/auto-20250922T220215Z/tanh_lineage.json	01b168b5847dab7e08708c8f741740c171778f0a	committed
2025-10-02T03:12:20-04:00	receipt	5d425aa4929b3cad62559f092de0031b15c55581e384ba835c6ee3af04e8997a	6e6bb58bc82a0e7c54de4e1a6b53d3ae33215c8891cdc1fe7607957adc43f952	156	git	analysis/capsules/auto-20250922T220241Z/capsule.receipt.json	01b168b5847dab7e08708c8f741740c171778f0a	committed
2025-10-02T03:12:20-04:00	receipt	0d9ffb177da31d8bfd6d59907df7eb421d62a6c13f3d4b25986b19e87d70a38d	11083d6ed31e71bc87d92b9486402e967dad22cdb03acf0729bc1020ecde8e1f	159281	git	analysis/capsules/auto-20250922T220241Z/confirm_double_zero_stable.json	01b168b5847dab7e08708c8f741740c171778f0a	committed
2025-10-02T03:12:20-04:00	receipt	986d3400fdfa8e4d747eb79ea91c0622cbeb74ce6877af40718016a78d807d75	83f3e5b58f3a3d3ef31539d40aaaac1b200298d7379df77d6895dab78280421f	537	git	analysis/capsules/auto-20250922T220241Z/double_zero.json	01b168b5847dab7e08708c8f741740c171778f0a	committed
2025-10-02T03:12:20-04:00	receipt	3545c8a20005d8161241bfc85992f79a60616b5821f3948a4310125755cd4ee4	cc5b674f8fac163d5b25ccff31d0e08f0d5c618e36dbbe26fb07675671e73d73	592	git	analysis/capsules/auto-20250922T220241Z/ledger_ap.json	01b168b5847dab7e08708c8f741740c171778f0a	committed
2025-10-02T03:12:20-04:00	receipt	b31ca808d9250953ba5ea5e0bd6db41794bb416d0bf7d4ae2d7d1a889d2f5e32		704	git	analysis/capsules/auto-20250922T220241Z/tanh_lineage.json	01b168b5847dab7e08708c8f741740c171778f0a	committed
2025-10-02T03:12:20-04:00	receipt	8f706718de2fb40ca98fba81a5c5e1899718dd7f9a26b7f81722374403b083c8	05f2e980f977b186133321b62c7ca9b2d0a5bb3d2a3e01131f4d18438a1b037d	156	git	analysis/capsules/auto-20250922T222942Z/capsule.receipt.json	01b168b5847dab7e08708c8f741740c171778f0a	committed
2025-10-02T03:12:20-04:00	receipt	0d9ffb177da31d8bfd6d59907df7eb421d62a6c13f3d4b25986b19e87d70a38d	11083d6ed31e71bc87d92b9486402e967dad22cdb03acf0729bc1020ecde8e1f	159281	git	analysis/capsules/auto-20250922T222942Z/confirm_double_zero_stable.json	01b168b5847dab7e08708c8f741740c171778f0a	committed
2025-10-02T03:12:20-04:00	receipt	986d3400fdfa8e4d747eb79ea91c0622cbeb74ce6877af40718016a78d807d75	83f3e5b58f3a3d3ef31539d40aaaac1b200298d7379df77d6895dab78280421f	537	git	analysis/capsules/auto-20250922T222942Z/double_zero.json	01b168b5847dab7e08708c8f741740c171778f0a	committed
2025-10-02T03:12:20-04:00	receipt	3545c8a20005d8161241bfc85992f79a60616b5821f3948a4310125755cd4ee4	cc5b674f8fac163d5b25ccff31d0e08f0d5c618e36dbbe26fb07675671e73d73	592	git	analysis/capsules/auto-20250922T222942Z/ledger_ap.json	01b168b5847dab7e08708c8f741740c171778f0a	committed
2025-10-02T03:12:20-04:00	receipt	b31ca808d9250953ba5ea5e0bd6db41794bb416d0bf7d4ae2d7d1a889d2f5e32		704	git	analysis/capsules/auto-20250922T222942Z/tanh_lineage.json	01b168b5847dab7e08708c8f741740c171778f0a	committed
2025-10-02T03:12:20-04:00	receipt	27fef9605fa34452c0f7e9c2d2ec674178c760cf641cf670aad72097b6704e15	6d48389e17d32503e1ac15d33c9c95a573eb0adf58e4fed1da9c5529bb2a4cd8	156	git	analysis/capsules/auto-20250922T224731Z/capsule.receipt.json	01b168b5847dab7e08708c8f741740c171778f0a	committed
2025-10-02T03:12:20-04:00	receipt	0d9ffb177da31d8bfd6d59907df7eb421d62a6c13f3d4b25986b19e87d70a38d	11083d6ed31e71bc87d92b9486402e967dad22cdb03acf0729bc1020ecde8e1f	159281	git	analysis/capsules/auto-20250922T224731Z/confirm_double_zero_stable.json	01b168b5847dab7e08708c8f741740c171778f0a	committed
2025-10-02T03:12:20-04:00	receipt	986d3400fdfa8e4d747eb79ea91c0622cbeb74ce6877af40718016a78d807d75	83f3e5b58f3a3d3ef31539d40aaaac1b200298d7379df77d6895dab78280421f	537	git	analysis/capsules/auto-20250922T224731Z/double_zero.json	01b168b5847dab7e08708c8f741740c171778f0a	committed
2025-10-02T03:12:20-04:00	receipt	3545c8a20005d8161241bfc85992f79a60616b5821f3948a4310125755cd4ee4	cc5b674f8fac163d5b25ccff31d0e08f0d5c618e36dbbe26fb07675671e73d73	592	git	analysis/capsules/auto-20250922T224731Z/ledger_ap.json	01b168b5847dab7e08708c8f741740c171778f0a	committed
2025-10-02T03:12:20-04:00	receipt	b31ca808d9250953ba5ea5e0bd6db41794bb416d0bf7d4ae2d7d1a889d2f5e32		704	git	analysis/capsules/auto-20250922T224731Z/tanh_lineage.json	01b168b5847dab7e08708c8f741740c171778f0a	committed
2025-10-02T03:12:20-04:00	receipt	3f42219f9caae3df4092bccd2cfcfcf2cc6f7c881e558f4e99b7215722a3c0f1		209	git	analysis/capsules/auto-20250923T153800Z/capsule.receipt.json	01b168b5847dab7e08708c8f741740c171778f0a	committed
2025-10-02T03:12:20-04:00	receipt	7470c7a13811e0cd43debd229f09ad3a646544d1e8351cdebe04523d0e4a48a4		209	git	analysis/capsules/auto-20250923T154931Z/capsule.receipt.json	01b168b5847dab7e08708c8f741740c171778f0a	committed
2025-09-19T16:28:33-04:00	receipt	b1e38782903b7254d7d9b301d696336259cdd8783550e68e92c42852d76e8574		443	git	.tau_ledger/geom/anchor_20250919202754_d082d40c298d662a4da7619f5808454876f9e16db5fdd2c3d4bd70ffcec65eac.json	02e43a2b71e49f2ad1c43c723259564e59193c85	committed
2025-09-19T16:28:33-04:00	receipt	da99c7a25568a2a5116b0fe88c6859a9effd887ee6d86ee23854094e4a5d95e6		439	git	.tau_ledger/geom/verify_20250919202755_8a4171ece9891b25901d293d902994676ab4e773d4ca7b529c64205e5286738c.json	02e43a2b71e49f2ad1c43c723259564e59193c85	committed
2025-09-14T10:42:12-04:00	receipt	7dfa6ff4b76ab205be740edd4a840a623b0409200f63473244a97f05b54b9d8e	deadbeef	323	git	.tau_ledger/holo/holov1-20250914T144201Z.json	04ed4fe4a7c2c1e50decd43aa58c23e870c326ef	committed
2025-09-15T07:33:56-04:00	receipt	8623c967d4578dcfec150ea10afbffb3f2a5875ff29464604447bc386d9fb093	cc5b674f8fac163d5b25ccff31d0e08f0d5c618e36dbbe26fb07675671e73d73	592	git	.tau_ledger/langlands/ap.json	07ba935809ddb9ee16dff55966e9c75a5bf98b45	committed
2025-09-15T07:33:56-04:00	receipt	319535d36c0e8e97fb7c5617a944b2c3958487ec421cf691cf94c895c0ec6d26	1b483f1c954f5ec085019bfb8549efc61a4bc0401e391b978f0a9a6fdfb44ce1	1680	git	.tau_ledger/langlands/combined_ap_satake.json	07ba935809ddb9ee16dff55966e9c75a5bf98b45	committed
2025-09-15T07:33:56-04:00	receipt	e1c3689677db192dabd74b4222be92df0ef464e87f535f343de932977b938add	8647911eafd42e7d56a92697be10ce5ebd9ee31db8c4eba85e5e3db3f307a2d3	1226	git	.tau_ledger/langlands/satake.json	07ba935809ddb9ee16dff55966e9c75a5bf98b45	committed
2025-09-20T11:32:22-04:00	receipt	22eb6510435c19503153e82d9af40b539f19121468b2ac633b31c283f81aa7e4		537	git	.tau_ledger/coho_obstruction_v2.json	0dd0f54a898121978520e4536a8be19ea85fd304	committed
2025-09-15T06:43:34-04:00	receipt	6e979dc390a8806a581cf6134b2b8bff8b7e536c6c7b6ebf848e7336d5d767ea		1493	git	docs/schemas/experimental_fft_bootstrap.json	0e548705d28f43b47015ab11498a21b331dd211a	committed
2025-09-14T10:44:29-04:00	receipt	3f01f889bcb600d688ac85f7baf090437046ef15264db97644f696d68c46a88a	deadbeef	323	git	.tau_ledger/holo/holov1-20250914T144418Z.json	0e74abc7e7544b606e2628ebfd6ae30216c0d49e	committed
2025-09-14T11:07:07-04:00	receipt	f46bbe1bc52d50ec46ebebb36b3e17ae55c0b1a0bfbcea78849306e99525a02d	deadbeef	323	git	.tau_ledger/holo/holov1-20250914T150653Z.json	0fb7d307d53cbce8df2ff21727538127f9bab116	committed
2025-10-07T17:44:57-04:00	receipt	460742146f62b8e8382dfe5ff87a8124494aee6f4a573c253f9ca58ea9074f51	10d05315b932da1c4fb98943f016c5a57fe5f166f7f8d435cd620f9fac712eac	1511	git	tsv/elliptic_pass2_receipt.json	107d0a331f8e71b0baa1be03320decadbecb04cd	committed
2025-09-15T17:41:43-04:00	receipt	67ff6f996613b913dc677188256e9fea4d02a53d414858158a8007bf571780f4		1111	git	.tau_ledger/receipts/receipt_2025-09-15T21-41-37Z_c6390eb.json	10c4c57ead70d7f587f7d21b4643a80cec3be5a0	committed
2025-09-15T17:41:43-04:00	receipt	d65e3e46a657caae3634d9477d67134dc719187087181973709951788d3d6ad2		1111	git	.tau_ledger/receipts/receipt_c6390eb9c5a1.json	10c4c57ead70d7f587f7d21b4643a80cec3be5a0	committed
2025-09-15T06:56:02-04:00	receipt	1f216c360c75016d0a96f5b8f626953fcfa3730b383615865066027ebb931f4c	b0e29df6ca1127409306029d1840a1897f61c387a6573b6f262a1191f426956a	488	git	.tau_ledger/experimental/bootstrap_mu.json	135a181be8101a8df40bfe07545a268d9b89ab43	committed
2025-09-15T06:56:02-04:00	receipt	8d9912274084e59825ab2bc921f212b33ee1571977307c000f9575463a730395	cdf5f02c80dc52ccf6b7d2df607b2d1102d75f74cac2ae1899e5f7351d02f813	486	git	.tau_ledger/experimental/fft_bsd.json	135a181be8101a8df40bfe07545a268d9b89ab43	committed
2025-09-06T16:16:24-04:00	receipt	8d4ea5c8835786b4300d0b99e41e8dbb307847013bd160defb1b9ac7f2f9a215	273ec6dff68ae8a0be02f1ae0673de7aa8738c99c52dea9f5b641cc5a17e4b10	312	git	dist/tau-crystal-demo/.tau_ledger/20250906T071538Z-e5e709a-local.json	13ee113d0595598f9dec8c7dd69b900236f72e40	committed
2025-09-06T16:16:24-04:00	receipt	8b7f4337ec57248c23539db281d426a033754a99db50de9a25b6ef5efb98525e	b4872178f2bcfae2d6a9f0138f67b82177cfda154c74f1140a5fe88a41a5f3c1	369	git	dist/tau-crystal-demo/.tau_ledger/20250906T071540Z-e5e709a-local.json	13ee113d0595598f9dec8c7dd69b900236f72e40	committed
2025-09-06T16:16:24-04:00	receipt	636dbc2d4f574a254f86a0420ad35d1810583b0fd362531418ce9904da5720b0	b4872178f2bcfae2d6a9f0138f67b82177cfda154c74f1140a5fe88a41a5f3c1	369	git	dist/tau-crystal-demo/.tau_ledger/20250906T071542Z-e5e709a-local.json	13ee113d0595598f9dec8c7dd69b900236f72e40	committed
2025-09-06T16:16:24-04:00	receipt	62e810fc2a059505277a9a942f48bcf7a1ade415d1bcd3ed87fa55e220db2ad4	5696ba2eeffc7c71edaba88960a7cb0ed13433797473cd9a130d12c8b66e46ea	369	git	dist/tau-crystal-demo/.tau_ledger/20250906T071551Z-2b4efa5-local.json	13ee113d0595598f9dec8c7dd69b900236f72e40	committed
2025-09-06T16:16:24-04:00	receipt	28fe7f0a164acab7de3482b7b83e95149f7a716e4a311ada5ea085697b06ee7c	8560d643d68cd5b086fe37f7379763bdd047be2e54f58d165d938bceaae239f3	369	git	dist/tau-crystal-demo/.tau_ledger/20250906T071708Z-2b4efa5-local.json	13ee113d0595598f9dec8c7dd69b900236f72e40	committed
2025-09-06T02:24:34-04:00	receipt	e3730787ce9cc47790e480fe90ccfed298237a24080997d8c08933eda03a9cb2	sha256:86b9275b33cfe1276db843cf65166ea66cbe087ea82b28333495400ab6deac7d	1005	git	manifests/86b9275b33cfe1276db843cf65166ea66cbe087ea82b28333495400ab6deac7d.json	16a4cc5a4de973d78adf308301af9a349922ec47	committed
2025-09-06T02:24:34-04:00	receipt	8f20fcc9fdf45730ae22b5ed63df6aa8528d12e320e51ca548ec16a4fa7367c4	sha256:3959dd3e8636da607afb4ae6a616b165a206a5a9874be9f35200e7a7571102c4	1061	git	rescue/20250906-011842/manifests/3959dd3e8636da607afb4ae6a616b165a206a5a9874be9f35200e7a7571102c4.json	16a4cc5a4de973d78adf308301af9a349922ec47	committed
2025-09-06T02:24:34-04:00	receipt	fe8788dbdfbd0f1d7ac71f3fcd749f82555dc51d53ce1ff42b2a84289253bfea	sha256:3e785e363760c424edd6282b7525365883061dc487f687beb32f6c96edf2f5c2	1071	git	rescue/20250906-011842/manifests/3e785e363760c424edd6282b7525365883061dc487f687beb32f6c96edf2f5c2.json	16a4cc5a4de973d78adf308301af9a349922ec47	committed
2025-09-06T02:24:34-04:00	receipt	aaf8d7f9906b8efe65504db5d1533ebfe6e3ab7c4ff4a99da8afa349c8105ed0	sha256:4da10902a9a139498bd23290d2b3ef0853188a8bab4cd9df0537a0f2a74f7e91	996	git	rescue/20250906-011842/manifests/4da10902a9a139498bd23290d2b3ef0853188a8bab4cd9df0537a0f2a74f7e91.json	16a4cc5a4de973d78adf308301af9a349922ec47	committed
2025-09-06T02:24:34-04:00	receipt	61de5b59c42b6520c60ec4fa449c53df1f12310877133525a3eeed6000b9d08b	sha256:6fcecff5c1054733d0d6fe7403d35049237a8eb21d364df12daac9980488df44	796	git	rescue/20250906-011842/manifests/6fcecff5c1054733d0d6fe7403d35049237a8eb21d364df12daac9980488df44.json	16a4cc5a4de973d78adf308301af9a349922ec47	committed
2025-09-06T02:24:34-04:00	receipt	47e8dfba6d6178c85c2c9fb78da016912d179eb1f4c321f9b59a5d1dc5f197e4	sha256:9626f2865d96e8e65755e236a6a5d52e3438570822f575d0df60cb453ca1f731	1054	git	rescue/20250906-011842/manifests/9626f2865d96e8e65755e236a6a5d52e3438570822f575d0df60cb453ca1f731.json	16a4cc5a4de973d78adf308301af9a349922ec47	committed
2025-09-06T02:24:34-04:00	receipt	2af4db6e4c42cacd5c3a1df2c9053026f39881c15bfcb9d8d0d071b741421711	sha256:a16d83c982128ca003f0a73ff62c254060d4301cfe1e47e7f5444a95ef283d9c	1074	git	rescue/20250906-011842/manifests/a16d83c982128ca003f0a73ff62c254060d4301cfe1e47e7f5444a95ef283d9c.json	16a4cc5a4de973d78adf308301af9a349922ec47	committed
2025-09-06T02:24:34-04:00	receipt	0fe08c941d8061baf940547682b22f68e1d0b58931b0b8b32e7ee0e206bb4137	sha256:c1eed52958abd56e858c4e7a312b38eb866c3aeb13786a8517e3169f972ee409	1055	git	rescue/20250906-011842/manifests/c1eed52958abd56e858c4e7a312b38eb866c3aeb13786a8517e3169f972ee409.json	16a4cc5a4de973d78adf308301af9a349922ec47	committed
2025-09-06T02:24:34-04:00	receipt	4a39a283f691745430f63ed8b96df441962ab2a092b189b2832fcce60f73af2f	sha256:c477eede5f470ab0fc5781c39e6e324b0f88c757a7c7e98b110e67c357a8ed37	1039	git	rescue/20250906-011842/manifests/c477eede5f470ab0fc5781c39e6e324b0f88c757a7c7e98b110e67c357a8ed37.json	16a4cc5a4de973d78adf308301af9a349922ec47	committed
2025-09-06T02:24:34-04:00	receipt	bae6c9a1ace286b66840da1b566e3301288d3e49c305340e7420277fb353d9b6	sha256:cb90b38c950baf824d1d96a2d4b8b92a072e89aee21596aefcf3ba67f0873899	1059	git	rescue/20250906-011842/manifests/cb90b38c950baf824d1d96a2d4b8b92a072e89aee21596aefcf3ba67f0873899.json	16a4cc5a4de973d78adf308301af9a349922ec47	committed
2025-09-06T02:24:34-04:00	receipt	ef6edbbe6af044feb5cf8d7cbc279b8887327d22873baa1fc8716d8eb08a62bc	sha256:d4402f3f84d648f6f7d73c3dc6dc1f3a7089acc03296f709f978298da31b160f	917	git	rescue/20250906-011842/manifests/d4402f3f84d648f6f7d73c3dc6dc1f3a7089acc03296f709f978298da31b160f.json	16a4cc5a4de973d78adf308301af9a349922ec47	committed
2025-09-19T13:20:22-04:00	receipt	17093f5c0b47b8c5fe45ed42fa2ee2a3b5fbced9c56a4b81000defa5af865d35		443	git	.tau_ledger/geom/anchor_20250919170524_3df490a1c12368fb2702561fb2212427cb682a5a45949310653692ad422c2c82.json	1a371471d2b1b81cf87e1eaa362127223ea7b3b4	committed
2025-09-19T13:20:22-04:00	receipt	9cd470341c73a9fc40e953887a0f78a7310b37672b1e1997d17c1f5e4b75c5fa		443	git	.tau_ledger/geom/anchor_20250919170730_3697a98ffc46ea262a3f7c31a03c2e30e45a906f41d2a40064d569f9747193bd.json	1a371471d2b1b81cf87e1eaa362127223ea7b3b4	committed
2025-09-19T13:20:22-04:00	receipt	c5ca5bc690bcd97a81f02051df0bea626cae4d53a0f933be0d4c903148e4ecd8		443	git	.tau_ledger/geom/anchor_20250919171922_453ff991567aaec3fc01de8c073c2a150379100fd9af71a86829e29e307fddda.json	1a371471d2b1b81cf87e1eaa362127223ea7b3b4	committed
2025-09-19T13:20:22-04:00	receipt	5580a795e17cc40081244145103c71334ea0abf40a2a7b9f2ac9109cc23b90bc		439	git	.tau_ledger/geom/verify_20250919170731_6358ccf863dc4040d3fd345759dd364af6ebd2d8068cf04602dcd0d26cb59f95.json	1a371471d2b1b81cf87e1eaa362127223ea7b3b4	committed
2025-09-19T13:20:22-04:00	receipt	98764c578a726e4ec9851c88ad79316774d44b793ce04fdd6ae908ef65c2c518		439	git	.tau_ledger/geom/verify_20250919171923_9570377ef23b95d2b9db1839bb6324aafe6d5f9e01101d88d480c30d212ceab7.json	1a371471d2b1b81cf87e1eaa362127223ea7b3b4	committed
2025-09-15T17:56:50-04:00	receipt	42826e4ae19007c4976b19e054543f388342ad584fead3a5f517464eb1b7292f		1111	git	.tau_ledger/receipts/receipt_2025-09-15T21-47-33Z_f726ea2.json	1b0beafd6e5ba584e11aef20c27a0d668000c90f	committed
2025-09-15T17:56:50-04:00	receipt	c36ddcd8e8edfddd04852046c9d550012893337a1b86ef7cd7cbc84327ea5976		1111	git	.tau_ledger/receipts/receipt_2025-09-15T21-51-17Z_f726ea2.json	1b0beafd6e5ba584e11aef20c27a0d668000c90f	committed
2025-09-06T12:38:39-04:00	receipt	8e97e9a71470c1c2659bbf7263f108afac20b4def1a9be2cc3c7f1637a016ead	1c11d3ecac0beac2b80fd546e112ba7be7abe2781372665db91684f63270928f	1274	git	tau-crystal-manifest.json	1b2da71b9b89b9ddf3cef990c5456cec0ce27770	committed
2025-09-15T17:56:50-04:00	receipt	42826e4ae19007c4976b19e054543f388342ad584fead3a5f517464eb1b7292f		1111	git	.tau_ledger/receipts/receipt_2025-09-15T21-47-33Z_f726ea2.json	1c6c107076692be5b9177f84bf18ca5da5246fac	committed
2025-09-15T17:56:50-04:00	receipt	c36ddcd8e8edfddd04852046c9d550012893337a1b86ef7cd7cbc84327ea5976		1111	git	.tau_ledger/receipts/receipt_2025-09-15T21-51-17Z_f726ea2.json	1c6c107076692be5b9177f84bf18ca5da5246fac	committed
2025-09-15T13:11:54-04:00	receipt	33f4a4e06b2898a6c6a159167ee82f5fc82abe7e2c31910c32bc814bf032a4f7		176	git	analysis/normalized/L_tau.norm.json	1cf1505a9adcc4f321a6116b085b517625865960	committed
2025-09-15T13:11:54-04:00	receipt	ea394c1415b513087a8015228669de42d51ed2ebd675681ccc8380b14b670bc9		173	git	analysis/normalized/ap.norm.json	1cf1505a9adcc4f321a6116b085b517625865960	committed
2025-09-15T13:11:54-04:00	receipt	abb7453b9c766a56157359888fec3121376b69248b9bbe1e24a73f5399f7fffd		180	git	analysis/normalized/ap_stable.norm.json	1cf1505a9adcc4f321a6116b085b517625865960	committed
2025-09-15T13:11:54-04:00	receipt	cdc6af0a017286ac5207650b423ba749e4f663f04509d23d4d4da048a96c6b88		189	git	analysis/normalized/combined_ap_satake.norm.json	1cf1505a9adcc4f321a6116b085b517625865960	committed
2025-09-15T13:11:54-04:00	receipt	c45f0930087f3ca471ca81f011b360861c0b3f6c5e37037a86d3d40299e85df4		196	git	analysis/normalized/combined_ap_satake_stable.norm.json	1cf1505a9adcc4f321a6116b085b517625865960	committed
2025-09-15T13:11:54-04:00	receipt	67e61fcd3d168af42e13543061919bae8c204cf864713d8b823bb5ecf2f1cf38		178	git	analysis/normalized/motives.norm.json	1cf1505a9adcc4f321a6116b085b517625865960	committed
2025-09-15T13:11:54-04:00	receipt	75d3b3b6db6e3783b0902414ec2a691ecbfbdbab0f30ccfa91a9c37a5bcd4415		175	git	analysis/normalized/rank.norm.json	1cf1505a9adcc4f321a6116b085b517625865960	committed
2025-09-15T13:11:54-04:00	receipt	7306f16d752d7f2d5879f99fa6f8435399f0d6aaa736a9d9efa133e9c13bfcb5		177	git	analysis/normalized/satake.norm.json	1cf1505a9adcc4f321a6116b085b517625865960	committed
2025-09-15T13:11:54-04:00	receipt	6382ef78f4387b8818dbf3f4164c632bd28406aff3d5cb58c42b6901b37f9e22		184	git	analysis/normalized/satake_stable.norm.json	1cf1505a9adcc4f321a6116b085b517625865960	committed
2025-09-14T10:48:06-04:00	receipt	ffcff5abe3189aeeb4009cf9dc681b009732a594f21265fb7fa0f5d3553e9aa8	deadbeef	323	git	.tau_ledger/holo/holov1-20250914T144753Z.json	1d26194b05177f2a2be00b552eed0945e7bdebe0	committed
2025-09-15T08:04:08-04:00	receipt	3545c8a20005d8161241bfc85992f79a60616b5821f3948a4310125755cd4ee4	cc5b674f8fac163d5b25ccff31d0e08f0d5c618e36dbbe26fb07675671e73d73	592	git	.tau_ledger/langlands/ap.json	1f45eea33d873f2cfe797ad4d7551fe45ddc440d	committed
2025-09-15T08:04:08-04:00	receipt	ca8ebc7becaa42d4932fc650d00c2fe4f165e745bfb0cf72867c3fbe64f9e132	9b8f866462c4ffda0b2157bd259bcab79529b8742b931de7086f1ec4d4420a2e	1715	git	.tau_ledger/langlands/combined_ap_satake.json	1f45eea33d873f2cfe797ad4d7551fe45ddc440d	committed
2025-09-15T08:04:08-04:00	receipt	b0935209aa32cbfea1496d6c86d66c088ec59d23b70ff2df5341f1b05eaa331d	8647911eafd42e7d56a92697be10ce5ebd9ee31db8c4eba85e5e3db3f307a2d3	1226	git	.tau_ledger/langlands/satake.json	1f45eea33d873f2cfe797ad4d7551fe45ddc440d	committed
2025-09-21T18:29:33-04:00	receipt	29fb58b21788e50d9834d810c1cddd970a48c9aa28ca836d5e49492f9b326d25		2513	git	_fusion_out/MANIFEST.json	1f5eb6eeabf9b9c807fcf14eaffeaf635869a499	committed
2025-09-12T15:05:53-04:00	receipt	d887f772571401b560fdc542e78a45cb4e8de2cdebd10d66361416d6ab8882db		776	git	receipts/2025-09-12T18-46-04Z.json	1f8bf7020201355a0eed4bbe277ebafe18ee5850	committed
2025-09-12T15:05:53-04:00	receipt	6ea9ba571e89fab8b932840fcf1caa579edef111f01c7ec8cbf9e74d066b7719		659	git	receipts/2025-09-12T18-46-12Z.json	1f8bf7020201355a0eed4bbe277ebafe18ee5850	committed
2025-09-15T13:11:54-04:00	receipt	33f4a4e06b2898a6c6a159167ee82f5fc82abe7e2c31910c32bc814bf032a4f7		176	git	analysis/normalized/L_tau.norm.json	2121f46969d2434c81be5fdb30236f9bd8b16fe8	committed
2025-09-15T13:11:54-04:00	receipt	ea394c1415b513087a8015228669de42d51ed2ebd675681ccc8380b14b670bc9		173	git	analysis/normalized/ap.norm.json	2121f46969d2434c81be5fdb30236f9bd8b16fe8	committed
2025-09-15T13:11:54-04:00	receipt	abb7453b9c766a56157359888fec3121376b69248b9bbe1e24a73f5399f7fffd		180	git	analysis/normalized/ap_stable.norm.json	2121f46969d2434c81be5fdb30236f9bd8b16fe8	committed
2025-09-15T13:11:54-04:00	receipt	cdc6af0a017286ac5207650b423ba749e4f663f04509d23d4d4da048a96c6b88		189	git	analysis/normalized/combined_ap_satake.norm.json	2121f46969d2434c81be5fdb30236f9bd8b16fe8	committed
2025-09-15T13:11:54-04:00	receipt	c45f0930087f3ca471ca81f011b360861c0b3f6c5e37037a86d3d40299e85df4		196	git	analysis/normalized/combined_ap_satake_stable.norm.json	2121f46969d2434c81be5fdb30236f9bd8b16fe8	committed
2025-09-15T13:11:54-04:00	receipt	67e61fcd3d168af42e13543061919bae8c204cf864713d8b823bb5ecf2f1cf38		178	git	analysis/normalized/motives.norm.json	2121f46969d2434c81be5fdb30236f9bd8b16fe8	committed
2025-09-15T13:11:54-04:00	receipt	75d3b3b6db6e3783b0902414ec2a691ecbfbdbab0f30ccfa91a9c37a5bcd4415		175	git	analysis/normalized/rank.norm.json	2121f46969d2434c81be5fdb30236f9bd8b16fe8	committed
2025-09-15T13:11:54-04:00	receipt	7306f16d752d7f2d5879f99fa6f8435399f0d6aaa736a9d9efa133e9c13bfcb5		177	git	analysis/normalized/satake.norm.json	2121f46969d2434c81be5fdb30236f9bd8b16fe8	committed
2025-09-15T13:11:54-04:00	receipt	6382ef78f4387b8818dbf3f4164c632bd28406aff3d5cb58c42b6901b37f9e22		184	git	analysis/normalized/satake_stable.norm.json	2121f46969d2434c81be5fdb30236f9bd8b16fe8	committed
2025-09-29T13:41:15-04:00	receipt	63d27eb59cd33bb9f82f5381f470923505cbb6d30c1580a2a9ea7d1be8134bcc		332	git	.cache/_reflect_inputs.json	224713f54934e5e37fc35bfc12417b8d321bd2d9	committed
2025-09-21T18:29:33-04:00	receipt	29fb58b21788e50d9834d810c1cddd970a48c9aa28ca836d5e49492f9b326d25		2513	git	_fusion_out/MANIFEST.json	224767c6b0fad368e5c34d47ee3f52802b5b1b55	committed
2025-09-15T17:44:57-04:00	receipt	5abf17568f2ddc7a51ead47c6842b799bb9cbfeebfcc8eb7f864f876501022d1		1111	git	.tau_ledger/receipts/receipt_2025-09-15T21-44-52Z_5d78116.json	245f23dc79e174b47afc1799a94d831e29e36f1b	committed
2025-09-28T23:03:36-04:00	receipt	9cd423a8ace716643e8e9cf444945165eeb03a6b9c4fa4298703ea30ed67018f		507	git	docs/ledger/corridor_receipt.json	27b4fe8164e00cfd49d047fb0b9d19a715405fec	committed
2025-09-14T10:42:12-04:00	receipt	7dfa6ff4b76ab205be740edd4a840a623b0409200f63473244a97f05b54b9d8e	deadbeef	323	git	.tau_ledger/holo/holov1-20250914T144201Z.json	29e01f61f0ce4e0f569d7c10d060af8f8cce4e5c	committed
2025-09-15T18:18:20-04:00	receipt	d65e3e46a657caae3634d9477d67134dc719187087181973709951788d3d6ad2		1111	git	contrib/2025/09/15/DESKTOP-IGE96SV/a7bf7cd203a1/receipt_c6390eb9c5a1.json	2d577fc20c93e62fe50ef505beb7b6f5a06445f1	committed
2025-09-14T11:07:07-04:00	receipt	f46bbe1bc52d50ec46ebebb36b3e17ae55c0b1a0bfbcea78849306e99525a02d	deadbeef	323	git	.tau_ledger/holo/holov1-20250914T150653Z.json	307a45505025db5b2d3ccf9e409b0900141b91cf	committed
2025-09-15T08:13:29-04:00	receipt	3545c8a20005d8161241bfc85992f79a60616b5821f3948a4310125755cd4ee4	cc5b674f8fac163d5b25ccff31d0e08f0d5c618e36dbbe26fb07675671e73d73	592	git	.tau_ledger/langlands/ap_stable.json	3419bcf08f8dcb4ceb6a38535ae6ba567656a603	committed
2025-09-15T08:13:29-04:00	receipt	ca8ebc7becaa42d4932fc650d00c2fe4f165e745bfb0cf72867c3fbe64f9e132	9b8f866462c4ffda0b2157bd259bcab79529b8742b931de7086f1ec4d4420a2e	1715	git	.tau_ledger/langlands/combined_ap_satake_stable.json	3419bcf08f8dcb4ceb6a38535ae6ba567656a603	committed
2025-09-15T08:13:29-04:00	receipt	b0935209aa32cbfea1496d6c86d66c088ec59d23b70ff2df5341f1b05eaa331d	8647911eafd42e7d56a92697be10ce5ebd9ee31db8c4eba85e5e3db3f307a2d3	1226	git	.tau_ledger/langlands/satake_stable.json	3419bcf08f8dcb4ceb6a38535ae6ba567656a603	committed
2025-09-10T13:58:48-04:00	receipt	01ebb6a044345cbfecbd0c4ac3a55725526962b593936ddfff194344838fb7e3		3714	git	campaigns/residuals_20250910_173422Z/summary.json	3580f4b18f2e35b02ddd727657f7becdd46d09ed	committed
2025-09-14T10:48:06-04:00	receipt	ffcff5abe3189aeeb4009cf9dc681b009732a594f21265fb7fa0f5d3553e9aa8	deadbeef	323	git	.tau_ledger/holo/holov1-20250914T144753Z.json	35af4e23a5dcc3b1c3d4667c373427b933c63ac2	committed
2025-10-01T02:05:53-04:00	receipt	7f3852f098335f3d8d07dc799b276ca44ade5bf703f5664166b423d5300ae634	4f00b2c5e585eb6ddb4a9937704a22c6c9da732024ae14587ad5fdcd1b286c65	957	git	releases/monograph/affine-b5-v1/manifest_leaf.json	36ad2df7a397c02b89d0ca12281da93c97a1bd38	committed
2025-09-06T12:32:21-04:00	receipt	dc5cff230c0fa208ec0fde67f20443671aee07b67a12bc631ca2884682173d50	1c11d3ecac0beac2b80fd546e112ba7be7abe2781372665db91684f63270928f	1274	git	tau-crystal-manifest.json	382959c255f6a4b242c6f6dcf304798c331c1f93	committed
2025-09-06T12:32:21-04:00	receipt	3e820d4d603b6101e6b0771e795a607ebe765e2ef08195b332bddd6c1574617e	1c11d3ecac0beac2b80fd546e112ba7be7abe2781372665db91684f63270928f	1250	git	tau-crystal-receipt.json	382959c255f6a4b242c6f6dcf304798c331c1f93	committed
2025-09-15T06:28:32-04:00	receipt	29f14ae522599b7c60c35050d90edba1e520c95584f89fb56f06e4ed85237747	0000000000000000000000000000000000000000000000000000000000000000	439	git	.tau_ledger/experimental/bsd_rank1.json	3b52a73847bb5b757934dd5125e19e00430a8058	committed
2025-09-15T06:28:32-04:00	receipt	4feb9bf405310d2d2fac19144c59703888aef299184795e8b17729b1cd91c57e	0000000000000000000000000000000000000000000000000000000000000000	422	git	.tau_ledger/experimental/symsquare_zeros.json	3b52a73847bb5b757934dd5125e19e00430a8058	committed
2025-09-15T06:28:32-04:00	receipt	871a4fe496585508da2b7151d8b207e8af4975600c68d12aea2cc2f3962ceebd		705	git	docs/schemas/experimental.json	3b52a73847bb5b757934dd5125e19e00430a8058	committed
2025-09-28T23:03:36-04:00	receipt	9cd423a8ace716643e8e9cf444945165eeb03a6b9c4fa4298703ea30ed67018f		507	git	docs/ledger/corridor_receipt.json	3c3c954191089e4aced9b672cc44b00bf28567b2	committed
2025-10-02T23:43:30-04:00	receipt	e93197a340c248f21017a9525b6cfa0d98bad96a1d2aaf31fea6656e52990b8e		195	git	schemas/category_C.json	3c3f37601e6cf12979c3cf7473f874661b513d06	committed
2025-09-14T10:21:38-04:00	receipt	be6fe46718d930403bc97bee5dd00d5965b2e808647f914dd74f9b2fa08e307c	deadbeef	323	git	.tau_ledger/holo/holov1-20250914T142135Z.json	3dad06eead1531822b4f7b4e436df83f890fed51	committed
2025-09-06T01:31:46-04:00	receipt	1d12f2a9bdb62cc416b58ea375689ce2e39f2258b8b9231440f31bfca951d2a6	sha256:3959dd3e8636da607afb4ae6a616b165a206a5a9874be9f35200e7a7571102c4	1060	git	manifests/3959dd3e8636da607afb4ae6a616b165a206a5a9874be9f35200e7a7571102c4.json	3dfa4f62a511b2552c13b790af1da391f67a6731	committed
2025-09-06T01:31:46-04:00	receipt	6311f2c015703a6af27bcab0586161b246aea65e2e096afa3a732041f9bb90de	sha256:3e785e363760c424edd6282b7525365883061dc487f687beb32f6c96edf2f5c2	1070	git	manifests/3e785e363760c424edd6282b7525365883061dc487f687beb32f6c96edf2f5c2.json	3dfa4f62a511b2552c13b790af1da391f67a6731	committed
2025-09-06T01:31:46-04:00	receipt	d937c70668fc1d110e40b6a99e0cef4592448476f839c2ae07faa807eda99c62	sha256:4da10902a9a139498bd23290d2b3ef0853188a8bab4cd9df0537a0f2a74f7e91	995	git	manifests/4da10902a9a139498bd23290d2b3ef0853188a8bab4cd9df0537a0f2a74f7e91.json	3dfa4f62a511b2552c13b790af1da391f67a6731	committed
2025-09-06T01:31:46-04:00	receipt	d4f3e567ce93941c531e19adf01afeee4c553a3b3904134fee85529570d4508c	sha256:6fcecff5c1054733d0d6fe7403d35049237a8eb21d364df12daac9980488df44	795	git	manifests/6fcecff5c1054733d0d6fe7403d35049237a8eb21d364df12daac9980488df44.json	3dfa4f62a511b2552c13b790af1da391f67a6731	committed
2025-09-06T01:31:46-04:00	receipt	c3552ee0de45b991bbd02be06c043cc1e42e999d770cc6c3b081f1a74fed5a71	sha256:9626f2865d96e8e65755e236a6a5d52e3438570822f575d0df60cb453ca1f731	1053	git	manifests/9626f2865d96e8e65755e236a6a5d52e3438570822f575d0df60cb453ca1f731.json	3dfa4f62a511b2552c13b790af1da391f67a6731	committed
2025-09-06T01:31:46-04:00	receipt	e4a087d6c3d75fa7cee293220f46f7d595d5de271b260e5adffd71a7ce1d024c	sha256:a16d83c982128ca003f0a73ff62c254060d4301cfe1e47e7f5444a95ef283d9c	1073	git	manifests/a16d83c982128ca003f0a73ff62c254060d4301cfe1e47e7f5444a95ef283d9c.json	3dfa4f62a511b2552c13b790af1da391f67a6731	committed
2025-09-06T01:31:46-04:00	receipt	5421b9ed37e32b9a92a10b04a145b15f7bbee28720e887ba2819f570c94f68e3	sha256:c1eed52958abd56e858c4e7a312b38eb866c3aeb13786a8517e3169f972ee409	1054	git	manifests/c1eed52958abd56e858c4e7a312b38eb866c3aeb13786a8517e3169f972ee409.json	3dfa4f62a511b2552c13b790af1da391f67a6731	committed
2025-09-06T01:31:46-04:00	receipt	9d3f0ec11ff2cdd55725c234fc387434b9ffdf0192f06f061acfd92ef5d80c4f	sha256:c477eede5f470ab0fc5781c39e6e324b0f88c757a7c7e98b110e67c357a8ed37	1038	git	manifests/c477eede5f470ab0fc5781c39e6e324b0f88c757a7c7e98b110e67c357a8ed37.json	3dfa4f62a511b2552c13b790af1da391f67a6731	committed
2025-09-06T01:31:46-04:00	receipt	95d3fd35a7f5a74e0b2f93b4a76abc54bcee3d06727b83ea932cd75aa380b302	sha256:cb90b38c950baf824d1d96a2d4b8b92a072e89aee21596aefcf3ba67f0873899	1058	git	manifests/cb90b38c950baf824d1d96a2d4b8b92a072e89aee21596aefcf3ba67f0873899.json	3dfa4f62a511b2552c13b790af1da391f67a6731	committed
2025-09-06T01:31:46-04:00	receipt	2b19bedbad9a4893e67ad0b29f9e88fb2746dcf375e7a1192c357d76a513e973	sha256:d4402f3f84d648f6f7d73c3dc6dc1f3a7089acc03296f709f978298da31b160f	916	git	manifests/d4402f3f84d648f6f7d73c3dc6dc1f3a7089acc03296f709f978298da31b160f.json	3dfa4f62a511b2552c13b790af1da391f67a6731	committed
2025-09-15T07:29:19-04:00	receipt	a91dd5344e26580f8dcec1f7510894e0c14333ff94419aa3436ff1ff4e92137d	704d8efce71b08b770476ae30c83999ea93ef9b203ad46ce4e9d07f539b07d80	318	git	.tau_ledger/discovery/confirm_double_zero.json	3ec0d9918bf9830abe383b2a9c9e74864b193587	committed
2025-09-13T12:00:02-04:00	receipt	166b3950b01cd90f678595c919d873b5a4aaba301191ae0040eb39ab8950d85c		887	git	_ci_artifacts/physics/post_cert.json	4086bc297aa65dbc8b65681be5012f76f18f75f5	committed
2025-09-13T12:00:02-04:00	receipt	78127c9ddd18d1de5e9f0a3029d19ccfbc6a4051a3e1d86c805e15f8756b50c9		546	git	_ci_artifacts/physics/pre_cert.json	4086bc297aa65dbc8b65681be5012f76f18f75f5	committed
2025-09-13T12:00:02-04:00	receipt	c29764b98130ef4edd63bd0c7d4731a9514e9d8ab9aa7dbd7f5139bac14161a7	sha256:86b9275b33cfe1276db843cf65166ea66cbe087ea82b28333495400ab6deac7d	961	git	manifests/86b9275b33cfe1276db843cf65166ea66cbe087ea82b28333495400ab6deac7d.json	4086bc297aa65dbc8b65681be5012f76f18f75f5	committed
2025-09-22T15:05:59-04:00	receipt	c5ff33a2e79a3770e1384ee47ff7380f6139d5dd112371eebbeb4803b93ee5b0	51a0e22214ec0247e227dfa636e12daf2ac280ba27871c3bcca7bdb63bd4bcfc	156	git	analysis/capsules/auto-20250922T182622Z/capsule.receipt.json	408acd47a72c5d257045bb4565a8c5294d55f0b6	committed
2025-09-22T15:05:59-04:00	receipt	25ddce9ea5963be72753d777f537439fee366488a223418291ab9426bfc3d942	98a82a7fe2726d976facd8159a2da52960a22bbee0e7e4d3e52558ac499a7490	156	git	analysis/capsules/auto-20250922T182928Z/capsule.receipt.json	408acd47a72c5d257045bb4565a8c5294d55f0b6	committed
2025-09-22T15:05:59-04:00	receipt	fb0f749989e4acf6b2e8e7609206e54f01437c9297b84c9b5af320bd79f6d602	83110e92eae8d163cee8b48c815a306424667e3a4f1d785ec736ae5b82db4bbf	156	git	analysis/capsules/auto-20250922T183123Z/capsule.receipt.json	408acd47a72c5d257045bb4565a8c5294d55f0b6	committed
2025-09-22T15:05:59-04:00	receipt	519a4548f8a294f294fd5fe0663c81e460bb290b045d7e320d99aaf6243a1077	56ed8be8c8c23751ecd4065cff6108022e64cccee7e50fb2430c7be0d16f4223	156	git	analysis/capsules/auto-20250922T185733Z/capsule.receipt.json	408acd47a72c5d257045bb4565a8c5294d55f0b6	committed
2025-09-22T15:05:59-04:00	receipt	05656bd3129320afd2b8caa57ed86b0814dcea288d660ed476bfe0674aa48c0c	92feedebd75fa1dc2a59de55e9dadbb290b787c590f2a9ee2f8d1775346f1058	156	git	analysis/capsules/auto-20250922T185919Z/capsule.receipt.json	408acd47a72c5d257045bb4565a8c5294d55f0b6	committed
2025-09-22T15:05:59-04:00	receipt	a348c6f34c1ea683be75b3fbaea5cf5f24af795c62f727385c495b175732ef63	0bd187190e1181e237514202c3d58c23648c7b61eb891880ea9a391c726a7ea0	156	git	analysis/capsules/auto-20250922T190433Z/capsule.receipt.json	408acd47a72c5d257045bb4565a8c5294d55f0b6	committed
2025-09-18T00:58:44-04:00	receipt	9c5ebe23fda9a743ffbd71d789c87c1e406020624d3240658a857016b47efc46		889	git	docs/llm_index.v1.json	409c4af016994c5fa73cea21c80d26cc2e888406	committed
2025-09-21T18:02:16-04:00	receipt	171cf6ae0c727db96a25a2956aa6a531e50741e6db46c2797b2b7753714d811b		2513	git	_fusion_out/MANIFEST.json	40e0fb2a563e16c4c998b3e58eb0b5b72c05fbd3	committed
2025-10-07T17:37:39-04:00	receipt	a2b04b8828b6dc2f8101256a346d836b489e9fc1c518a569dee91848af8ebed3	5c59e489033a983201efb445de138939f552c467dbcf6a617e3b9fddd179ea1b	1384	git	tsv/elliptic_pass2_receipt.json	41df3b2a3bc1415e33fe9357ec694e82e8271440	committed
2025-09-03T22:49:23-04:00	receipt	65a409462a9d7a0839c529611af0a3bb122067ca7dcf666070295605b6b06d07		10529	git	replay_manifest.json	438bf3c9099e8e526a999336fdb2297286c4bda2	committed
2025-09-19T09:05:15-04:00	receipt	eec6d46ccab68fc5cb3e932dc2aecad230ce055dcec75993727aa6b36e8f22a7	fa6b2a47497a5d89fb526e3041d1b0393c47e29f340f81ca327840aa97edfe95	220	git	_verify/unzip/tau_crystal/.tau_ledger/automorphic/critical_zeros.json	43c6b14ea8ea20ac7c4492c1ad12f5f95c5f61cf	committed
2025-09-19T09:05:15-04:00	receipt	09e312b6be4d71c14eaa4a2d1112450f1acd54935a73b135a6aed7893df89e99	5cc63adf6e6f305128d2932c5b298b78659e7b0e275ac79accaecc5846a992d8	933	git	_verify/unzip/tau_crystal/.tau_ledger/automorphic/hecke_1757927249.json	43c6b14ea8ea20ac7c4492c1ad12f5f95c5f61cf	committed
2025-09-19T09:05:15-04:00	receipt	a01831e8ca3cd482a661f99006df6b4634016e4be47d47cb06f3a29030f616fb	6d2784769bf6e352ad6bc244847a4663009da996f264429fc9c06759222d3004	211	git	_verify/unzip/tau_crystal/.tau_ledger/automorphic/new_zeros.json	43c6b14ea8ea20ac7c4492c1ad12f5f95c5f61cf	committed
2025-09-19T09:05:15-04:00	receipt	bfdc02a2bf75c325f84c435fa3dc3629e2e39c9ea75f4a228328a0c336dfd22f	11083d6ed31e71bc87d92b9486402e967dad22cdb03acf0729bc1020ecde8e1f	159280	git	_verify/unzip/tau_crystal/.tau_ledger/discovery/confirm_double_zero.json	43c6b14ea8ea20ac7c4492c1ad12f5f95c5f61cf	committed
2025-09-19T09:05:15-04:00	receipt	0d9ffb177da31d8bfd6d59907df7eb421d62a6c13f3d4b25986b19e87d70a38d	11083d6ed31e71bc87d92b9486402e967dad22cdb03acf0729bc1020ecde8e1f	159281	git	_verify/unzip/tau_crystal/.tau_ledger/discovery/confirm_double_zero_stable.json	43c6b14ea8ea20ac7c4492c1ad12f5f95c5f61cf	committed
2025-09-19T09:05:15-04:00	receipt	986d3400fdfa8e4d747eb79ea91c0622cbeb74ce6877af40718016a78d807d75	83f3e5b58f3a3d3ef31539d40aaaac1b200298d7379df77d6895dab78280421f	537	git	_verify/unzip/tau_crystal/.tau_ledger/discovery/double_zero.json	43c6b14ea8ea20ac7c4492c1ad12f5f95c5f61cf	committed
2025-09-19T09:05:15-04:00	receipt	ab88141e0c35e5114591916a9c694751674451a41661aa1abe3994a0e83669bf	b0e29df6ca1127409306029d1840a1897f61c387a6573b6f262a1191f426956a	487	git	_verify/unzip/tau_crystal/.tau_ledger/experimental/bootstrap_mu.json	43c6b14ea8ea20ac7c4492c1ad12f5f95c5f61cf	committed
2025-09-19T09:05:15-04:00	receipt	29f14ae522599b7c60c35050d90edba1e520c95584f89fb56f06e4ed85237747	0000000000000000000000000000000000000000000000000000000000000000	439	git	_verify/unzip/tau_crystal/.tau_ledger/experimental/bsd_rank1.json	43c6b14ea8ea20ac7c4492c1ad12f5f95c5f61cf	committed
2025-09-19T09:05:15-04:00	receipt	7efe44f92ea577b62f7646585f661d4da4fe664f958f7820bf1dfe6938666038	cdf5f02c80dc52ccf6b7d2df607b2d1102d75f74cac2ae1899e5f7351d02f813	485	git	_verify/unzip/tau_crystal/.tau_ledger/experimental/fft_bsd.json	43c6b14ea8ea20ac7c4492c1ad12f5f95c5f61cf	committed
2025-09-19T09:05:15-04:00	receipt	4feb9bf405310d2d2fac19144c59703888aef299184795e8b17729b1cd91c57e	0000000000000000000000000000000000000000000000000000000000000000	422	git	_verify/unzip/tau_crystal/.tau_ledger/experimental/symsquare_zeros.json	43c6b14ea8ea20ac7c4492c1ad12f5f95c5f61cf	committed
2025-09-19T09:05:15-04:00	receipt	be6fe46718d930403bc97bee5dd00d5965b2e808647f914dd74f9b2fa08e307c	deadbeef	323	git	_verify/unzip/tau_crystal/.tau_ledger/holo/holov1-20250914T142135Z.json	43c6b14ea8ea20ac7c4492c1ad12f5f95c5f61cf	committed
2025-09-19T09:05:15-04:00	receipt	1940413aab1a6d1fae6fe9f450800b7c1f6cb28dd18aa7e275542217d3c1edde	deadbeef	323	git	_verify/unzip/tau_crystal/.tau_ledger/holo/holov1-20250914T143706Z.json	43c6b14ea8ea20ac7c4492c1ad12f5f95c5f61cf	committed
2025-09-19T09:05:15-04:00	receipt	7dfa6ff4b76ab205be740edd4a840a623b0409200f63473244a97f05b54b9d8e	deadbeef	323	git	_verify/unzip/tau_crystal/.tau_ledger/holo/holov1-20250914T144201Z.json	43c6b14ea8ea20ac7c4492c1ad12f5f95c5f61cf	committed
2025-09-19T09:05:15-04:00	receipt	3f01f889bcb600d688ac85f7baf090437046ef15264db97644f696d68c46a88a	deadbeef	323	git	_verify/unzip/tau_crystal/.tau_ledger/holo/holov1-20250914T144418Z.json	43c6b14ea8ea20ac7c4492c1ad12f5f95c5f61cf	committed
2025-09-19T09:05:15-04:00	receipt	ffcff5abe3189aeeb4009cf9dc681b009732a594f21265fb7fa0f5d3553e9aa8	deadbeef	323	git	_verify/unzip/tau_crystal/.tau_ledger/holo/holov1-20250914T144753Z.json	43c6b14ea8ea20ac7c4492c1ad12f5f95c5f61cf	committed
2025-09-19T09:05:15-04:00	receipt	f46bbe1bc52d50ec46ebebb36b3e17ae55c0b1a0bfbcea78849306e99525a02d	deadbeef	323	git	_verify/unzip/tau_crystal/.tau_ledger/holo/holov1-20250914T150653Z.json	43c6b14ea8ea20ac7c4492c1ad12f5f95c5f61cf	committed
2025-09-19T09:05:15-04:00	receipt	b5152291670039fbdd4f6cec7aab75cddcde70d3cdb617d127862f721bd312b1	deadbeef	323	git	_verify/unzip/tau_crystal/.tau_ledger/holo/holov1-20250914T151243Z.json	43c6b14ea8ea20ac7c4492c1ad12f5f95c5f61cf	committed
2025-09-19T09:05:15-04:00	receipt	b673a0bd85ebea207eba2ba456b785750175deb4470f8fda7e72a5e9db5c83f0		227	git	_verify/unzip/tau_crystal/.tau_ledger/holo/holov1-20250914T192807Z.json	43c6b14ea8ea20ac7c4492c1ad12f5f95c5f61cf	committed
2025-09-19T09:05:15-04:00	receipt	acc26c32d879cbc9d749fcccab0590c6a2cec6f36f8a3a2dd2d8f30d664b5e77		227	git	_verify/unzip/tau_crystal/.tau_ledger/holo/holov1-20250914T193414Z.json	43c6b14ea8ea20ac7c4492c1ad12f5f95c5f61cf	committed
2025-09-19T09:05:15-04:00	receipt	05ab277c3cfef72d4159b67d7764ef5098665e21f80cc98874d023d9ad01fe8d		227	git	_verify/unzip/tau_crystal/.tau_ledger/holo/holov1-20250914T193555Z.json	43c6b14ea8ea20ac7c4492c1ad12f5f95c5f61cf	committed
2025-09-19T09:05:15-04:00	receipt	3545c8a20005d8161241bfc85992f79a60616b5821f3948a4310125755cd4ee4	cc5b674f8fac163d5b25ccff31d0e08f0d5c618e36dbbe26fb07675671e73d73	592	git	_verify/unzip/tau_crystal/.tau_ledger/langlands/ap.json	43c6b14ea8ea20ac7c4492c1ad12f5f95c5f61cf	committed
2025-09-19T09:05:15-04:00	receipt	3545c8a20005d8161241bfc85992f79a60616b5821f3948a4310125755cd4ee4	cc5b674f8fac163d5b25ccff31d0e08f0d5c618e36dbbe26fb07675671e73d73	592	git	_verify/unzip/tau_crystal/.tau_ledger/langlands/ap_stable.json	43c6b14ea8ea20ac7c4492c1ad12f5f95c5f61cf	committed
2025-09-19T09:05:15-04:00	receipt	ca8ebc7becaa42d4932fc650d00c2fe4f165e745bfb0cf72867c3fbe64f9e132	9b8f866462c4ffda0b2157bd259bcab79529b8742b931de7086f1ec4d4420a2e	1715	git	_verify/unzip/tau_crystal/.tau_ledger/langlands/combined_ap_satake.json	43c6b14ea8ea20ac7c4492c1ad12f5f95c5f61cf	committed
2025-09-19T09:05:15-04:00	receipt	ca8ebc7becaa42d4932fc650d00c2fe4f165e745bfb0cf72867c3fbe64f9e132	9b8f866462c4ffda0b2157bd259bcab79529b8742b931de7086f1ec4d4420a2e	1715	git	_verify/unzip/tau_crystal/.tau_ledger/langlands/combined_ap_satake_stable.json	43c6b14ea8ea20ac7c4492c1ad12f5f95c5f61cf	committed
2025-09-19T09:05:15-04:00	receipt	b0935209aa32cbfea1496d6c86d66c088ec59d23b70ff2df5341f1b05eaa331d	8647911eafd42e7d56a92697be10ce5ebd9ee31db8c4eba85e5e3db3f307a2d3	1226	git	_verify/unzip/tau_crystal/.tau_ledger/langlands/satake.json	43c6b14ea8ea20ac7c4492c1ad12f5f95c5f61cf	committed
2025-09-19T09:05:15-04:00	receipt	b0935209aa32cbfea1496d6c86d66c088ec59d23b70ff2df5341f1b05eaa331d	8647911eafd42e7d56a92697be10ce5ebd9ee31db8c4eba85e5e3db3f307a2d3	1226	git	_verify/unzip/tau_crystal/.tau_ledger/langlands/satake_stable.json	43c6b14ea8ea20ac7c4492c1ad12f5f95c5f61cf	committed
2025-09-19T09:05:15-04:00	receipt	d4fa6be72c9bd4cc0efd5b24be0326cf2ff352ae9d65824eee786a47286657f9	deadbeef	301	git	_verify/unzip/tau_crystal/.tau_ledger/receipts/demo-20250914T023421Z.json	43c6b14ea8ea20ac7c4492c1ad12f5f95c5f61cf	committed
2025-09-19T09:05:15-04:00	receipt	67ff6f996613b913dc677188256e9fea4d02a53d414858158a8007bf571780f4		1111	git	_verify/unzip/tau_crystal/.tau_ledger/receipts/receipt_2025-09-15T21-41-37Z_c6390eb.json	43c6b14ea8ea20ac7c4492c1ad12f5f95c5f61cf	committed
2025-09-19T09:05:15-04:00	receipt	5abf17568f2ddc7a51ead47c6842b799bb9cbfeebfcc8eb7f864f876501022d1		1111	git	_verify/unzip/tau_crystal/.tau_ledger/receipts/receipt_2025-09-15T21-44-52Z_5d78116.json	43c6b14ea8ea20ac7c4492c1ad12f5f95c5f61cf	committed
2025-09-19T09:05:15-04:00	receipt	42826e4ae19007c4976b19e054543f388342ad584fead3a5f517464eb1b7292f		1111	git	_verify/unzip/tau_crystal/.tau_ledger/receipts/receipt_2025-09-15T21-47-33Z_f726ea2.json	43c6b14ea8ea20ac7c4492c1ad12f5f95c5f61cf	committed
2025-09-19T09:05:15-04:00	receipt	c36ddcd8e8edfddd04852046c9d550012893337a1b86ef7cd7cbc84327ea5976		1111	git	_verify/unzip/tau_crystal/.tau_ledger/receipts/receipt_2025-09-15T21-51-17Z_f726ea2.json	43c6b14ea8ea20ac7c4492c1ad12f5f95c5f61cf	committed
2025-09-19T09:05:15-04:00	receipt	d65e3e46a657caae3634d9477d67134dc719187087181973709951788d3d6ad2		1111	git	_verify/unzip/tau_crystal/.tau_ledger/receipts/receipt_c6390eb9c5a1.json	43c6b14ea8ea20ac7c4492c1ad12f5f95c5f61cf	committed
2025-09-19T09:05:15-04:00	receipt	166b3950b01cd90f678595c919d873b5a4aaba301191ae0040eb39ab8950d85c		887	git	_verify/unzip/tau_crystal/_ci_artifacts/physics/post_cert.json	43c6b14ea8ea20ac7c4492c1ad12f5f95c5f61cf	committed
2025-09-19T09:05:15-04:00	receipt	78127c9ddd18d1de5e9f0a3029d19ccfbc6a4051a3e1d86c805e15f8756b50c9		546	git	_verify/unzip/tau_crystal/_ci_artifacts/physics/pre_cert.json	43c6b14ea8ea20ac7c4492c1ad12f5f95c5f61cf	committed
2025-09-19T09:05:15-04:00	receipt	33f4a4e06b2898a6c6a159167ee82f5fc82abe7e2c31910c32bc814bf032a4f7		176	git	_verify/unzip/tau_crystal/analysis/normalized/L_tau.norm.json	43c6b14ea8ea20ac7c4492c1ad12f5f95c5f61cf	committed
2025-09-19T09:05:15-04:00	receipt	ea394c1415b513087a8015228669de42d51ed2ebd675681ccc8380b14b670bc9		173	git	_verify/unzip/tau_crystal/analysis/normalized/ap.norm.json	43c6b14ea8ea20ac7c4492c1ad12f5f95c5f61cf	committed
2025-09-19T09:05:15-04:00	receipt	abb7453b9c766a56157359888fec3121376b69248b9bbe1e24a73f5399f7fffd		180	git	_verify/unzip/tau_crystal/analysis/normalized/ap_stable.norm.json	43c6b14ea8ea20ac7c4492c1ad12f5f95c5f61cf	committed
2025-09-19T09:05:15-04:00	receipt	cdc6af0a017286ac5207650b423ba749e4f663f04509d23d4d4da048a96c6b88		189	git	_verify/unzip/tau_crystal/analysis/normalized/combined_ap_satake.norm.json	43c6b14ea8ea20ac7c4492c1ad12f5f95c5f61cf	committed
2025-09-19T09:05:15-04:00	receipt	c45f0930087f3ca471ca81f011b360861c0b3f6c5e37037a86d3d40299e85df4		196	git	_verify/unzip/tau_crystal/analysis/normalized/combined_ap_satake_stable.norm.json	43c6b14ea8ea20ac7c4492c1ad12f5f95c5f61cf	committed
2025-09-19T09:05:15-04:00	receipt	67e61fcd3d168af42e13543061919bae8c204cf864713d8b823bb5ecf2f1cf38		178	git	_verify/unzip/tau_crystal/analysis/normalized/motives.norm.json	43c6b14ea8ea20ac7c4492c1ad12f5f95c5f61cf	committed
2025-09-19T09:05:15-04:00	receipt	75d3b3b6db6e3783b0902414ec2a691ecbfbdbab0f30ccfa91a9c37a5bcd4415		175	git	_verify/unzip/tau_crystal/analysis/normalized/rank.norm.json	43c6b14ea8ea20ac7c4492c1ad12f5f95c5f61cf	committed
2025-09-19T09:05:15-04:00	receipt	7306f16d752d7f2d5879f99fa6f8435399f0d6aaa736a9d9efa133e9c13bfcb5		177	git	_verify/unzip/tau_crystal/analysis/normalized/satake.norm.json	43c6b14ea8ea20ac7c4492c1ad12f5f95c5f61cf	committed
2025-09-19T09:05:15-04:00	receipt	6382ef78f4387b8818dbf3f4164c632bd28406aff3d5cb58c42b6901b37f9e22		184	git	_verify/unzip/tau_crystal/analysis/normalized/satake_stable.norm.json	43c6b14ea8ea20ac7c4492c1ad12f5f95c5f61cf	committed
2025-09-19T09:05:15-04:00	receipt	3e7fb6ecbd1d7f21d5f21a6a481413ebb5509de2e74f2b44be40dfd7ad4b40dc		668	git	_verify/unzip/tau_crystal/docs/schemas/experimental.json	43c6b14ea8ea20ac7c4492c1ad12f5f95c5f61cf	committed
2025-09-19T09:05:15-04:00	receipt	6e979dc390a8806a581cf6134b2b8bff8b7e536c6c7b6ebf848e7336d5d767ea		1493	git	_verify/unzip/tau_crystal/docs/schemas/experimental_fft_bootstrap.json	43c6b14ea8ea20ac7c4492c1ad12f5f95c5f61cf	committed
2025-09-19T09:05:15-04:00	receipt	c29764b98130ef4edd63bd0c7d4731a9514e9d8ab9aa7dbd7f5139bac14161a7	sha256:86b9275b33cfe1276db843cf65166ea66cbe087ea82b28333495400ab6deac7d	961	git	_verify/unzip/tau_crystal/manifests/86b9275b33cfe1276db843cf65166ea66cbe087ea82b28333495400ab6deac7d.json	43c6b14ea8ea20ac7c4492c1ad12f5f95c5f61cf	committed
2025-09-19T09:05:15-04:00	receipt	98db61415ffcc4dac893faf209c40265b60357a60abb02bf62011a7fb12dd419		151	git	_verify/unzip/tau_crystal/receipts/xref/hello.receipt.json	43c6b14ea8ea20ac7c4492c1ad12f5f95c5f61cf	committed
2025-09-29T02:51:11-04:00	receipt	d40abbf59082f942d4d3dbe4a8a63317dfec39f8a0ba77212c8a1b9c84068fcd		670	git	docs/plans/resurrection_2025-09-29/priority_plan.json	43da0a5bd6d9157fbeacf944607cb53669321ebe	committed
2025-10-10T20:55:21-04:00	receipt	edc699faa918bbdec599395545af7e572e321ddc4d546ca71946dcea25b3ba08	f31ef98d4ba0c06035b877ccaf12794a87d4420ebd92aeb5d39cab86260827fa	2691	git	tsv/elliptic_pass2_receipt.json	43e17c38ff76a5d40b57d47ee1b5d6388f9fae0c	committed
2025-09-14T16:21:14-04:00	receipt	b673a0bd85ebea207eba2ba456b785750175deb4470f8fda7e72a5e9db5c83f0		227	git	.tau_ledger/holo/holov1-20250914T192807Z.json	447289884c59584bd0af0dc0ab9a5975dc6de16f	committed
2025-09-14T16:21:14-04:00	receipt	acc26c32d879cbc9d749fcccab0590c6a2cec6f36f8a3a2dd2d8f30d664b5e77		227	git	.tau_ledger/holo/holov1-20250914T193414Z.json	447289884c59584bd0af0dc0ab9a5975dc6de16f	committed
2025-09-14T16:21:14-04:00	receipt	05ab277c3cfef72d4159b67d7764ef5098665e21f80cc98874d023d9ad01fe8d		227	git	.tau_ledger/holo/holov1-20250914T193555Z.json	447289884c59584bd0af0dc0ab9a5975dc6de16f	committed
2025-09-06T01:17:06-04:00	receipt	c426982f4b8530f7863033216f829c512442b1cbb68ec95207adb4fd2dd50f3a		857	git	docs/manifest.json	449760c0317e99a1c4680cccde035ec0efdc2f2e	committed
2025-09-06T01:17:06-04:00	receipt	c426982f4b8530f7863033216f829c512442b1cbb68ec95207adb4fd2dd50f3a		857	git	manifest.json	449760c0317e99a1c4680cccde035ec0efdc2f2e	committed
2025-09-06T01:17:06-04:00	receipt	aa9d1eac06760c2dfd51c71e201c8be623ff1b35bc7b91f88b9f075738bc260a	sha256:3959dd3e8636da607afb4ae6a616b165a206a5a9874be9f35200e7a7571102c4	1060	git	manifests/3959dd3e8636da607afb4ae6a616b165a206a5a9874be9f35200e7a7571102c4.json	449760c0317e99a1c4680cccde035ec0efdc2f2e	committed
2025-09-06T01:17:06-04:00	receipt	6440a2eccc95f43d1f5dfee68c599a7ece8f3e40151b541c46422b234beef03c	sha256:3e785e363760c424edd6282b7525365883061dc487f687beb32f6c96edf2f5c2	1070	git	manifests/3e785e363760c424edd6282b7525365883061dc487f687beb32f6c96edf2f5c2.json	449760c0317e99a1c4680cccde035ec0efdc2f2e	committed
2025-09-06T01:17:06-04:00	receipt	93687b10e2a8b06a645bfe1fa6333353f337a82178d75da827a2e0e79db221de	sha256:4da10902a9a139498bd23290d2b3ef0853188a8bab4cd9df0537a0f2a74f7e91	995	git	manifests/4da10902a9a139498bd23290d2b3ef0853188a8bab4cd9df0537a0f2a74f7e91.json	449760c0317e99a1c4680cccde035ec0efdc2f2e	committed
2025-09-06T01:17:06-04:00	receipt	1e199e6e745a86180abe24225bc9b1eefecdaa84ceb3a0e05c9a9dca425f0f8f	sha256:6fcecff5c1054733d0d6fe7403d35049237a8eb21d364df12daac9980488df44	795	git	manifests/6fcecff5c1054733d0d6fe7403d35049237a8eb21d364df12daac9980488df44.json	449760c0317e99a1c4680cccde035ec0efdc2f2e	committed
2025-09-06T01:17:06-04:00	receipt	451fd6d944ff3fd81aeebb82bc7777e9fd30065bcb629fa686d655a5b425980e	sha256:9626f2865d96e8e65755e236a6a5d52e3438570822f575d0df60cb453ca1f731	1053	git	manifests/9626f2865d96e8e65755e236a6a5d52e3438570822f575d0df60cb453ca1f731.json	449760c0317e99a1c4680cccde035ec0efdc2f2e	committed
2025-09-06T01:17:06-04:00	receipt	0a5d185c61228d5ed28c657fc9006a2c973ad45ebea31dbbfd2e3252df135501	sha256:a16d83c982128ca003f0a73ff62c254060d4301cfe1e47e7f5444a95ef283d9c	1073	git	manifests/a16d83c982128ca003f0a73ff62c254060d4301cfe1e47e7f5444a95ef283d9c.json	449760c0317e99a1c4680cccde035ec0efdc2f2e	committed
2025-09-06T01:17:06-04:00	receipt	df54a6f75036e88631ee34bf295b4d49b4a3cc24238d8832aec250377def9bc7	sha256:c1eed52958abd56e858c4e7a312b38eb866c3aeb13786a8517e3169f972ee409	1054	git	manifests/c1eed52958abd56e858c4e7a312b38eb866c3aeb13786a8517e3169f972ee409.json	449760c0317e99a1c4680cccde035ec0efdc2f2e	committed
2025-09-06T01:17:06-04:00	receipt	3f336b1775069e881b59757e8c31d25d4140b10f6896001f0d27c2b1e94910f8	sha256:c477eede5f470ab0fc5781c39e6e324b0f88c757a7c7e98b110e67c357a8ed37	1038	git	manifests/c477eede5f470ab0fc5781c39e6e324b0f88c757a7c7e98b110e67c357a8ed37.json	449760c0317e99a1c4680cccde035ec0efdc2f2e	committed
2025-09-06T01:17:06-04:00	receipt	98a8b29c09d16230f200ec1ee8d436eaa2e50f3d629aad7be685c29f9a3e46b8	sha256:cb90b38c950baf824d1d96a2d4b8b92a072e89aee21596aefcf3ba67f0873899	1058	git	manifests/cb90b38c950baf824d1d96a2d4b8b92a072e89aee21596aefcf3ba67f0873899.json	449760c0317e99a1c4680cccde035ec0efdc2f2e	committed
2025-09-06T01:17:06-04:00	receipt	82f8cef497538fa5a810117ee1e5ff3cb2587c5e5dcd087f2efae6fda36afa09	sha256:d4402f3f84d648f6f7d73c3dc6dc1f3a7089acc03296f709f978298da31b160f	916	git	manifests/d4402f3f84d648f6f7d73c3dc6dc1f3a7089acc03296f709f978298da31b160f.json	449760c0317e99a1c4680cccde035ec0efdc2f2e	committed
2025-09-15T06:55:12-04:00	receipt	cc18cf32d7cd04eb668f7a29c259c5e883420d1f84772e5180883ba017cfc7f1	b0e29df6ca1127409306029d1840a1897f61c387a6573b6f262a1191f426956a	488	git	.tau_ledger/experimental/bootstrap_mu.json	45ef5e9d71439b491d13c1e501ce05c95c72c169	committed
2025-09-15T06:55:12-04:00	receipt	256a0a4cbd8ab3ccb78696c489f2bd8d0f0f41823f103470dab5d2085df1c41b	cdf5f02c80dc52ccf6b7d2df607b2d1102d75f74cac2ae1899e5f7351d02f813	486	git	.tau_ledger/experimental/fft_bsd.json	45ef5e9d71439b491d13c1e501ce05c95c72c169	committed
2025-09-18T01:23:52-04:00	receipt	5faf4a5f18ae5508ac588bed5842c2415c794843df03dee37bafb3a45762a4eb		1042	git	docs/llm_index.v1.json	48482939ee5b9f2fe1f3ddeedcdbc0e0e890f3a3	committed
2025-09-13T22:34:26-04:00	receipt	70eaacb6cfe45e3b939b77e10d4ab2a4019d3f5816c281c8f2b8f93e3f5cd3ce	deadbeef	149	git	.tau_ledger/receipts/demo-20250914T023421Z.json	49c37c965b9f7537431e4849abe8c167e6429341	committed
2025-09-06T11:24:47-04:00	receipt	55d526ed20ed07e297b61a4421433e2ff41d5474e9e849776f14467352fdea94	d17490e0fd56d1553f640e7a2db585a8af1cba9e3b7e24b348e54758ad7754c7	1246	git	tau-crystal-manifest.json	4a3ab2d4f663212bb9677ae947c686074e9fd341	committed
2025-09-13T22:53:39-04:00	receipt	98db61415ffcc4dac893faf209c40265b60357a60abb02bf62011a7fb12dd419		151	git	receipts/xref/hello.receipt.json	4ce4b67cd5ad042db2dfc2e2b53ceb8169660128	committed
2025-10-01T15:49:07-04:00	receipt	b523e93de51848556900d480225482fa744d6dca70535cf41a0c577f6f0e1891		191	git	.tau_ledger/spec_20251001T194734Z.receipt.json	4cfbfa73e45adb88fd07d1b1ed81a736a06361cb	committed
2025-09-15T13:51:58-04:00	receipt	eec6d46ccab68fc5cb3e932dc2aecad230ce055dcec75993727aa6b36e8f22a7	fa6b2a47497a5d89fb526e3041d1b0393c47e29f340f81ca327840aa97edfe95	220	git	.tau_ledger/automorphic/critical_zeros.json	510e2b644f6ccf13f0cec16f5a6aee0564789284	committed
2025-09-15T13:51:58-04:00	receipt	09e312b6be4d71c14eaa4a2d1112450f1acd54935a73b135a6aed7893df89e99	5cc63adf6e6f305128d2932c5b298b78659e7b0e275ac79accaecc5846a992d8	933	git	.tau_ledger/automorphic/hecke_1757927249.json	510e2b644f6ccf13f0cec16f5a6aee0564789284	committed
2025-09-15T13:51:58-04:00	receipt	a01831e8ca3cd482a661f99006df6b4634016e4be47d47cb06f3a29030f616fb	6d2784769bf6e352ad6bc244847a4663009da996f264429fc9c06759222d3004	211	git	.tau_ledger/automorphic/new_zeros.json	510e2b644f6ccf13f0cec16f5a6aee0564789284	committed
2025-09-15T13:51:58-04:00	receipt	1568bff769b498493adb63bd91fb14d229309f92f08500b4f89d842e55a43f25	26762467dc0c006469c549450e342313849383195c49c7b12443f61d2eba7a75	275	git	.tau_ledger/cache/cache-20250914T144514Z.json	510e2b644f6ccf13f0cec16f5a6aee0564789284	committed
2025-09-15T13:51:58-04:00	receipt	e41a489c64957edc36d1782d799bb192c0b32c076bb1ce890b7db44e296f6c0c	a602d6cd47365f57d57836229935b7a9f28ca7f55dc5fd9065f752120c6aa7ef	275	git	.tau_ledger/cache/cache-20250914T144803Z.json	510e2b644f6ccf13f0cec16f5a6aee0564789284	committed
2025-09-15T13:51:58-04:00	receipt	f296967c8d6e8f7391a55b9ab64dbe1ba3bff8a39141a7f8b573373f86364179	0b2c6bb515a2d688aa98029512ca2e938ad9aa048e75e2b4e0192fa0cdf13956	275	git	.tau_ledger/cache/cache-20250914T150703Z.json	510e2b644f6ccf13f0cec16f5a6aee0564789284	committed
2025-09-15T13:51:58-04:00	receipt	dc9ee518ebc1870069cb2a37a1b64aa0da4d1c03801d28c218a1af8d8c0eac1b	60134e69e86a2ac6d9354c4dd719045c94104e022e1fde591c1bfd24174b65ab	275	git	.tau_ledger/cache/cache-20250914T151253Z.json	510e2b644f6ccf13f0cec16f5a6aee0564789284	committed
2025-09-15T13:51:58-04:00	receipt	3386195d4fdfc66b6b6fd41faf9d4d4baac38216f839beda6157d3e95f885209	75ab6d82380ab7f28214d772f63fdf455039b1935b40e48525e0be762da67a12	275	git	.tau_ledger/cache/cache-20250914T162239Z.json	510e2b644f6ccf13f0cec16f5a6aee0564789284	committed
2025-09-15T13:51:58-04:00	receipt	3670bd79129a17aff21077767f4d9185dd50b9163f186f2607509abc1a5e135e	7f223b407cdf784cf42cb0a523af695830ea88823fcf4d0566e600d410853ff0	275	git	.tau_ledger/cache/cache-20250914T162501Z.json	510e2b644f6ccf13f0cec16f5a6aee0564789284	committed
2025-09-15T13:51:58-04:00	receipt	212a67e25f370c5cee3277dd10fe1ed249bcd7f3dcd740c26d1c57a5c621af1a	54c5c76ecf406d8da276407d4ee6eebcdbb5704cf6cae54f6f2ee04366a480db	275	git	.tau_ledger/cache/cache-20250914T162526Z.json	510e2b644f6ccf13f0cec16f5a6aee0564789284	committed
2025-09-15T13:51:58-04:00	receipt	f6c557fc86f412a6ba18132c84168805d818b6cd2fc433da9a878d9ace0e66ff	6663e9fb371f187219aa2d906bac628688f2611e7fa7f85229cf94fdb9929115	275	git	.tau_ledger/cache/cache-20250914T164603Z.json	510e2b644f6ccf13f0cec16f5a6aee0564789284	committed
2025-09-15T13:51:58-04:00	receipt	27e9088817f41135c71fce4ab59d478589af3055b8f26ef4627d208c45f6d649	746864d7bff3ca27b8a7d86b14732f88256c71e0af874546a6f383498dcf9f0b	275	git	.tau_ledger/cache/cache-20250914T175521Z.json	510e2b644f6ccf13f0cec16f5a6aee0564789284	committed
2025-09-29T02:51:11-04:00	receipt	d40abbf59082f942d4d3dbe4a8a63317dfec39f8a0ba77212c8a1b9c84068fcd		670	git	docs/plans/resurrection_2025-09-29/priority_plan.json	5239b9240f29fc07f47140907e93500b120c2a13	committed
2025-09-19T17:34:16-04:00	receipt	4b440734158fecf3aaef174b5c3f004edd5e1b88c3d7650b4d867621d7011cb6		443	git	analysis/morpho/certificates/cert_20250919T211453Z.json	539bf80e03c9b58ff1b0bad3aa4322b521f2005a	committed
2025-09-19T17:34:16-04:00	receipt	49b4d365b46b29c7ad1a262f5d3826c2107f237eb139591ea9a767d22360b9c0		443	git	analysis/morpho/certificates/cert_20250919T211528Z.json	539bf80e03c9b58ff1b0bad3aa4322b521f2005a	committed
2025-09-19T17:34:16-04:00	receipt	d6672e66662ef4776d01ed15ced827a4848f7fbb8310b748716defef1f9f09e1		443	git	analysis/morpho/certificates/cert_20250919T212149Z.json	539bf80e03c9b58ff1b0bad3aa4322b521f2005a	committed
2025-09-19T17:34:16-04:00	receipt	995a87f35d0b502e3d49f14a399012274c811aaaeb5a728d8618a6a1b0399e8f		443	git	analysis/morpho/certificates/cert_20250919T212729Z.json	539bf80e03c9b58ff1b0bad3aa4322b521f2005a	committed
2025-09-19T17:34:16-04:00	receipt	4e8b32cb94c480f69a4341df165806075d224b58c17fa9caaf0de54f530c0c77		443	git	analysis/morpho/certificates/cert_20250919T212955Z.json	539bf80e03c9b58ff1b0bad3aa4322b521f2005a	committed
2025-09-19T17:34:16-04:00	receipt	fe4070d19d75d6ccb9a8510d7fab7fb3b7db12e2493d26f22c5793f45ee24404		443	git	analysis/morpho/certificates/cert_20250919T213155Z.json	539bf80e03c9b58ff1b0bad3aa4322b521f2005a	committed
2025-09-19T17:34:16-04:00	receipt	49b4d365b46b29c7ad1a262f5d3826c2107f237eb139591ea9a767d22360b9c0		443	git	analysis/morpho/packs/run_20250919T211551Z_02e43a2b71/cert_20250919T211528Z.json	539bf80e03c9b58ff1b0bad3aa4322b521f2005a	committed
2025-09-19T17:34:16-04:00	receipt	d6672e66662ef4776d01ed15ced827a4848f7fbb8310b748716defef1f9f09e1		443	git	analysis/morpho/packs/run_20250919T212153Z_02e43a2b71/cert_20250919T212149Z.json	539bf80e03c9b58ff1b0bad3aa4322b521f2005a	committed
2025-09-19T17:34:16-04:00	receipt	4e8b32cb94c480f69a4341df165806075d224b58c17fa9caaf0de54f530c0c77		443	git	analysis/morpho/packs/run_20250919T212957Z_02e43a2b71/cert_20250919T212955Z.json	539bf80e03c9b58ff1b0bad3aa4322b521f2005a	committed
2025-09-19T17:34:16-04:00	receipt	fe4070d19d75d6ccb9a8510d7fab7fb3b7db12e2493d26f22c5793f45ee24404		443	git	analysis/morpho/packs/run_20250919T213158Z_02e43a2b71/cert_20250919T213155Z.json	539bf80e03c9b58ff1b0bad3aa4322b521f2005a	committed
2025-09-15T06:34:39-04:00	receipt	3e7fb6ecbd1d7f21d5f21a6a481413ebb5509de2e74f2b44be40dfd7ad4b40dc		668	git	docs/schemas/experimental.json	5439ea6c6dcade01f7221e0e15fea2958f3b2bf0	committed
2025-09-14T10:44:29-04:00	receipt	3f01f889bcb600d688ac85f7baf090437046ef15264db97644f696d68c46a88a	deadbeef	323	git	.tau_ledger/holo/holov1-20250914T144418Z.json	54450ffcdaf2717ab14dcd58036bccbdad454461	committed
2025-09-19T13:29:20-04:00	receipt	8529efa7e639723d8f516afaf957a24b14ab1fb02ab5ec3dbd1bced796e1ec52		443	git	.tau_ledger/geom/anchor_20250919172810_73c9c826c7c7ca46239ca835d6a7c7aa65b4ee3ad11df0536853f36ca1fb45dd.json	54797bd253e538fd8a8ef9e36bbbdcafdaac22d5	committed
2025-09-19T13:29:20-04:00	receipt	538544365f80562816e19198d1a05c9b29006cac5b1ff6afc9d89adaa0401045		439	git	.tau_ledger/geom/verify_20250919172811_eb8e554134967468781cdceb80b1f0672cea26aa851a4429072b05147d13387a.json	54797bd253e538fd8a8ef9e36bbbdcafdaac22d5	committed
2025-10-02T03:12:20-04:00	receipt	f691af296daa6e3376df177bb71c76ee199d19d144ac734b2ab5f0141053e628		537	git	.stage_23to29/.tau_ledger/coho_obstruction_v2.json	5634886006567bbc8a0b7e8f6e7798ed4b6d4c8c	committed
2025-10-02T03:12:20-04:00	receipt	33f4a4e06b2898a6c6a159167ee82f5fc82abe7e2c31910c32bc814bf032a4f7		176	git	.stage_23to29/_verify/unzip/tau_crystal/analysis/normalized/L_tau.norm.json	5634886006567bbc8a0b7e8f6e7798ed4b6d4c8c	committed
2025-10-02T03:12:20-04:00	receipt	ea394c1415b513087a8015228669de42d51ed2ebd675681ccc8380b14b670bc9		173	git	.stage_23to29/_verify/unzip/tau_crystal/analysis/normalized/ap.norm.json	5634886006567bbc8a0b7e8f6e7798ed4b6d4c8c	committed
2025-10-02T03:12:20-04:00	receipt	abb7453b9c766a56157359888fec3121376b69248b9bbe1e24a73f5399f7fffd		180	git	.stage_23to29/_verify/unzip/tau_crystal/analysis/normalized/ap_stable.norm.json	5634886006567bbc8a0b7e8f6e7798ed4b6d4c8c	committed
2025-10-02T03:12:20-04:00	receipt	cdc6af0a017286ac5207650b423ba749e4f663f04509d23d4d4da048a96c6b88		189	git	.stage_23to29/_verify/unzip/tau_crystal/analysis/normalized/combined_ap_satake.norm.json	5634886006567bbc8a0b7e8f6e7798ed4b6d4c8c	committed
2025-10-02T03:12:20-04:00	receipt	c45f0930087f3ca471ca81f011b360861c0b3f6c5e37037a86d3d40299e85df4		196	git	.stage_23to29/_verify/unzip/tau_crystal/analysis/normalized/combined_ap_satake_stable.norm.json	5634886006567bbc8a0b7e8f6e7798ed4b6d4c8c	committed
2025-10-02T03:12:20-04:00	receipt	67e61fcd3d168af42e13543061919bae8c204cf864713d8b823bb5ecf2f1cf38		178	git	.stage_23to29/_verify/unzip/tau_crystal/analysis/normalized/motives.norm.json	5634886006567bbc8a0b7e8f6e7798ed4b6d4c8c	committed
2025-10-02T03:12:20-04:00	receipt	75d3b3b6db6e3783b0902414ec2a691ecbfbdbab0f30ccfa91a9c37a5bcd4415		175	git	.stage_23to29/_verify/unzip/tau_crystal/analysis/normalized/rank.norm.json	5634886006567bbc8a0b7e8f6e7798ed4b6d4c8c	committed
2025-10-02T03:12:20-04:00	receipt	7306f16d752d7f2d5879f99fa6f8435399f0d6aaa736a9d9efa133e9c13bfcb5		177	git	.stage_23to29/_verify/unzip/tau_crystal/analysis/normalized/satake.norm.json	5634886006567bbc8a0b7e8f6e7798ed4b6d4c8c	committed
2025-10-02T03:12:20-04:00	receipt	6382ef78f4387b8818dbf3f4164c632bd28406aff3d5cb58c42b6901b37f9e22		184	git	.stage_23to29/_verify/unzip/tau_crystal/analysis/normalized/satake_stable.norm.json	5634886006567bbc8a0b7e8f6e7798ed4b6d4c8c	committed
2025-10-02T03:12:20-04:00	receipt	ee841c184911addefc9e6381d52cf161d37f2a89cd5ff12b64a471a267ab8fdc	b7d4a22f2f9c8f4092bfffd54b9ddd1574939c725f54644e8eb99e33dda748d3	156	git	.stage_23to29/analysis/capsules/auto-20250922T214829Z/.receipt.json	5634886006567bbc8a0b7e8f6e7798ed4b6d4c8c	committed
2025-10-02T03:12:20-04:00	receipt	3545c8a20005d8161241bfc85992f79a60616b5821f3948a4310125755cd4ee4	cc5b674f8fac163d5b25ccff31d0e08f0d5c618e36dbbe26fb07675671e73d73	592	git	.stage_23to29/analysis/capsules/auto-20250922T214829Z/ap.json	5634886006567bbc8a0b7e8f6e7798ed4b6d4c8c	committed
2025-10-02T03:12:20-04:00	receipt	0962b622b37fded95f9d239835f07eacc1f556c3bfb2d29a62a8f00ea66e27a4	ecf817815289060a4d4e86a5975da450c7b0f6d3adee82b289bb82fa8905b94d	156	git	.stage_23to29/analysis/capsules/auto-20250922T214829Z/capsule.receipt.json	5634886006567bbc8a0b7e8f6e7798ed4b6d4c8c	committed
2025-10-02T03:12:20-04:00	receipt	0d9ffb177da31d8bfd6d59907df7eb421d62a6c13f3d4b25986b19e87d70a38d	11083d6ed31e71bc87d92b9486402e967dad22cdb03acf0729bc1020ecde8e1f	159281	git	.stage_23to29/analysis/capsules/auto-20250922T214829Z/confirm_double_zero_stable.json	5634886006567bbc8a0b7e8f6e7798ed4b6d4c8c	committed
2025-10-02T03:12:20-04:00	receipt	986d3400fdfa8e4d747eb79ea91c0622cbeb74ce6877af40718016a78d807d75	83f3e5b58f3a3d3ef31539d40aaaac1b200298d7379df77d6895dab78280421f	537	git	.stage_23to29/analysis/capsules/auto-20250922T214829Z/double_zero.json	5634886006567bbc8a0b7e8f6e7798ed4b6d4c8c	committed
2025-10-02T03:12:20-04:00	receipt	b97f7b3bd4f72894ce2a3491ad90474933e532b22ebf6b1c97ecef5a8185355d		726	git	.stage_23to29/analysis/capsules/auto-20250922T214829Z/manifest.json	5634886006567bbc8a0b7e8f6e7798ed4b6d4c8c	committed
2025-10-02T03:12:20-04:00	receipt	b31ca808d9250953ba5ea5e0bd6db41794bb416d0bf7d4ae2d7d1a889d2f5e32		704	git	.stage_23to29/analysis/capsules/auto-20250922T214829Z/tanh_lineage.json	5634886006567bbc8a0b7e8f6e7798ed4b6d4c8c	committed
2025-10-02T03:12:20-04:00	receipt	26b2a46487039f61124dd904602326064ce8c1e028af02bdef3aaa4a49bba826	3a7c3f6e379b8f5dd91a72f45e847538933f5b90d4676e15be6b6b031fb1a210	156	git	.stage_23to29/analysis/capsules/auto-20250922T215137Z/capsule.receipt.json	5634886006567bbc8a0b7e8f6e7798ed4b6d4c8c	committed
2025-10-02T03:12:20-04:00	receipt	0d9ffb177da31d8bfd6d59907df7eb421d62a6c13f3d4b25986b19e87d70a38d	11083d6ed31e71bc87d92b9486402e967dad22cdb03acf0729bc1020ecde8e1f	159281	git	.stage_23to29/analysis/capsules/auto-20250922T215137Z/confirm_double_zero_stable.json	5634886006567bbc8a0b7e8f6e7798ed4b6d4c8c	committed
2025-10-02T03:12:20-04:00	receipt	986d3400fdfa8e4d747eb79ea91c0622cbeb74ce6877af40718016a78d807d75	83f3e5b58f3a3d3ef31539d40aaaac1b200298d7379df77d6895dab78280421f	537	git	.stage_23to29/analysis/capsules/auto-20250922T215137Z/double_zero.json	5634886006567bbc8a0b7e8f6e7798ed4b6d4c8c	committed
2025-10-02T03:12:20-04:00	receipt	3545c8a20005d8161241bfc85992f79a60616b5821f3948a4310125755cd4ee4	cc5b674f8fac163d5b25ccff31d0e08f0d5c618e36dbbe26fb07675671e73d73	592	git	.stage_23to29/analysis/capsules/auto-20250922T215137Z/ledger_ap.json	5634886006567bbc8a0b7e8f6e7798ed4b6d4c8c	committed
2025-10-02T03:12:20-04:00	receipt	b31ca808d9250953ba5ea5e0bd6db41794bb416d0bf7d4ae2d7d1a889d2f5e32		704	git	.stage_23to29/analysis/capsules/auto-20250922T215137Z/tanh_lineage.json	5634886006567bbc8a0b7e8f6e7798ed4b6d4c8c	committed
2025-10-02T03:12:20-04:00	receipt	7966864ca907c9e077dd06048a2a37feb0ab46959c0d3dbe75bfdf858cb0bacb	3e85a22af30ee1612ca35d533e7ece680ea2803e61cfec7f7bd6f9060bad4643	156	git	.stage_23to29/analysis/capsules/auto-20250922T220215Z.receipt.json	5634886006567bbc8a0b7e8f6e7798ed4b6d4c8c	committed
2025-10-02T03:12:20-04:00	receipt	3545c8a20005d8161241bfc85992f79a60616b5821f3948a4310125755cd4ee4	cc5b674f8fac163d5b25ccff31d0e08f0d5c618e36dbbe26fb07675671e73d73	592	git	.stage_23to29/analysis/capsules/auto-20250922T220215Z/ap.json	5634886006567bbc8a0b7e8f6e7798ed4b6d4c8c	committed
2025-10-02T03:12:20-04:00	receipt	363ded8e0a809542e930a8af3fdbb59dcf5b0f6d68b393a97fc628ef33b75548	3e85a22af30ee1612ca35d533e7ece680ea2803e61cfec7f7bd6f9060bad4643	156	git	.stage_23to29/analysis/capsules/auto-20250922T220215Z/capsule.receipt.json	5634886006567bbc8a0b7e8f6e7798ed4b6d4c8c	committed
2025-10-02T03:12:20-04:00	receipt	0d9ffb177da31d8bfd6d59907df7eb421d62a6c13f3d4b25986b19e87d70a38d	11083d6ed31e71bc87d92b9486402e967dad22cdb03acf0729bc1020ecde8e1f	159281	git	.stage_23to29/analysis/capsules/auto-20250922T220215Z/confirm_double_zero_stable.json	5634886006567bbc8a0b7e8f6e7798ed4b6d4c8c	committed
2025-10-02T03:12:20-04:00	receipt	986d3400fdfa8e4d747eb79ea91c0622cbeb74ce6877af40718016a78d807d75	83f3e5b58f3a3d3ef31539d40aaaac1b200298d7379df77d6895dab78280421f	537	git	.stage_23to29/analysis/capsules/auto-20250922T220215Z/double_zero.json	5634886006567bbc8a0b7e8f6e7798ed4b6d4c8c	committed
2025-10-02T03:12:20-04:00	receipt	350fb4e1ac9acbd6887f3b67b69a2fed95b81e87db61712d4d74cf813b2d4af0		726	git	.stage_23to29/analysis/capsules/auto-20250922T220215Z/manifest.json	5634886006567bbc8a0b7e8f6e7798ed4b6d4c8c	committed
2025-10-02T03:12:20-04:00	receipt	b31ca808d9250953ba5ea5e0bd6db41794bb416d0bf7d4ae2d7d1a889d2f5e32		704	git	.stage_23to29/analysis/capsules/auto-20250922T220215Z/tanh_lineage.json	5634886006567bbc8a0b7e8f6e7798ed4b6d4c8c	committed
2025-10-02T03:12:20-04:00	receipt	5d425aa4929b3cad62559f092de0031b15c55581e384ba835c6ee3af04e8997a	6e6bb58bc82a0e7c54de4e1a6b53d3ae33215c8891cdc1fe7607957adc43f952	156	git	.stage_23to29/analysis/capsules/auto-20250922T220241Z/capsule.receipt.json	5634886006567bbc8a0b7e8f6e7798ed4b6d4c8c	committed
2025-10-02T03:12:20-04:00	receipt	0d9ffb177da31d8bfd6d59907df7eb421d62a6c13f3d4b25986b19e87d70a38d	11083d6ed31e71bc87d92b9486402e967dad22cdb03acf0729bc1020ecde8e1f	159281	git	.stage_23to29/analysis/capsules/auto-20250922T220241Z/confirm_double_zero_stable.json	5634886006567bbc8a0b7e8f6e7798ed4b6d4c8c	committed
2025-10-02T03:12:20-04:00	receipt	986d3400fdfa8e4d747eb79ea91c0622cbeb74ce6877af40718016a78d807d75	83f3e5b58f3a3d3ef31539d40aaaac1b200298d7379df77d6895dab78280421f	537	git	.stage_23to29/analysis/capsules/auto-20250922T220241Z/double_zero.json	5634886006567bbc8a0b7e8f6e7798ed4b6d4c8c	committed
2025-10-02T03:12:20-04:00	receipt	3545c8a20005d8161241bfc85992f79a60616b5821f3948a4310125755cd4ee4	cc5b674f8fac163d5b25ccff31d0e08f0d5c618e36dbbe26fb07675671e73d73	592	git	.stage_23to29/analysis/capsules/auto-20250922T220241Z/ledger_ap.json	5634886006567bbc8a0b7e8f6e7798ed4b6d4c8c	committed
2025-10-02T03:12:20-04:00	receipt	b31ca808d9250953ba5ea5e0bd6db41794bb416d0bf7d4ae2d7d1a889d2f5e32		704	git	.stage_23to29/analysis/capsules/auto-20250922T220241Z/tanh_lineage.json	5634886006567bbc8a0b7e8f6e7798ed4b6d4c8c	committed
2025-10-02T03:12:20-04:00	receipt	8f706718de2fb40ca98fba81a5c5e1899718dd7f9a26b7f81722374403b083c8	05f2e980f977b186133321b62c7ca9b2d0a5bb3d2a3e01131f4d18438a1b037d	156	git	.stage_23to29/analysis/capsules/auto-20250922T222942Z/capsule.receipt.json	5634886006567bbc8a0b7e8f6e7798ed4b6d4c8c	committed
2025-10-02T03:12:20-04:00	receipt	0d9ffb177da31d8bfd6d59907df7eb421d62a6c13f3d4b25986b19e87d70a38d	11083d6ed31e71bc87d92b9486402e967dad22cdb03acf0729bc1020ecde8e1f	159281	git	.stage_23to29/analysis/capsules/auto-20250922T222942Z/confirm_double_zero_stable.json	5634886006567bbc8a0b7e8f6e7798ed4b6d4c8c	committed
2025-10-02T03:12:20-04:00	receipt	986d3400fdfa8e4d747eb79ea91c0622cbeb74ce6877af40718016a78d807d75	83f3e5b58f3a3d3ef31539d40aaaac1b200298d7379df77d6895dab78280421f	537	git	.stage_23to29/analysis/capsules/auto-20250922T222942Z/double_zero.json	5634886006567bbc8a0b7e8f6e7798ed4b6d4c8c	committed
2025-10-02T03:12:20-04:00	receipt	3545c8a20005d8161241bfc85992f79a60616b5821f3948a4310125755cd4ee4	cc5b674f8fac163d5b25ccff31d0e08f0d5c618e36dbbe26fb07675671e73d73	592	git	.stage_23to29/analysis/capsules/auto-20250922T222942Z/ledger_ap.json	5634886006567bbc8a0b7e8f6e7798ed4b6d4c8c	committed
2025-10-02T03:12:20-04:00	receipt	b31ca808d9250953ba5ea5e0bd6db41794bb416d0bf7d4ae2d7d1a889d2f5e32		704	git	.stage_23to29/analysis/capsules/auto-20250922T222942Z/tanh_lineage.json	5634886006567bbc8a0b7e8f6e7798ed4b6d4c8c	committed
2025-10-02T03:12:20-04:00	receipt	27fef9605fa34452c0f7e9c2d2ec674178c760cf641cf670aad72097b6704e15	6d48389e17d32503e1ac15d33c9c95a573eb0adf58e4fed1da9c5529bb2a4cd8	156	git	.stage_23to29/analysis/capsules/auto-20250922T224731Z/capsule.receipt.json	5634886006567bbc8a0b7e8f6e7798ed4b6d4c8c	committed
2025-10-02T03:12:20-04:00	receipt	0d9ffb177da31d8bfd6d59907df7eb421d62a6c13f3d4b25986b19e87d70a38d	11083d6ed31e71bc87d92b9486402e967dad22cdb03acf0729bc1020ecde8e1f	159281	git	.stage_23to29/analysis/capsules/auto-20250922T224731Z/confirm_double_zero_stable.json	5634886006567bbc8a0b7e8f6e7798ed4b6d4c8c	committed
2025-10-02T03:12:20-04:00	receipt	986d3400fdfa8e4d747eb79ea91c0622cbeb74ce6877af40718016a78d807d75	83f3e5b58f3a3d3ef31539d40aaaac1b200298d7379df77d6895dab78280421f	537	git	.stage_23to29/analysis/capsules/auto-20250922T224731Z/double_zero.json	5634886006567bbc8a0b7e8f6e7798ed4b6d4c8c	committed
2025-10-02T03:12:20-04:00	receipt	3545c8a20005d8161241bfc85992f79a60616b5821f3948a4310125755cd4ee4	cc5b674f8fac163d5b25ccff31d0e08f0d5c618e36dbbe26fb07675671e73d73	592	git	.stage_23to29/analysis/capsules/auto-20250922T224731Z/ledger_ap.json	5634886006567bbc8a0b7e8f6e7798ed4b6d4c8c	committed
2025-10-02T03:12:20-04:00	receipt	b31ca808d9250953ba5ea5e0bd6db41794bb416d0bf7d4ae2d7d1a889d2f5e32		704	git	.stage_23to29/analysis/capsules/auto-20250922T224731Z/tanh_lineage.json	5634886006567bbc8a0b7e8f6e7798ed4b6d4c8c	committed
2025-10-02T03:12:20-04:00	receipt	3f42219f9caae3df4092bccd2cfcfcf2cc6f7c881e558f4e99b7215722a3c0f1		209	git	.stage_23to29/analysis/capsules/auto-20250923T153800Z/capsule.receipt.json	5634886006567bbc8a0b7e8f6e7798ed4b6d4c8c	committed
2025-10-02T03:12:20-04:00	receipt	7470c7a13811e0cd43debd229f09ad3a646544d1e8351cdebe04523d0e4a48a4		209	git	.stage_23to29/analysis/capsules/auto-20250923T154931Z/capsule.receipt.json	5634886006567bbc8a0b7e8f6e7798ed4b6d4c8c	committed
2025-10-02T03:12:20-04:00	receipt	b31ca808d9250953ba5ea5e0bd6db41794bb416d0bf7d4ae2d7d1a889d2f5e32		704	git	.stage_23to29/analysis/dynamics/tanh_lineage.json	5634886006567bbc8a0b7e8f6e7798ed4b6d4c8c	committed
2025-10-02T03:12:20-04:00	receipt	4b440734158fecf3aaef174b5c3f004edd5e1b88c3d7650b4d867621d7011cb6		443	git	.stage_23to29/analysis/morpho/certificates/cert_20250919T211453Z.json	5634886006567bbc8a0b7e8f6e7798ed4b6d4c8c	committed
2025-10-02T03:12:20-04:00	receipt	49b4d365b46b29c7ad1a262f5d3826c2107f237eb139591ea9a767d22360b9c0		443	git	.stage_23to29/analysis/morpho/certificates/cert_20250919T211528Z.json	5634886006567bbc8a0b7e8f6e7798ed4b6d4c8c	committed
2025-10-02T03:12:20-04:00	receipt	d6672e66662ef4776d01ed15ced827a4848f7fbb8310b748716defef1f9f09e1		443	git	.stage_23to29/analysis/morpho/certificates/cert_20250919T212149Z.json	5634886006567bbc8a0b7e8f6e7798ed4b6d4c8c	committed
2025-10-02T03:12:20-04:00	receipt	995a87f35d0b502e3d49f14a399012274c811aaaeb5a728d8618a6a1b0399e8f		443	git	.stage_23to29/analysis/morpho/certificates/cert_20250919T212729Z.json	5634886006567bbc8a0b7e8f6e7798ed4b6d4c8c	committed
2025-10-02T03:12:20-04:00	receipt	4e8b32cb94c480f69a4341df165806075d224b58c17fa9caaf0de54f530c0c77		443	git	.stage_23to29/analysis/morpho/certificates/cert_20250919T212955Z.json	5634886006567bbc8a0b7e8f6e7798ed4b6d4c8c	committed
2025-10-02T03:12:20-04:00	receipt	fe4070d19d75d6ccb9a8510d7fab7fb3b7db12e2493d26f22c5793f45ee24404		443	git	.stage_23to29/analysis/morpho/certificates/cert_20250919T213155Z.json	5634886006567bbc8a0b7e8f6e7798ed4b6d4c8c	committed
2025-10-02T03:12:20-04:00	receipt	49b4d365b46b29c7ad1a262f5d3826c2107f237eb139591ea9a767d22360b9c0		443	git	.stage_23to29/analysis/morpho/packs/run_20250919T211551Z_02e43a2b71/cert_20250919T211528Z.json	5634886006567bbc8a0b7e8f6e7798ed4b6d4c8c	committed
2025-10-02T03:12:20-04:00	receipt	d6672e66662ef4776d01ed15ced827a4848f7fbb8310b748716defef1f9f09e1		443	git	.stage_23to29/analysis/morpho/packs/run_20250919T212153Z_02e43a2b71/cert_20250919T212149Z.json	5634886006567bbc8a0b7e8f6e7798ed4b6d4c8c	committed
2025-10-02T03:12:20-04:00	receipt	4e8b32cb94c480f69a4341df165806075d224b58c17fa9caaf0de54f530c0c77		443	git	.stage_23to29/analysis/morpho/packs/run_20250919T212957Z_02e43a2b71/cert_20250919T212955Z.json	5634886006567bbc8a0b7e8f6e7798ed4b6d4c8c	committed
2025-10-02T03:12:20-04:00	receipt	fe4070d19d75d6ccb9a8510d7fab7fb3b7db12e2493d26f22c5793f45ee24404		443	git	.stage_23to29/analysis/morpho/packs/run_20250919T213158Z_02e43a2b71/cert_20250919T213155Z.json	5634886006567bbc8a0b7e8f6e7798ed4b6d4c8c	committed
2025-10-02T03:12:20-04:00	receipt	33f4a4e06b2898a6c6a159167ee82f5fc82abe7e2c31910c32bc814bf032a4f7		176	git	.stage_23to29/analysis/normalized/L_tau.norm.json	5634886006567bbc8a0b7e8f6e7798ed4b6d4c8c	committed
2025-10-02T03:12:20-04:00	receipt	ea394c1415b513087a8015228669de42d51ed2ebd675681ccc8380b14b670bc9		173	git	.stage_23to29/analysis/normalized/ap.norm.json	5634886006567bbc8a0b7e8f6e7798ed4b6d4c8c	committed
2025-10-02T03:12:20-04:00	receipt	abb7453b9c766a56157359888fec3121376b69248b9bbe1e24a73f5399f7fffd		180	git	.stage_23to29/analysis/normalized/ap_stable.norm.json	5634886006567bbc8a0b7e8f6e7798ed4b6d4c8c	committed
2025-10-02T03:12:20-04:00	receipt	cdc6af0a017286ac5207650b423ba749e4f663f04509d23d4d4da048a96c6b88		189	git	.stage_23to29/analysis/normalized/combined_ap_satake.norm.json	5634886006567bbc8a0b7e8f6e7798ed4b6d4c8c	committed
2025-10-02T03:12:20-04:00	receipt	c45f0930087f3ca471ca81f011b360861c0b3f6c5e37037a86d3d40299e85df4		196	git	.stage_23to29/analysis/normalized/combined_ap_satake_stable.norm.json	5634886006567bbc8a0b7e8f6e7798ed4b6d4c8c	committed
2025-10-02T03:12:20-04:00	receipt	67e61fcd3d168af42e13543061919bae8c204cf864713d8b823bb5ecf2f1cf38		178	git	.stage_23to29/analysis/normalized/motives.norm.json	5634886006567bbc8a0b7e8f6e7798ed4b6d4c8c	committed
2025-10-02T03:12:20-04:00	receipt	75d3b3b6db6e3783b0902414ec2a691ecbfbdbab0f30ccfa91a9c37a5bcd4415		175	git	.stage_23to29/analysis/normalized/rank.norm.json	5634886006567bbc8a0b7e8f6e7798ed4b6d4c8c	committed
2025-10-02T03:12:20-04:00	receipt	7306f16d752d7f2d5879f99fa6f8435399f0d6aaa736a9d9efa133e9c13bfcb5		177	git	.stage_23to29/analysis/normalized/satake.norm.json	5634886006567bbc8a0b7e8f6e7798ed4b6d4c8c	committed
2025-10-02T03:12:20-04:00	receipt	6382ef78f4387b8818dbf3f4164c632bd28406aff3d5cb58c42b6901b37f9e22		184	git	.stage_23to29/analysis/normalized/satake_stable.norm.json	5634886006567bbc8a0b7e8f6e7798ed4b6d4c8c	committed
2025-10-02T03:12:20-04:00	receipt	992e765a10a1bf30185f91428027ed867d2cdfd0fd486fa6fc2baac6dad12d4f		305	git	.tau_ledger/corridor_status.json	5634886006567bbc8a0b7e8f6e7798ed4b6d4c8c	committed
2025-10-02T03:12:20-04:00	receipt	ee841c184911addefc9e6381d52cf161d37f2a89cd5ff12b64a471a267ab8fdc	b7d4a22f2f9c8f4092bfffd54b9ddd1574939c725f54644e8eb99e33dda748d3	156	git	analysis/capsules/auto-20250922T214829Z/.receipt.json	5634886006567bbc8a0b7e8f6e7798ed4b6d4c8c	committed
2025-10-02T03:12:20-04:00	receipt	3545c8a20005d8161241bfc85992f79a60616b5821f3948a4310125755cd4ee4	cc5b674f8fac163d5b25ccff31d0e08f0d5c618e36dbbe26fb07675671e73d73	592	git	analysis/capsules/auto-20250922T214829Z/ap.json	5634886006567bbc8a0b7e8f6e7798ed4b6d4c8c	committed
2025-10-02T03:12:20-04:00	receipt	0962b622b37fded95f9d239835f07eacc1f556c3bfb2d29a62a8f00ea66e27a4	ecf817815289060a4d4e86a5975da450c7b0f6d3adee82b289bb82fa8905b94d	156	git	analysis/capsules/auto-20250922T214829Z/capsule.receipt.json	5634886006567bbc8a0b7e8f6e7798ed4b6d4c8c	committed
2025-10-02T03:12:20-04:00	receipt	0d9ffb177da31d8bfd6d59907df7eb421d62a6c13f3d4b25986b19e87d70a38d	11083d6ed31e71bc87d92b9486402e967dad22cdb03acf0729bc1020ecde8e1f	159281	git	analysis/capsules/auto-20250922T214829Z/confirm_double_zero_stable.json	5634886006567bbc8a0b7e8f6e7798ed4b6d4c8c	committed
2025-10-02T03:12:20-04:00	receipt	986d3400fdfa8e4d747eb79ea91c0622cbeb74ce6877af40718016a78d807d75	83f3e5b58f3a3d3ef31539d40aaaac1b200298d7379df77d6895dab78280421f	537	git	analysis/capsules/auto-20250922T214829Z/double_zero.json	5634886006567bbc8a0b7e8f6e7798ed4b6d4c8c	committed
2025-10-02T03:12:20-04:00	receipt	b97f7b3bd4f72894ce2a3491ad90474933e532b22ebf6b1c97ecef5a8185355d		726	git	analysis/capsules/auto-20250922T214829Z/manifest.json	5634886006567bbc8a0b7e8f6e7798ed4b6d4c8c	committed
2025-10-02T03:12:20-04:00	receipt	b31ca808d9250953ba5ea5e0bd6db41794bb416d0bf7d4ae2d7d1a889d2f5e32		704	git	analysis/capsules/auto-20250922T214829Z/tanh_lineage.json	5634886006567bbc8a0b7e8f6e7798ed4b6d4c8c	committed
2025-10-02T03:12:20-04:00	receipt	26b2a46487039f61124dd904602326064ce8c1e028af02bdef3aaa4a49bba826	3a7c3f6e379b8f5dd91a72f45e847538933f5b90d4676e15be6b6b031fb1a210	156	git	analysis/capsules/auto-20250922T215137Z/capsule.receipt.json	5634886006567bbc8a0b7e8f6e7798ed4b6d4c8c	committed
2025-10-02T03:12:20-04:00	receipt	0d9ffb177da31d8bfd6d59907df7eb421d62a6c13f3d4b25986b19e87d70a38d	11083d6ed31e71bc87d92b9486402e967dad22cdb03acf0729bc1020ecde8e1f	159281	git	analysis/capsules/auto-20250922T215137Z/confirm_double_zero_stable.json	5634886006567bbc8a0b7e8f6e7798ed4b6d4c8c	committed
2025-10-02T03:12:20-04:00	receipt	986d3400fdfa8e4d747eb79ea91c0622cbeb74ce6877af40718016a78d807d75	83f3e5b58f3a3d3ef31539d40aaaac1b200298d7379df77d6895dab78280421f	537	git	analysis/capsules/auto-20250922T215137Z/double_zero.json	5634886006567bbc8a0b7e8f6e7798ed4b6d4c8c	committed
2025-10-02T03:12:20-04:00	receipt	3545c8a20005d8161241bfc85992f79a60616b5821f3948a4310125755cd4ee4	cc5b674f8fac163d5b25ccff31d0e08f0d5c618e36dbbe26fb07675671e73d73	592	git	analysis/capsules/auto-20250922T215137Z/ledger_ap.json	5634886006567bbc8a0b7e8f6e7798ed4b6d4c8c	committed
2025-10-02T03:12:20-04:00	receipt	b31ca808d9250953ba5ea5e0bd6db41794bb416d0bf7d4ae2d7d1a889d2f5e32		704	git	analysis/capsules/auto-20250922T215137Z/tanh_lineage.json	5634886006567bbc8a0b7e8f6e7798ed4b6d4c8c	committed
2025-10-02T03:12:20-04:00	receipt	7966864ca907c9e077dd06048a2a37feb0ab46959c0d3dbe75bfdf858cb0bacb	3e85a22af30ee1612ca35d533e7ece680ea2803e61cfec7f7bd6f9060bad4643	156	git	analysis/capsules/auto-20250922T220215Z.receipt.json	5634886006567bbc8a0b7e8f6e7798ed4b6d4c8c	committed
2025-10-02T03:12:20-04:00	receipt	3545c8a20005d8161241bfc85992f79a60616b5821f3948a4310125755cd4ee4	cc5b674f8fac163d5b25ccff31d0e08f0d5c618e36dbbe26fb07675671e73d73	592	git	analysis/capsules/auto-20250922T220215Z/ap.json	5634886006567bbc8a0b7e8f6e7798ed4b6d4c8c	committed
2025-10-02T03:12:20-04:00	receipt	363ded8e0a809542e930a8af3fdbb59dcf5b0f6d68b393a97fc628ef33b75548	3e85a22af30ee1612ca35d533e7ece680ea2803e61cfec7f7bd6f9060bad4643	156	git	analysis/capsules/auto-20250922T220215Z/capsule.receipt.json	5634886006567bbc8a0b7e8f6e7798ed4b6d4c8c	committed
2025-10-02T03:12:20-04:00	receipt	0d9ffb177da31d8bfd6d59907df7eb421d62a6c13f3d4b25986b19e87d70a38d	11083d6ed31e71bc87d92b9486402e967dad22cdb03acf0729bc1020ecde8e1f	159281	git	analysis/capsules/auto-20250922T220215Z/confirm_double_zero_stable.json	5634886006567bbc8a0b7e8f6e7798ed4b6d4c8c	committed
2025-10-02T03:12:20-04:00	receipt	986d3400fdfa8e4d747eb79ea91c0622cbeb74ce6877af40718016a78d807d75	83f3e5b58f3a3d3ef31539d40aaaac1b200298d7379df77d6895dab78280421f	537	git	analysis/capsules/auto-20250922T220215Z/double_zero.json	5634886006567bbc8a0b7e8f6e7798ed4b6d4c8c	committed
2025-10-02T03:12:20-04:00	receipt	350fb4e1ac9acbd6887f3b67b69a2fed95b81e87db61712d4d74cf813b2d4af0		726	git	analysis/capsules/auto-20250922T220215Z/manifest.json	5634886006567bbc8a0b7e8f6e7798ed4b6d4c8c	committed
2025-10-02T03:12:20-04:00	receipt	b31ca808d9250953ba5ea5e0bd6db41794bb416d0bf7d4ae2d7d1a889d2f5e32		704	git	analysis/capsules/auto-20250922T220215Z/tanh_lineage.json	5634886006567bbc8a0b7e8f6e7798ed4b6d4c8c	committed
2025-10-02T03:12:20-04:00	receipt	5d425aa4929b3cad62559f092de0031b15c55581e384ba835c6ee3af04e8997a	6e6bb58bc82a0e7c54de4e1a6b53d3ae33215c8891cdc1fe7607957adc43f952	156	git	analysis/capsules/auto-20250922T220241Z/capsule.receipt.json	5634886006567bbc8a0b7e8f6e7798ed4b6d4c8c	committed
2025-10-02T03:12:20-04:00	receipt	0d9ffb177da31d8bfd6d59907df7eb421d62a6c13f3d4b25986b19e87d70a38d	11083d6ed31e71bc87d92b9486402e967dad22cdb03acf0729bc1020ecde8e1f	159281	git	analysis/capsules/auto-20250922T220241Z/confirm_double_zero_stable.json	5634886006567bbc8a0b7e8f6e7798ed4b6d4c8c	committed
2025-10-02T03:12:20-04:00	receipt	986d3400fdfa8e4d747eb79ea91c0622cbeb74ce6877af40718016a78d807d75	83f3e5b58f3a3d3ef31539d40aaaac1b200298d7379df77d6895dab78280421f	537	git	analysis/capsules/auto-20250922T220241Z/double_zero.json	5634886006567bbc8a0b7e8f6e7798ed4b6d4c8c	committed
2025-10-02T03:12:20-04:00	receipt	3545c8a20005d8161241bfc85992f79a60616b5821f3948a4310125755cd4ee4	cc5b674f8fac163d5b25ccff31d0e08f0d5c618e36dbbe26fb07675671e73d73	592	git	analysis/capsules/auto-20250922T220241Z/ledger_ap.json	5634886006567bbc8a0b7e8f6e7798ed4b6d4c8c	committed
2025-10-02T03:12:20-04:00	receipt	b31ca808d9250953ba5ea5e0bd6db41794bb416d0bf7d4ae2d7d1a889d2f5e32		704	git	analysis/capsules/auto-20250922T220241Z/tanh_lineage.json	5634886006567bbc8a0b7e8f6e7798ed4b6d4c8c	committed
2025-10-02T03:12:20-04:00	receipt	8f706718de2fb40ca98fba81a5c5e1899718dd7f9a26b7f81722374403b083c8	05f2e980f977b186133321b62c7ca9b2d0a5bb3d2a3e01131f4d18438a1b037d	156	git	analysis/capsules/auto-20250922T222942Z/capsule.receipt.json	5634886006567bbc8a0b7e8f6e7798ed4b6d4c8c	committed
2025-10-02T03:12:20-04:00	receipt	0d9ffb177da31d8bfd6d59907df7eb421d62a6c13f3d4b25986b19e87d70a38d	11083d6ed31e71bc87d92b9486402e967dad22cdb03acf0729bc1020ecde8e1f	159281	git	analysis/capsules/auto-20250922T222942Z/confirm_double_zero_stable.json	5634886006567bbc8a0b7e8f6e7798ed4b6d4c8c	committed
2025-10-02T03:12:20-04:00	receipt	986d3400fdfa8e4d747eb79ea91c0622cbeb74ce6877af40718016a78d807d75	83f3e5b58f3a3d3ef31539d40aaaac1b200298d7379df77d6895dab78280421f	537	git	analysis/capsules/auto-20250922T222942Z/double_zero.json	5634886006567bbc8a0b7e8f6e7798ed4b6d4c8c	committed
2025-10-02T03:12:20-04:00	receipt	3545c8a20005d8161241bfc85992f79a60616b5821f3948a4310125755cd4ee4	cc5b674f8fac163d5b25ccff31d0e08f0d5c618e36dbbe26fb07675671e73d73	592	git	analysis/capsules/auto-20250922T222942Z/ledger_ap.json	5634886006567bbc8a0b7e8f6e7798ed4b6d4c8c	committed
2025-10-02T03:12:20-04:00	receipt	b31ca808d9250953ba5ea5e0bd6db41794bb416d0bf7d4ae2d7d1a889d2f5e32		704	git	analysis/capsules/auto-20250922T222942Z/tanh_lineage.json	5634886006567bbc8a0b7e8f6e7798ed4b6d4c8c	committed
2025-10-02T03:12:20-04:00	receipt	27fef9605fa34452c0f7e9c2d2ec674178c760cf641cf670aad72097b6704e15	6d48389e17d32503e1ac15d33c9c95a573eb0adf58e4fed1da9c5529bb2a4cd8	156	git	analysis/capsules/auto-20250922T224731Z/capsule.receipt.json	5634886006567bbc8a0b7e8f6e7798ed4b6d4c8c	committed
2025-10-02T03:12:20-04:00	receipt	0d9ffb177da31d8bfd6d59907df7eb421d62a6c13f3d4b25986b19e87d70a38d	11083d6ed31e71bc87d92b9486402e967dad22cdb03acf0729bc1020ecde8e1f	159281	git	analysis/capsules/auto-20250922T224731Z/confirm_double_zero_stable.json	5634886006567bbc8a0b7e8f6e7798ed4b6d4c8c	committed
2025-10-02T03:12:20-04:00	receipt	986d3400fdfa8e4d747eb79ea91c0622cbeb74ce6877af40718016a78d807d75	83f3e5b58f3a3d3ef31539d40aaaac1b200298d7379df77d6895dab78280421f	537	git	analysis/capsules/auto-20250922T224731Z/double_zero.json	5634886006567bbc8a0b7e8f6e7798ed4b6d4c8c	committed
2025-10-02T03:12:20-04:00	receipt	3545c8a20005d8161241bfc85992f79a60616b5821f3948a4310125755cd4ee4	cc5b674f8fac163d5b25ccff31d0e08f0d5c618e36dbbe26fb07675671e73d73	592	git	analysis/capsules/auto-20250922T224731Z/ledger_ap.json	5634886006567bbc8a0b7e8f6e7798ed4b6d4c8c	committed
2025-10-02T03:12:20-04:00	receipt	b31ca808d9250953ba5ea5e0bd6db41794bb416d0bf7d4ae2d7d1a889d2f5e32		704	git	analysis/capsules/auto-20250922T224731Z/tanh_lineage.json	5634886006567bbc8a0b7e8f6e7798ed4b6d4c8c	committed
2025-10-02T03:12:20-04:00	receipt	3f42219f9caae3df4092bccd2cfcfcf2cc6f7c881e558f4e99b7215722a3c0f1		209	git	analysis/capsules/auto-20250923T153800Z/capsule.receipt.json	5634886006567bbc8a0b7e8f6e7798ed4b6d4c8c	committed
2025-10-02T03:12:20-04:00	receipt	7470c7a13811e0cd43debd229f09ad3a646544d1e8351cdebe04523d0e4a48a4		209	git	analysis/capsules/auto-20250923T154931Z/capsule.receipt.json	5634886006567bbc8a0b7e8f6e7798ed4b6d4c8c	committed
2025-09-14T10:21:38-04:00	receipt	be6fe46718d930403bc97bee5dd00d5965b2e808647f914dd74f9b2fa08e307c	deadbeef	323	git	.tau_ledger/holo/holov1-20250914T142135Z.json	56565ac3325912bdb2403365134ae8ebe16d40df	committed
2025-09-28T22:41:18-04:00	receipt	83de6a2b540332505219a60b9302ca0760b9f4a738f3bc1697a864fe365cd10a		545	git	docs/ledger/lean_capsule_manifest.json	568d5feba7a27849461ace12d5c8ced840072383	committed
2025-09-13T01:52:11-04:00	receipt	98db61415ffcc4dac893faf209c40265b60357a60abb02bf62011a7fb12dd419		151	git	receipts/xref/hello.receipt.json	568feb1e272f84e65a765420d9359ebd60b01ed1	committed
2025-10-01T21:01:42-04:00	receipt	63d27eb59cd33bb9f82f5381f470923505cbb6d30c1580a2a9ea7d1be8134bcc		332	git	.cache/_reflect_inputs.json	57f17787f15385b46f5477f80321ec049465c899	committed
2025-10-01T21:01:42-04:00	receipt	63d27eb59cd33bb9f82f5381f470923505cbb6d30c1580a2a9ea7d1be8134bcc		332	git	.stage_23to29/.cache/_reflect_inputs.json	57f17787f15385b46f5477f80321ec049465c899	committed
2025-10-01T21:01:42-04:00	receipt	166b3950b01cd90f678595c919d873b5a4aaba301191ae0040eb39ab8950d85c		887	git	.stage_23to29/_ci_artifacts/physics/post_cert.json	57f17787f15385b46f5477f80321ec049465c899	committed
2025-10-01T21:01:42-04:00	receipt	78127c9ddd18d1de5e9f0a3029d19ccfbc6a4051a3e1d86c805e15f8756b50c9		546	git	.stage_23to29/_ci_artifacts/physics/pre_cert.json	57f17787f15385b46f5477f80321ec049465c899	committed
2025-10-01T21:01:42-04:00	receipt	bca0d65d4dd4eaa0dbca95714281bd769444e65caa5e5677c9156f5a49cb803f		2513	git	.stage_23to29/_fusion_out/MANIFEST.json	57f17787f15385b46f5477f80321ec049465c899	committed
2025-10-01T21:01:42-04:00	receipt	e03089e733ff3c2fc5d85cced202990f8b2f81c78d59de431433457c7dca7088		211	git	.stage_23to29/_fusion_out/plumbing/box-FUSE-D23/cm-sector_receipt.json	57f17787f15385b46f5477f80321ec049465c899	committed
2025-10-01T21:01:42-04:00	receipt	eec6d46ccab68fc5cb3e932dc2aecad230ce055dcec75993727aa6b36e8f22a7	fa6b2a47497a5d89fb526e3041d1b0393c47e29f340f81ca327840aa97edfe95	220	git	.stage_23to29/_verify/unzip/tau_crystal/.tau_ledger/automorphic/critical_zeros.json	57f17787f15385b46f5477f80321ec049465c899	committed
2025-10-01T21:01:42-04:00	receipt	09e312b6be4d71c14eaa4a2d1112450f1acd54935a73b135a6aed7893df89e99	5cc63adf6e6f305128d2932c5b298b78659e7b0e275ac79accaecc5846a992d8	933	git	.stage_23to29/_verify/unzip/tau_crystal/.tau_ledger/automorphic/hecke_1757927249.json	57f17787f15385b46f5477f80321ec049465c899	committed
2025-10-01T21:01:42-04:00	receipt	a01831e8ca3cd482a661f99006df6b4634016e4be47d47cb06f3a29030f616fb	6d2784769bf6e352ad6bc244847a4663009da996f264429fc9c06759222d3004	211	git	.stage_23to29/_verify/unzip/tau_crystal/.tau_ledger/automorphic/new_zeros.json	57f17787f15385b46f5477f80321ec049465c899	committed
2025-10-01T21:01:42-04:00	receipt	bfdc02a2bf75c325f84c435fa3dc3629e2e39c9ea75f4a228328a0c336dfd22f	11083d6ed31e71bc87d92b9486402e967dad22cdb03acf0729bc1020ecde8e1f	159280	git	.stage_23to29/_verify/unzip/tau_crystal/.tau_ledger/discovery/confirm_double_zero.json	57f17787f15385b46f5477f80321ec049465c899	committed
2025-10-01T21:01:42-04:00	receipt	0d9ffb177da31d8bfd6d59907df7eb421d62a6c13f3d4b25986b19e87d70a38d	11083d6ed31e71bc87d92b9486402e967dad22cdb03acf0729bc1020ecde8e1f	159281	git	.stage_23to29/_verify/unzip/tau_crystal/.tau_ledger/discovery/confirm_double_zero_stable.json	57f17787f15385b46f5477f80321ec049465c899	committed
2025-10-01T21:01:42-04:00	receipt	986d3400fdfa8e4d747eb79ea91c0622cbeb74ce6877af40718016a78d807d75	83f3e5b58f3a3d3ef31539d40aaaac1b200298d7379df77d6895dab78280421f	537	git	.stage_23to29/_verify/unzip/tau_crystal/.tau_ledger/discovery/double_zero.json	57f17787f15385b46f5477f80321ec049465c899	committed
2025-10-01T21:01:42-04:00	receipt	ab88141e0c35e5114591916a9c694751674451a41661aa1abe3994a0e83669bf	b0e29df6ca1127409306029d1840a1897f61c387a6573b6f262a1191f426956a	487	git	.stage_23to29/_verify/unzip/tau_crystal/.tau_ledger/experimental/bootstrap_mu.json	57f17787f15385b46f5477f80321ec049465c899	committed
2025-10-01T21:01:42-04:00	receipt	29f14ae522599b7c60c35050d90edba1e520c95584f89fb56f06e4ed85237747	0000000000000000000000000000000000000000000000000000000000000000	439	git	.stage_23to29/_verify/unzip/tau_crystal/.tau_ledger/experimental/bsd_rank1.json	57f17787f15385b46f5477f80321ec049465c899	committed
2025-10-01T21:01:42-04:00	receipt	7efe44f92ea577b62f7646585f661d4da4fe664f958f7820bf1dfe6938666038	cdf5f02c80dc52ccf6b7d2df607b2d1102d75f74cac2ae1899e5f7351d02f813	485	git	.stage_23to29/_verify/unzip/tau_crystal/.tau_ledger/experimental/fft_bsd.json	57f17787f15385b46f5477f80321ec049465c899	committed
2025-10-01T21:01:42-04:00	receipt	4feb9bf405310d2d2fac19144c59703888aef299184795e8b17729b1cd91c57e	0000000000000000000000000000000000000000000000000000000000000000	422	git	.stage_23to29/_verify/unzip/tau_crystal/.tau_ledger/experimental/symsquare_zeros.json	57f17787f15385b46f5477f80321ec049465c899	committed
2025-10-01T21:01:42-04:00	receipt	be6fe46718d930403bc97bee5dd00d5965b2e808647f914dd74f9b2fa08e307c	deadbeef	323	git	.stage_23to29/_verify/unzip/tau_crystal/.tau_ledger/holo/holov1-20250914T142135Z.json	57f17787f15385b46f5477f80321ec049465c899	committed
2025-10-01T21:01:42-04:00	receipt	1940413aab1a6d1fae6fe9f450800b7c1f6cb28dd18aa7e275542217d3c1edde	deadbeef	323	git	.stage_23to29/_verify/unzip/tau_crystal/.tau_ledger/holo/holov1-20250914T143706Z.json	57f17787f15385b46f5477f80321ec049465c899	committed
2025-10-01T21:01:42-04:00	receipt	7dfa6ff4b76ab205be740edd4a840a623b0409200f63473244a97f05b54b9d8e	deadbeef	323	git	.stage_23to29/_verify/unzip/tau_crystal/.tau_ledger/holo/holov1-20250914T144201Z.json	57f17787f15385b46f5477f80321ec049465c899	committed
