{
  "seed": "1757927249",
  "tau": [
    0.2,
    0.23137254901960785,
    0.9254901960784314,
    0.7333333333333333,
    0.25882352941176473,
    0.2235294117647059,
    0.8627450980392157,
    0.9137254901960784,
    0.5843137254901961,
    0.803921568627451,
    0.10980392156862745,
    0.592156862745098,
    0.39215686274509803,
    0.01568627450980392,
    0.4549019607843137,
    0.0,
    0.18823529411764706,
    0.2980392156862745,
    0.5686274509803921,
    0.5058823529411764,
    1.0,
    0.5137254901960784,
    0.5333333333333333,
    0.11372549019607843,
    0.4745098039215686,
    0.4549019607843137,
    0.6274509803921569,
    0.8941176470588236,
    0.9058823529411765,
    0.807843137254902,
    0.8431372549019608,
    0.8745098039215686
  ],
  "hecke": {
    "T_2": 0.21568627450980393,
    "T_3": 0.4522875816993464,
    "T_5": 0.4698039215686275,
    "T_7": 0.49075630252100844,
    "T_11": 0.5315508021390375
  }
}
