{"ok":false,"kind":"tau-crystal.physics.cp_residual","timestamp":"2025-09-10T16:51:51Z","input_sha256":"9cb6db093f3372f665d458dfad3897383c298300bda17366f3af44f05f0a9e4f","angles":{"theta12_deg":48.23037077863336,"theta13_deg":22.661877435468313,"theta23_deg":48.23037077862779,"delta_deg":0.0},"checks":{"theta12_deg":{"obs":48.23037077863336,"exp":[20.0,40.0]},"theta13_deg":{"obs":22.661877435468313,"exp":[5.0,12.0]},"theta23_deg":{"obs":48.23037077862779,"exp":[35.0,55.0]},"delta_deg":{"obs":0.0,"exp":[-10.0,10.0]}}}
