==== TAU-CRYSTAL DAILY LOG ====
date_utc: 20250926T221607Z
day_utc:  20250923
repo: /c/Users/Cody/Desktop/tau_crystal/tau_crystal

== git/identity (hardened) ==
branch: work-20250926
head:   4fd5890e3fa301fd467edb0d70b08017cdf890a6
remote(s):
  origin	https://github.com/towre676-cloud/tau_crystal (fetch)
  origin	https://github.com/towre676-cloud/tau_crystal (push)

== git/status (hardened) ==
 M docs/monographs/crash_proofing_doctrine.md
 M mobile/android/comcapsule/app/src/main/java/com/capsule/MainActivity.kt

== git/diff --cached (summary) ==

== git/diff --cached (patch) ==

== git/diff (summary) ==
 docs/monographs/crash_proofing_doctrine.md         |  32 ++++---
 .../app/src/main/java/com/capsule/MainActivity.kt  | 106 +++++++++++++--------
 2 files changed, 84 insertions(+), 54 deletions(-)

== git/diff (patch) ==
diff --git a/docs/monographs/crash_proofing_doctrine.md b/docs/monographs/crash_proofing_doctrine.md
index e266c443..c9addc3f 100644
--- a/docs/monographs/crash_proofing_doctrine.md
+++ b/docs/monographs/crash_proofing_doctrine.md
@@ -1,21 +1,29 @@
-# Crash‑Proofing Doctrine (CACBE‑Proof Discipline)
+# Crash-Proofing Doctrine (CACBE Discipline)
 
-Every shell/script fragment must begin by asserting the working root, enforcing strict error handling, disabling history expansion, and defaulting to portable POSIX behavior: `cd "$HOME/Desktop/tau_crystal/tau_crystal" || exit 1; set -euo pipefail; set +H; umask 022`. All file writes are performed with printf (never heredocs), all paths are quoted, and all environment inputs are validated or defaulted. CI YAML is strictly quoted; Makefiles use real tabs; Windows Git Bash compatibility is assumed. The linter enumerates violations and the gate refuses commits until the attention ledger is green.
+Every shell or script must start with:
+`cd "$HOME/Desktop/tau_crystal/tau_crystal" || exit 1`
+`set -euo pipefail; set +H; umask 022`
+All file writes use printf (never heredocs). Paths are quoted.
+Inputs are validated or defaulted. CI YAML is safely quoted.
+Makefiles use real tabs. Windows Git Bash compatibility is assumed.
+The linter enumerates violations. The gate blocks until green.
 
 ## Canonical Table of Hazards
 | Code | Hazard | Signature | Severity |
 |---|---|---|---|
 | HEREDOC | Heredoc usage in shell | `<<` or `<<-` | High |
-| NO_ROOT_CD | Missing repo‑root `cd` guard | start of script lacks canonical cd | High |
-| NO_STRICT | Missing `set -euo pipefail` or `set +H` | absent or overridden | High |
-| BAD_VAR | Misspelled/unused var names | inconsistent identifier use | High |
-| UNQUOTED | Unquoted paths/globs | unquoted $VAR in rm/mv/cp args | High |
-| CRLF | DOS line endings in sh/mk | CR bytes present | Medium |
-| NONASCII | Fancy quotes / non‑ASCII | U+2018/2019/201C/201D present | Medium |
-| YAML_Q | Unsafe GitHub Actions quoting | unquoted ${{ }} or YAML scalars with colons | Medium |
-| MAKE_TAB | Space where tab required | spaces before make rules | Medium |
+| NO_ROOT_CD | Missing repo-root cd guard | script start lacks canonical cd | High |
+| NO_STRICT | Missing strict modes | no set -euo pipefail or no set +H | High |
+| BAD_VAR | Misspelled or unused var | inconsistent identifier use | High |
+| UNQUOTED | Unquoted paths or globs | unquoted $VAR in rm/mv/cp args | High |
+| CRLF | DOS line endings | CR bytes in sh or mk | Medium |
+| NONASCII | Fancy quotes or symbols | non-ASCII bytes present | Medium |
+| YAML_Q | Unsafe Actions quoting | unquoted ${{ }} or colon scalars | Medium |
+| MAKE_TAB | Space where tab needed | spaces before make rules | Medium |
 | ADB_CONV | MSYS path conversion risk | unquoted remote adb paths | Medium |
-| LONG_PASTE | Overlong paste blocks | single pasted file > 400 lines | Medium |
+| LONG_PASTE | Overlong paste block | single file > 400 lines | Medium |
 
 ## Operational Law
-Time is central, quoting is universal, heredocs are forbidden, and every change is scanned. The ledger ranks hazards by frequency×severity (attention score) and blocks on red. “Debugging” becomes structural prevention recorded in `.tau_ledger/cacbe/`.
+Time is central. Quoting is universal. Heredocs are forbidden.
+Every change is scanned. The ledger ranks hazards by count x severity.
+Blocking on red turns debugging into prevention. Ledger: `.tau_ledger/cacbe/`.
diff --git a/mobile/android/comcapsule/app/src/main/java/com/capsule/MainActivity.kt b/mobile/android/comcapsule/app/src/main/java/com/capsule/MainActivity.kt
index ff5be16c..5063aedd 100644
--- a/mobile/android/comcapsule/app/src/main/java/com/capsule/MainActivity.kt
+++ b/mobile/android/comcapsule/app/src/main/java/com/capsule/MainActivity.kt
@@ -15,10 +15,14 @@ import android.media.AudioRecord
 import android.media.MediaRecorder
 import java.io.File
 import java.io.FileOutputStream
+import java.io.FileDescriptor
+import java.lang.reflect.Method
 import java.security.MessageDigest
 import org.json.JSONObject
 
 class MainActivity : Activity() {
+  private var didCapture = false
+
   private fun provenance(tag: String) {
     try {
       val p = packageManager.getPackageInfo(packageName, 0)
@@ -33,106 +37,124 @@ class MainActivity : Activity() {
     provenance("onCreate")
 
     val tv = TextView(this).apply {
-      text = "Capsule — witness zero\n\nRecording 5s test on first launch…"
+      text = "Capsule — witness zero\n\nRecording 5s test…"
       textSize = 18f
       gravity = Gravity.CENTER
       layoutParams = ViewGroup.LayoutParams(ViewGroup.LayoutParams.MATCH_PARENT, ViewGroup.LayoutParams.MATCH_PARENT)
     }
     setContentView(tv)
 
-    // Request mic permission if needed, then run deterministic capture once.
+    // Request mic permission if needed
     if (ContextCompat.checkSelfPermission(this, Manifest.permission.RECORD_AUDIO) != PackageManager.PERMISSION_GRANTED) {
       ActivityCompat.requestPermissions(this, arrayOf(Manifest.permission.RECORD_AUDIO), 1001)
-    } else {
-      captureOnce()
     }
   }
 
   override fun onRequestPermissionsResult(requestCode: Int, permissions: Array<out String>, grantResults: IntArray) {
     super.onRequestPermissionsResult(requestCode, permissions, grantResults)
     if (requestCode == 1001 && grantResults.isNotEmpty() && grantResults[0] == PackageManager.PERMISSION_GRANTED) {
-      captureOnce()
+      Log.i("Capsule", "[perm] RECORD_AUDIO=true (granted via prompt)")
+      // Defer actual capture to onResume to ensure we’re foreground
     } else {
-      Log.w("Capsule", "[perm] RECORD_AUDIO denied; skipping capture")
+      Log.w("Capsule", "[perm] RECORD_AUDIO=false; skipping capture")
     }
   }
 
   override fun onResume() {
     super.onResume()
     provenance("onResume")
+    val have = (checkSelfPermission(Manifest.permission.RECORD_AUDIO) == PackageManager.PERMISSION_GRANTED)
+    Log.i("Capsule", "[perm] RECORD_AUDIO=$have")
+    if (have && !didCapture) {
+      didCapture = true
+      // Post to message queue to ensure UI is drawn before we do work
+      window?.decorView?.post { captureOnce() }
+    }
+  }
+
+  private fun fsync(fd: FileDescriptor) {
+    // Reflective fsync to harden writes; safe no-op if unavailable
+    try {
+      val m: Method = FileDescriptor::class.java.getMethod("sync")
+      m.invoke(fd)
+    } catch (_: Throwable) { /* ignore */ }
   }
 
   private fun captureOnce() {
-    // Fixed, deterministic settings
     val sampleRate = 16_000
     val channelConfig = AudioFormat.CHANNEL_IN_MONO
     val audioFormat = AudioFormat.ENCODING_PCM_16BIT
     val seconds = 5
     val bytesPerSample = 2
-    val totalBytes = sampleRate * seconds * bytesPerSample
+    val targetBytes = sampleRate * seconds * bytesPerSample
 
-    // Ensure buffer is at least minBufferSize
     val minBuf = AudioRecord.getMinBufferSize(sampleRate, channelConfig, audioFormat)
     val bufSize = maxOf(minBuf, 4096)
-    val audio = AudioRecord(
-      MediaRecorder.AudioSource.MIC,
-      sampleRate,
-      channelConfig,
-      audioFormat,
-      bufSize
-    )
+    val audio = AudioRecord(MediaRecorder.AudioSource.MIC, sampleRate, channelConfig, audioFormat, bufSize)
 
     val outRaw = File(filesDir, "witness_${System.currentTimeMillis()}_${sampleRate}Hz.pcm")
     var fos: FileOutputStream? = null
+    var bytesWritten = 0
+    val md = MessageDigest.getInstance("SHA-256")
+
     try {
       audio.startRecording()
       fos = FileOutputStream(outRaw)
       val buf = ByteArray(bufSize)
-      var bytesWritten = 0
-      val md = MessageDigest.getInstance("SHA-256")
 
-      while (bytesWritten < totalBytes) {
-        val toRead = minOf(buf.size, totalBytes - bytesWritten)
+      while (bytesWritten < targetBytes) {
+        val toRead = minOf(buf.size, targetBytes - bytesWritten)
         val n = audio.read(buf, 0, toRead)
         if (n > 0) {
           fos.write(buf, 0, n)
           md.update(buf, 0, n)
           bytesWritten += n
+        } else if (n == 0) {
+          // brief yield
+          Thread.sleep(5)
         } else {
-          // read may return 0 or negative on transient; don't spin forever
+          Log.w("Capsule", "[capture] audio.read returned $n; stopping early")
           break
         }
       }
+
       fos.flush()
+      fsync(fos.fd)
 
       val hash = md.digest().joinToString("") { "%02x".format(it) }
-      val p = packageManager.getPackageInfo(packageName, 0)
-      val meta = JSONObject().apply {
-        put("package", packageName)
-        put("versionName", p.versionName)
-        put("versionCode", p.longVersionCode)
-        put("class", this@MainActivity::class.java.name)
-        put("sampleRateHz", sampleRate)
-        put("channels", 1)
-        put("encoding", "PCM_16BIT")
-        put("durationSec", seconds)
-        put("bytes", bytesWritten)
-        put("sha256", hash)
-        put("file", outRaw.name)
-        put("ts", System.currentTimeMillis())
-      }
-      val sidecar = File(outRaw.parentFile, outRaw.nameWithoutExtension + ".json")
-      FileOutputStream(sidecar).use { it.write(meta.toString().toByteArray(Charsets.UTF_8)) }
+      Log.i("Capsule", "[capture] wrote=${bytesWritten}B pcm=${outRaw.name} sha256=$hash")
 
-      Log.i("Capsule", "[capture] wrote=${bytesWritten}B pcm=${outRaw.absolutePath} sha256=$hash sidecar=${sidecar.name}")
+      // Sidecar JSON (guarded)
+      try {
+        val p = packageManager.getPackageInfo(packageName, 0)
+        val meta = JSONObject().apply {
+          put("package", packageName)
+          put("versionName", p.versionName)
+          put("versionCode", p.longVersionCode)
+          put("class", this@MainActivity::class.java.name)
+          put("sampleRateHz", sampleRate)
+          put("channels", 1)
+          put("encoding", "PCM_16BIT")
+          put("durationSec", seconds)
+          put("bytes", bytesWritten)
+          put("sha256", hash)
+          put("file", outRaw.name)
+          put("ts", System.currentTimeMillis())
+        }
+        val sidecar = File(outRaw.parentFile, outRaw.nameWithoutExtension + ".json")
+        FileOutputStream(sidecar).use { it.write(meta.toString().toByteArray(Charsets.UTF_8)) }
+        Log.i("Capsule", "[sidecar] ${sidecar.name} written")
+      } catch (e: Exception) {
+        Log.e("Capsule", "[sidecar] write failed", e)
+      }
     } catch (e: SecurityException) {
       Log.e("Capsule", "[capture] mic permission error", e)
     } catch (e: Exception) {
       Log.e("Capsule", "[capture] failed", e)
     } finally {
-      try { fos?.close() } catch (_: Exception) {}
-      try { audio.stop() } catch (_: Exception) {}
-      try { audio.release() } catch (_: Exception) {}
+      try { fos?.close(); } catch (_: Exception) {}
+      try { audio.stop(); } catch (_: Exception) {}
+      try { audio.release(); } catch (_: Exception) {}
     }
   }
 }

== git/log since 00:00Z ==
4fd5890e3fa301fd467edb0d70b08017cdf890a6 2025-09-26T17:33:23-04:00 Cody Holonomy alignment layer: gate, case, monograph, and CI workflow; jq-free, Bash-only.
6d4f51b5e6ca89c5498711502d0400da6f3be73f 2025-09-26T17:30:53-04:00 Cody Add holonomy alignment layer: Bash gate (jq‑free), sample case, monograph. Certifies d|A and Euler split for χ(B)=0.
1f8b49abfd4ffcee036c0bedcc4cb1c150effe1e 2025-09-26T17:04:03-04:00 Cody Docs: crash-proofing doctrine written with single-quoted printf (no expansion, shell-safe)
90225e5f941c341aa16795f315fa3cafa4d5a9fe 2025-09-26T16:12:35-04:00 Cody τ‑Crystal: Execution Geometry monograph + invariants/guard + CI gate
1998b9c0e187e8d8ef1a801af05c4cefceff716b 2025-09-25T21:08:35-04:00 Cody feat(android): deterministic 5s audio capture → SHA-256 + JSON sidecar (2025-09-26T01:08:33Z)
1c9848888124a9c8614370113fea293c47758e64 2025-09-25T21:05:06-04:00 Cody feat(android): witness heartbeat + provenance; bump 0.0.10 (2025-09-26T01:05:04Z)
005684729de3bdf7a7c8ec8d89f3415cae14217e 2025-09-25T20:56:36-04:00 Cody chore(android): add build/install helper + sync all changes (2025-09-26T00:56:31Z)
7bad2c47c5ae2aacfb804e2220cb7b1dcd7dd528 2025-09-25T20:18:33-04:00 Cody feat(android): add comcapsule app to monorepo at mobile/android/comcapsule (2025-09-26T00:18:16Z)
7a966c3f1f6bf7ef758994b5ea67ef118191e5a4 2025-09-25T19:25:23-04:00 Cody chore: daily sync (2025-09-25T23:25:19Z) — τ‑Crystal and incident/debug artifacts
0b4f97f4d66757323302fd80e2c2bb642721c9d8 2025-09-25T12:33:03-04:00 Cody chore: make thresholds_verify.sh executable
97721f2f3bb21e0c331ef721c478bbfcc30148e0 2025-09-25T12:05:04-04:00 Cody guard: add prepare_runtime_baseline.sh for ledger provisioning
e356b735256a9112308a38045d91f12d36521d74 2025-09-24T10:29:49-04:00 Cody Insert capsule summary and verification block into README
e8aec73ec2f7223379d32074e6b70c8120264844 2025-09-24T10:08:22-04:00 Cody Add demo capsule: payload zip, receipt.json, affidavit placeholder, VERIFY.txt
a8a11362aee6ac73a5b80fc313fa2585b74c56be 2025-09-23T18:31:29-04:00 Cody sales: rebuild seven buyer kits; paste-safe writers; ledger entry 20250923T223116Z
bd38aece343cb070b9bff3a9bc3f293cc08e5437 2025-09-23T18:00:00-04:00 Cody flow: two-loop closed-form + hybrid safe solver; portable SHA; green residual
babed7e9f94e49f7819e795a91b8018f77697308 2025-09-23T17:50:10-04:00 Cody flow: safeguarded two-loop + closed-form; emit N,L_geo,S,MU_DAGGER in receipt
88f4b4e0d162d69e88d99360f3da5dd014732f47 2025-09-23T17:33:23-04:00 Cody ci: make scripts executable for Actions
5873c0065e9bbf02f0d56d65186a833696d04441 2025-09-23T17:24:28-04:00 Cody ci(light): add capsule auto-20250922T220241Z artifacts and seller pubkey
b1bb2fca2f2b6439632e42cdc283a641e0f87572 2025-09-23T17:21:52-04:00 Cody ci(light): trigger
e6c72dbf32c1eaf6483380c61e790b03308800c2 2025-09-23T17:21:43-04:00 Cody ci(light): minimal branch for Actions (OpenSSL verify + Silicon SIM)
== git/log --name-status since 00:00Z ==
A	.github/workflows/holonomy.yml
A	cases/seifert_example.ini
A	docs/monographs/holonomy_alignment.md
A	scripts/gates/holonomy_align.sh
A	scripts/gates/holonomy_align_test.sh
A	docs/monographs/crash_proofing_doctrine.md
A	.exec_geom/exceptionals.tsv
A	.exec_geom/symbol.conf
A	.github/workflows/exec-geometry.yml
A	docs/monographs/execution_geometry_seifert.md
A	scripts/ci/check_execution_geometry.sh
A	scripts/exec_geom/guard.sh
A	scripts/exec_geom/invariants.sh
M	mobile/android/comcapsule/app/src/main/AndroidManifest.xml
M	mobile/android/comcapsule/app/src/main/java/com/capsule/MainActivity.kt
M	scripts/android/build_and_install.sh
M	mobile/android/comcapsule/app/build.gradle.kts
M	mobile/android/comcapsule/app/src/main/java/com/capsule/MainActivity.kt
M	scripts/android/build_and_install.sh
A	scripts/android/build_and_install.sh
A	mobile/android/comcapsule/.gitignore
A	mobile/android/comcapsule/README.md
A	mobile/android/comcapsule/app/.gitignore
A	mobile/android/comcapsule/app/build.gradle.kts
A	mobile/android/comcapsule/app/proguard-rules.pro
A	mobile/android/comcapsule/app/src/androidTest/java/com/example/comcapsule/ExampleInstrumentedTest.kt
A	mobile/android/comcapsule/app/src/main/AndroidManifest.xml
A	mobile/android/comcapsule/app/src/main/java/com/capsule/MainActivity.kt
A	mobile/android/comcapsule/app/src/main/res/drawable/ic_launcher_background.xml
A	mobile/android/comcapsule/app/src/main/res/drawable/ic_launcher_foreground.xml
A	mobile/android/comcapsule/app/src/main/res/mipmap-anydpi/ic_launcher.xml
A	mobile/android/comcapsule/app/src/main/res/mipmap-anydpi/ic_launcher_round.xml
A	mobile/android/comcapsule/app/src/main/res/mipmap-hdpi/ic_launcher.webp
A	mobile/android/comcapsule/app/src/main/res/mipmap-hdpi/ic_launcher_round.webp
A	mobile/android/comcapsule/app/src/main/res/mipmap-mdpi/ic_launcher.webp
A	mobile/android/comcapsule/app/src/main/res/mipmap-mdpi/ic_launcher_round.webp
A	mobile/android/comcapsule/app/src/main/res/mipmap-xhdpi/ic_launcher.webp
A	mobile/android/comcapsule/app/src/main/res/mipmap-xhdpi/ic_launcher_round.webp
A	mobile/android/comcapsule/app/src/main/res/mipmap-xxhdpi/ic_launcher.webp
A	mobile/android/comcapsule/app/src/main/res/mipmap-xxhdpi/ic_launcher_round.webp
A	mobile/android/comcapsule/app/src/main/res/mipmap-xxxhdpi/ic_launcher.webp
A	mobile/android/comcapsule/app/src/main/res/mipmap-xxxhdpi/ic_launcher_round.webp
A	mobile/android/comcapsule/app/src/main/res/values/colors.xml
A	mobile/android/comcapsule/app/src/main/res/values/strings.xml
A	mobile/android/comcapsule/app/src/main/res/values/themes.xml
A	mobile/android/comcapsule/app/src/main/res/xml/backup_rules.xml
A	mobile/android/comcapsule/app/src/main/res/xml/data_extraction_rules.xml
A	mobile/android/comcapsule/app/src/test/java/com/example/comcapsule/ExampleUnitTest.kt
A	mobile/android/comcapsule/build.gradle.kts
A	mobile/android/comcapsule/build_debug.log
A	mobile/android/comcapsule/gradle.properties
A	mobile/android/comcapsule/gradle/libs.versions.toml
A	mobile/android/comcapsule/gradle/wrapper/gradle-wrapper.jar
A	mobile/android/comcapsule/gradle/wrapper/gradle-wrapper.properties
A	mobile/android/comcapsule/gradlew
A	mobile/android/comcapsule/gradlew.bat
A	mobile/android/comcapsule/settings.gradle.kts
A	.cache/barcode_jump.txt
A	.cache/deviation_norm.txt
A	.cache/guard_all.stdout
A	.cache/trace_baseline.log
A	.cache/trace_thresholds.log
A	.yakfurby/bin/capture_segment.sh
A	.yakfurby/bin/helpers.sh
A	.yakfurby/bin/hw_probe.sh
A	.yakfurby/bin/peek_ledger.sh
A	.yakfurby/bin/pi_setup.sh
A	.yakfurby/bin/provision_keys.sh
A	.yakfurby/bin/run_node.sh
A	.yakfurby/bin/run_quick.sh
A	.yakfurby/bin/seal_segment.sh
A	.yakfurby/bin/sense_env.sh
A	.yakfurby/bin/sign_digest.sh
A	.yakfurby/bin/smoke.sh
A	.yakfurby/bin/verify_chain.sh
A	.yakfurby/cfg/node.conf
A	.yakfurby/keys/ed25519.pub
A	.yakfurby/keys/ed25519.sec
A	.yakfurby/ledger/chain.tsv
A	.yakfurby/log/node.log
A	.yakfurby/run/test_20250925T221045Z_yakfurby-001_0/audio.wav
A	.yakfurby/run/test_20250925T221045Z_yakfurby-001_0/seg_id.txt
A	.yakfurby/run/test_20250925T221045Z_yakfurby-001_0/ts_end.txt
A	.yakfurby/run/test_20250925T221045Z_yakfurby-001_0/ts_start.txt
A	.yakfurby/run/test_20250925T221045Z_yakfurby-001_0/video.h264
A	.yakfurby/run/test_20250925T221150Z_yakfurby-001_0/audio.wav
A	.yakfurby/run/test_20250925T221150Z_yakfurby-001_0/seg_id.txt
A	.yakfurby/run/test_20250925T221150Z_yakfurby-001_0/sign.meta
A	.yakfurby/run/test_20250925T221150Z_yakfurby-001_0/ts_end.txt
A	.yakfurby/run/test_20250925T221150Z_yakfurby-001_0/ts_start.txt
A	.yakfurby/run/test_20250925T221150Z_yakfurby-001_0/video.h264
A	.yakfurby/run/test_20250925T221323Z_yakfurby-001_0/audio.wav
A	.yakfurby/run/test_20250925T221323Z_yakfurby-001_0/seg_id.txt
A	.yakfurby/run/test_20250925T221323Z_yakfurby-001_0/sig.bin
A	.yakfurby/run/test_20250925T221323Z_yakfurby-001_0/sign.meta
A	.yakfurby/run/test_20250925T221323Z_yakfurby-001_0/ts_end.txt
A	.yakfurby/run/test_20250925T221323Z_yakfurby-001_0/ts_start.txt
A	.yakfurby/run/test_20250925T221323Z_yakfurby-001_0/video.h264
A	.yakfurby/run/test_20250925T225801Z_yakfurby-001_0/audio.wav
A	.yakfurby/run/test_20250925T225801Z_yakfurby-001_0/seg_id.txt
A	.yakfurby/run/test_20250925T225801Z_yakfurby-001_0/sig.bin
A	.yakfurby/run/test_20250925T225801Z_yakfurby-001_0/sign.meta
A	.yakfurby/run/test_20250925T225801Z_yakfurby-001_0/tamper_flag.txt
A	.yakfurby/run/test_20250925T225801Z_yakfurby-001_0/ts_end.txt
A	.yakfurby/run/test_20250925T225801Z_yakfurby-001_0/ts_start.txt
A	.yakfurby/run/test_20250925T225801Z_yakfurby-001_0/video.h264
A	.yakfurby/run/test_20250925T225801Z_yakfurby-001_0/volt_status.txt
A	.yakfurby/tmp/d.bin
A	.yakfurby/units/yakfurby.path
A	.yakfurby/units/yakfurby.service
A	analysis/capsules/demo_capsule_20250924T140404Z/payload/data.json
A	analysis/capsules/demo_capsule_20250924T140404Z/payload/readme.txt
A	analysis/capsules/demo_capsule_20250924T140554Z/demo_capsule_20250924T140554Z.zip.sha256
A	analysis/capsules/demo_capsule_20250924T140554Z/payload/data.json
A	analysis/capsules/demo_capsule_20250924T140554Z/payload/readme.txt
A	analysis/capsules/incident_20250925T162631Z/barcode.json
A	analysis/capsules/incident_20250925T162631Z/entropy.json
A	analysis/capsules/incident_20250925T162631Z/virtualalloc_maps.tsv
A	analysis/capsules/incident_20250925T162829Z/barcode.json
A	analysis/capsules/incident_20250925T162829Z/entropy.json
A	analysis/capsules/incident_20250925T162829Z/virtualalloc_maps.tsv
A	analysis/capsules/incident_20250925T162852Z/barcode.json
A	analysis/capsules/incident_20250925T162852Z/entropy.json
A	analysis/capsules/incident_20250925T162852Z/virtualalloc_maps.tsv
A	analysis/capsules/incident_20250925T162944Z.tar.gz.sha256
A	analysis/capsules/incident_20250925T162944Z/barcode.json
A	analysis/capsules/incident_20250925T162944Z/entropy.json
A	analysis/capsules/incident_20250925T162944Z/virtualalloc_maps.tsv
A	analysis/capsules/incident_20250925T163058Z.tar.gz.sha256
A	analysis/capsules/incident_20250925T163058Z/barcode.json
A	analysis/capsules/incident_20250925T163058Z/entropy.json
A	analysis/capsules/incident_20250925T163058Z/virtualalloc_maps.tsv
A	analysis/capsules/incident_20250925T163314Z.tar.gz.sha256
A	analysis/capsules/incident_20250925T163314Z/barcode.json
A	analysis/capsules/incident_20250925T163314Z/entropy.json
A	analysis/capsules/incident_20250925T163314Z/virtualalloc_maps.tsv
A	analysis/capsules/incident_20250925T163431Z.tar.gz.sha256
A	analysis/capsules/incident_20250925T163431Z/barcode.json
A	analysis/capsules/incident_20250925T163431Z/entropy.json
A	analysis/capsules/incident_20250925T163431Z/virtualalloc_maps.tsv
A	analysis/capsules/test_20250925T221323Z_yakfurby-001_0.cap.tar
A	analysis/capsules/test_20250925T221323Z_yakfurby-001_0.cap.tar.sha256
A	analysis/capsules/test_20250925T221323Z_yakfurby-001_0.json
A	analysis/capsules/test_20250925T225801Z_yakfurby-001_0.cap.tar
A	analysis/capsules/test_20250925T225801Z_yakfurby-001_0.cap.tar.sha256
A	analysis/capsules/test_20250925T225801Z_yakfurby-001_0.json
A	analysis/publish/demo_capsule_20250924T140554Z_bundle.zip
A	scripts/ci/check_barcode_regression.sh
A	scripts/live/guard_all.sh
A	scripts/live/guard_heegner_entropy.sh
A	scripts/live/guard_virtualalloc_taint.sh
A	scripts/live/incident_capsule.sh
M	scripts/live/prepare_runtime_baseline.sh
A	zip_debug.sh
A	scripts/meta/thresholds_verify.sh
A	scripts/live/prepare_runtime_baseline.sh
M	README.md
M	.gitignore
A	analysis/capsules/demo_capsule_20250924T140554Z/VERIFY.txt
A	analysis/capsules/demo_capsule_20250924T140554Z/demo_capsule_20250924T140554Z.zip
A	analysis/capsules/demo_capsule_20250924T140554Z/demo_capsule_20250924T140554Z_affidavit.txt
A	analysis/capsules/demo_capsule_20250924T140554Z/receipt.json
A	" \357\200\276\357\200\276 \357\200\242$S\357\200\242\357\200\212printf %sn printf"
A	" \357\200\276\357\200\276 \357\200\242$S\357\200\242\357\200\212\357\200\212# ---- Emit TSV for quick human read ----\357\200\212printf %sn \357\200\272"
A	.ci-ping
A	.ci_ping
A	.editorconfig
A	.galois/automorphisms.tsv
A	.ghosts_build/museum-20250916041616/.archive/missing.tsv
A	.ghosts_build/museum-20250916041616/README.md
A	.gitattributes
A	.github/workflows/.github/workflows/assure.yml
A	.github/workflows/_boundary.disabled
A	.github/workflows/assure.yml
A	.github/workflows/canonical-guard.yml
A	.github/workflows/cathedral-gates.yml
A	.github/workflows/ci.yml
A	.github/workflows/claims-guard.yml
A	.github/workflows/cohomology.yml
A	.github/workflows/companion-guard.yml
A	.github/workflows/frozen-guard.yml
A	.github/workflows/fusion.yml
A	.github/workflows/geom-anchor.yml
A	.github/workflows/geom-ci.yml
A	.github/workflows/geom-proof.yml
A	.github/workflows/hecke-11a1.yml
A	.github/workflows/hecke-guard.yml
A	.github/workflows/instrument.yml
A	.github/workflows/labs/automorphic_catalog.yml
A	.github/workflows/labs/bash-langlands.yml
A	.github/workflows/labs/boundary.yml
A	.github/workflows/labs/census.yml
A	.github/workflows/labs/codeql.yml
A	.github/workflows/labs/ds.yml
A	.github/workflows/labs/genius-dark.yml
A	.github/workflows/labs/langlands-phase-next.yml
A	.github/workflows/labs/lean-proofs.yml
A	.github/workflows/labs/phys_guards.yml
A	.github/workflows/labs/physics.yml
A	.github/workflows/labs/receipt.yml
A	.github/workflows/labs/release-attest.yml
A	.github/workflows/labs/release-staple.yml
A	.github/workflows/labs/tau-crystal.yml
A	.github/workflows/labs/tau_automorphic.yml
A	.github/workflows/labs/tau_automorphic_manual.yml
A	.github/workflows/labs/tau_bundled.yml
A	.github/workflows/labs/tau_discovery.yml
A	.github/workflows/labs/tau_discovery_confirm.yml
A	.github/workflows/labs/tau_experimental.yml
A	.github/workflows/labs/tau_experimental_v2.yml
A	.github/workflows/labs/tau_fft_bootstrap.yml
A	.github/workflows/labs/tau_langlands.yml
A	.github/workflows/labs/tau_phys_guards.yml
A	.github/workflows/labs/tau_post_emit.yml
A	.github/workflows/labs/tau_post_emit_push.yml
A	.github/workflows/meaningfulness-guard.yml
A	.github/workflows/mirror.yml
A	.github/workflows/morpho-ci.yml
A	.github/workflows/morpho-release.yml
A	.github/workflows/morpho.yml
A	.github/workflows/morpho_ci.yml
A	.github/workflows/panic-sentinel.yml
A	.github/workflows/poison.yml
A	.github/workflows/prim.yml
A	.github/workflows/ramanujan-ci.yml
A	.github/workflows/release.yml
A	.github/workflows/rgflow.yml
A	.github/workflows/run1.yml
A	.github/workflows/season1-ci.yml
A	.github/workflows/self-test.yml
A	.github/workflows/spec-guard.yml
A	.github/workflows/tau-plumbing.yml
A	.github/workflows/verify_proof.yml
A	.gitignore
A	.gitignore.bak_20250919_042109
A	.gitignore.bak_20250919_042321
A	.gitignore.bak_20250921T013812Z
A	.gitignore.guard_allow
A	.pages_stamp
A	.py311/.py311/LICENSE.txt
A	.py311/.py311/libcrypto-3.dll
A	.py311/.py311/libffi-8.dll
A	.py311/.py311/libssl-3.dll
A	.py311/.py311/python-3.11.9-embed-amd64.zip
A	.py311/.py311/python.cat
A	.py311/.py311/python.exe
A	.py311/.py311/python3.dll
A	.py311/.py311/python311._pth
A	.py311/.py311/python311.dll
A	.py311/.py311/python311.zip
A	.py311/.py311/pythonw.exe
A	.py311/.py311/sqlite3.dll
A	.py311/.py311/vcruntime140.dll
A	.py311/.py311/vcruntime140_1.dll
A	.py311/LICENSE.txt
A	.py311/Lib/site-packages/_distutils_hack/__init__.py
A	.py311/Lib/site-packages/_distutils_hack/override.py
A	.py311/Lib/site-packages/distutils-precedence.pth
A	.py311/Lib/site-packages/pip-25.2.dist-info/INSTALLER
A	.py311/Lib/site-packages/pip-25.2.dist-info/METADATA
A	.py311/Lib/site-packages/pip-25.2.dist-info/RECORD
A	.py311/Lib/site-packages/pip-25.2.dist-info/REQUESTED
A	.py311/Lib/site-packages/pip-25.2.dist-info/WHEEL
A	.py311/Lib/site-packages/pip-25.2.dist-info/entry_points.txt
A	.py311/Lib/site-packages/pip-25.2.dist-info/licenses/AUTHORS.txt
A	.py311/Lib/site-packages/pip-25.2.dist-info/licenses/LICENSE.txt
A	.py311/Lib/site-packages/pip-25.2.dist-info/licenses/src/pip/_vendor/cachecontrol/LICENSE.txt
A	.py311/Lib/site-packages/pip-25.2.dist-info/licenses/src/pip/_vendor/certifi/LICENSE
A	.py311/Lib/site-packages/pip-25.2.dist-info/licenses/src/pip/_vendor/dependency_groups/LICENSE.txt
A	.py311/Lib/site-packages/pip-25.2.dist-info/licenses/src/pip/_vendor/distlib/LICENSE.txt
A	.py311/Lib/site-packages/pip-25.2.dist-info/licenses/src/pip/_vendor/distro/LICENSE
A	.py311/Lib/site-packages/pip-25.2.dist-info/licenses/src/pip/_vendor/idna/LICENSE.md
A	.py311/Lib/site-packages/pip-25.2.dist-info/licenses/src/pip/_vendor/msgpack/COPYING
A	.py311/Lib/site-packages/pip-25.2.dist-info/licenses/src/pip/_vendor/packaging/LICENSE
A	.py311/Lib/site-packages/pip-25.2.dist-info/licenses/src/pip/_vendor/packaging/LICENSE.APACHE
A	.py311/Lib/site-packages/pip-25.2.dist-info/licenses/src/pip/_vendor/packaging/LICENSE.BSD
A	.py311/Lib/site-packages/pip-25.2.dist-info/licenses/src/pip/_vendor/pkg_resources/LICENSE
A	.py311/Lib/site-packages/pip-25.2.dist-info/licenses/src/pip/_vendor/platformdirs/LICENSE
A	.py311/Lib/site-packages/pip-25.2.dist-info/licenses/src/pip/_vendor/pygments/LICENSE
A	.py311/Lib/site-packages/pip-25.2.dist-info/licenses/src/pip/_vendor/pyproject_hooks/LICENSE
A	.py311/Lib/site-packages/pip-25.2.dist-info/licenses/src/pip/_vendor/requests/LICENSE
A	.py311/Lib/site-packages/pip-25.2.dist-info/licenses/src/pip/_vendor/resolvelib/LICENSE
A	.py311/Lib/site-packages/pip-25.2.dist-info/licenses/src/pip/_vendor/rich/LICENSE
A	.py311/Lib/site-packages/pip-25.2.dist-info/licenses/src/pip/_vendor/tomli/LICENSE
A	.py311/Lib/site-packages/pip-25.2.dist-info/licenses/src/pip/_vendor/tomli/LICENSE-HEADER
A	.py311/Lib/site-packages/pip-25.2.dist-info/licenses/src/pip/_vendor/tomli_w/LICENSE
A	.py311/Lib/site-packages/pip-25.2.dist-info/licenses/src/pip/_vendor/truststore/LICENSE
A	.py311/Lib/site-packages/pip-25.2.dist-info/licenses/src/pip/_vendor/urllib3/LICENSE.txt
A	.py311/Lib/site-packages/pip-25.2.dist-info/top_level.txt
A	.py311/Lib/site-packages/pip/__init__.py
A	.py311/Lib/site-packages/pip/__main__.py
A	.py311/Lib/site-packages/pip/__pip-runner__.py
A	.py311/Lib/site-packages/pip/_internal/__init__.py
A	.py311/Lib/site-packages/pip/_internal/build_env.py
A	.py311/Lib/site-packages/pip/_internal/cache.py
A	.py311/Lib/site-packages/pip/_internal/cli/__init__.py
A	.py311/Lib/site-packages/pip/_internal/cli/autocompletion.py
A	.py311/Lib/site-packages/pip/_internal/cli/base_command.py
A	.py311/Lib/site-packages/pip/_internal/cli/cmdoptions.py
A	.py311/Lib/site-packages/pip/_internal/cli/command_context.py
A	.py311/Lib/site-packages/pip/_internal/cli/index_command.py
A	.py311/Lib/site-packages/pip/_internal/cli/main.py
A	.py311/Lib/site-packages/pip/_internal/cli/main_parser.py
A	.py311/Lib/site-packages/pip/_internal/cli/parser.py
A	.py311/Lib/site-packages/pip/_internal/cli/progress_bars.py
A	.py311/Lib/site-packages/pip/_internal/cli/req_command.py
A	.py311/Lib/site-packages/pip/_internal/cli/spinners.py
A	.py311/Lib/site-packages/pip/_internal/cli/status_codes.py
A	.py311/Lib/site-packages/pip/_internal/commands/__init__.py
A	.py311/Lib/site-packages/pip/_internal/commands/cache.py
A	.py311/Lib/site-packages/pip/_internal/commands/check.py
A	.py311/Lib/site-packages/pip/_internal/commands/completion.py
A	.py311/Lib/site-packages/pip/_internal/commands/configuration.py
A	.py311/Lib/site-packages/pip/_internal/commands/debug.py
A	.py311/Lib/site-packages/pip/_internal/commands/download.py
A	.py311/Lib/site-packages/pip/_internal/commands/freeze.py
A	.py311/Lib/site-packages/pip/_internal/commands/hash.py
A	.py311/Lib/site-packages/pip/_internal/commands/help.py
A	.py311/Lib/site-packages/pip/_internal/commands/index.py
A	.py311/Lib/site-packages/pip/_internal/commands/inspect.py
A	.py311/Lib/site-packages/pip/_internal/commands/install.py
A	.py311/Lib/site-packages/pip/_internal/commands/list.py
A	.py311/Lib/site-packages/pip/_internal/commands/lock.py
A	.py311/Lib/site-packages/pip/_internal/commands/search.py
A	.py311/Lib/site-packages/pip/_internal/commands/show.py
A	.py311/Lib/site-packages/pip/_internal/commands/uninstall.py
A	.py311/Lib/site-packages/pip/_internal/commands/wheel.py
A	.py311/Lib/site-packages/pip/_internal/configuration.py
A	.py311/Lib/site-packages/pip/_internal/distributions/__init__.py
A	.py311/Lib/site-packages/pip/_internal/distributions/base.py
A	.py311/Lib/site-packages/pip/_internal/distributions/installed.py
A	.py311/Lib/site-packages/pip/_internal/distributions/sdist.py
A	.py311/Lib/site-packages/pip/_internal/distributions/wheel.py
A	.py311/Lib/site-packages/pip/_internal/exceptions.py
A	.py311/Lib/site-packages/pip/_internal/index/__init__.py
A	.py311/Lib/site-packages/pip/_internal/index/collector.py
A	.py311/Lib/site-packages/pip/_internal/index/package_finder.py
A	.py311/Lib/site-packages/pip/_internal/index/sources.py
A	.py311/Lib/site-packages/pip/_internal/locations/__init__.py
A	.py311/Lib/site-packages/pip/_internal/locations/_distutils.py
A	.py311/Lib/site-packages/pip/_internal/locations/_sysconfig.py
A	.py311/Lib/site-packages/pip/_internal/locations/base.py
A	.py311/Lib/site-packages/pip/_internal/main.py
A	.py311/Lib/site-packages/pip/_internal/metadata/__init__.py
A	.py311/Lib/site-packages/pip/_internal/metadata/_json.py
A	.py311/Lib/site-packages/pip/_internal/metadata/base.py
A	.py311/Lib/site-packages/pip/_internal/metadata/importlib/__init__.py
A	.py311/Lib/site-packages/pip/_internal/metadata/importlib/_compat.py
A	.py311/Lib/site-packages/pip/_internal/metadata/importlib/_dists.py
A	.py311/Lib/site-packages/pip/_internal/metadata/importlib/_envs.py
A	.py311/Lib/site-packages/pip/_internal/metadata/pkg_resources.py
A	.py311/Lib/site-packages/pip/_internal/models/__init__.py
A	.py311/Lib/site-packages/pip/_internal/models/candidate.py
A	.py311/Lib/site-packages/pip/_internal/models/direct_url.py
A	.py311/Lib/site-packages/pip/_internal/models/format_control.py
A	.py311/Lib/site-packages/pip/_internal/models/index.py
A	.py311/Lib/site-packages/pip/_internal/models/installation_report.py
A	.py311/Lib/site-packages/pip/_internal/models/link.py
A	.py311/Lib/site-packages/pip/_internal/models/pylock.py
A	.py311/Lib/site-packages/pip/_internal/models/scheme.py
A	.py311/Lib/site-packages/pip/_internal/models/search_scope.py
A	.py311/Lib/site-packages/pip/_internal/models/selection_prefs.py
A	.py311/Lib/site-packages/pip/_internal/models/target_python.py
A	.py311/Lib/site-packages/pip/_internal/models/wheel.py
A	.py311/Lib/site-packages/pip/_internal/network/__init__.py
A	.py311/Lib/site-packages/pip/_internal/network/auth.py
A	.py311/Lib/site-packages/pip/_internal/network/cache.py
A	.py311/Lib/site-packages/pip/_internal/network/download.py
A	.py311/Lib/site-packages/pip/_internal/network/lazy_wheel.py
A	.py311/Lib/site-packages/pip/_internal/network/session.py
A	.py311/Lib/site-packages/pip/_internal/network/utils.py
A	.py311/Lib/site-packages/pip/_internal/network/xmlrpc.py
A	.py311/Lib/site-packages/pip/_internal/operations/__init__.py
A	.py311/Lib/site-packages/pip/_internal/operations/check.py
A	.py311/Lib/site-packages/pip/_internal/operations/freeze.py
A	.py311/Lib/site-packages/pip/_internal/operations/install/__init__.py
A	.py311/Lib/site-packages/pip/_internal/operations/install/editable_legacy.py
A	.py311/Lib/site-packages/pip/_internal/operations/install/wheel.py
A	.py311/Lib/site-packages/pip/_internal/operations/prepare.py
A	.py311/Lib/site-packages/pip/_internal/pyproject.py
A	.py311/Lib/site-packages/pip/_internal/req/__init__.py
A	.py311/Lib/site-packages/pip/_internal/req/constructors.py
A	.py311/Lib/site-packages/pip/_internal/req/req_dependency_group.py
A	.py311/Lib/site-packages/pip/_internal/req/req_file.py
A	.py311/Lib/site-packages/pip/_internal/req/req_install.py
A	.py311/Lib/site-packages/pip/_internal/req/req_set.py
A	.py311/Lib/site-packages/pip/_internal/req/req_uninstall.py
A	.py311/Lib/site-packages/pip/_internal/resolution/__init__.py
A	.py311/Lib/site-packages/pip/_internal/resolution/base.py
A	.py311/Lib/site-packages/pip/_internal/resolution/legacy/__init__.py
A	.py311/Lib/site-packages/pip/_internal/resolution/legacy/resolver.py
A	.py311/Lib/site-packages/pip/_internal/resolution/resolvelib/__init__.py
A	.py311/Lib/site-packages/pip/_internal/resolution/resolvelib/base.py
A	.py311/Lib/site-packages/pip/_internal/resolution/resolvelib/candidates.py
A	.py311/Lib/site-packages/pip/_internal/resolution/resolvelib/factory.py
A	.py311/Lib/site-packages/pip/_internal/resolution/resolvelib/found_candidates.py
A	.py311/Lib/site-packages/pip/_internal/resolution/resolvelib/provider.py
A	.py311/Lib/site-packages/pip/_internal/resolution/resolvelib/reporter.py
A	.py311/Lib/site-packages/pip/_internal/resolution/resolvelib/requirements.py
A	.py311/Lib/site-packages/pip/_internal/resolution/resolvelib/resolver.py
A	.py311/Lib/site-packages/pip/_internal/self_outdated_check.py
A	.py311/Lib/site-packages/pip/_internal/utils/__init__.py
A	.py311/Lib/site-packages/pip/_internal/utils/_jaraco_text.py
A	.py311/Lib/site-packages/pip/_internal/utils/_log.py
A	.py311/Lib/site-packages/pip/_internal/utils/appdirs.py
A	.py311/Lib/site-packages/pip/_internal/utils/compat.py
A	.py311/Lib/site-packages/pip/_internal/utils/compatibility_tags.py
A	.py311/Lib/site-packages/pip/_internal/utils/datetime.py
A	.py311/Lib/site-packages/pip/_internal/utils/deprecation.py
A	.py311/Lib/site-packages/pip/_internal/utils/direct_url_helpers.py
A	.py311/Lib/site-packages/pip/_internal/utils/egg_link.py
A	.py311/Lib/site-packages/pip/_internal/utils/entrypoints.py
A	.py311/Lib/site-packages/pip/_internal/utils/filesystem.py
A	.py311/Lib/site-packages/pip/_internal/utils/filetypes.py
A	.py311/Lib/site-packages/pip/_internal/utils/glibc.py
A	.py311/Lib/site-packages/pip/_internal/utils/hashes.py
A	.py311/Lib/site-packages/pip/_internal/utils/logging.py
A	.py311/Lib/site-packages/pip/_internal/utils/misc.py
A	.py311/Lib/site-packages/pip/_internal/utils/packaging.py
A	.py311/Lib/site-packages/pip/_internal/utils/retry.py
A	.py311/Lib/site-packages/pip/_internal/utils/setuptools_build.py
A	.py311/Lib/site-packages/pip/_internal/utils/subprocess.py
A	.py311/Lib/site-packages/pip/_internal/utils/temp_dir.py
A	.py311/Lib/site-packages/pip/_internal/utils/unpacking.py
A	.py311/Lib/site-packages/pip/_internal/utils/urls.py
A	.py311/Lib/site-packages/pip/_internal/utils/virtualenv.py
A	.py311/Lib/site-packages/pip/_internal/utils/wheel.py
A	.py311/Lib/site-packages/pip/_internal/vcs/__init__.py
A	.py311/Lib/site-packages/pip/_internal/vcs/bazaar.py
A	.py311/Lib/site-packages/pip/_internal/vcs/git.py
A	.py311/Lib/site-packages/pip/_internal/vcs/mercurial.py
A	.py311/Lib/site-packages/pip/_internal/vcs/subversion.py
A	.py311/Lib/site-packages/pip/_internal/vcs/versioncontrol.py
A	.py311/Lib/site-packages/pip/_internal/wheel_builder.py
A	.py311/Lib/site-packages/pip/_vendor/__init__.py
A	.py311/Lib/site-packages/pip/_vendor/cachecontrol/__init__.py
A	.py311/Lib/site-packages/pip/_vendor/cachecontrol/_cmd.py
A	.py311/Lib/site-packages/pip/_vendor/cachecontrol/adapter.py
A	.py311/Lib/site-packages/pip/_vendor/cachecontrol/cache.py
A	.py311/Lib/site-packages/pip/_vendor/cachecontrol/caches/__init__.py
A	.py311/Lib/site-packages/pip/_vendor/cachecontrol/caches/file_cache.py
A	.py311/Lib/site-packages/pip/_vendor/cachecontrol/caches/redis_cache.py
A	.py311/Lib/site-packages/pip/_vendor/cachecontrol/controller.py
A	.py311/Lib/site-packages/pip/_vendor/cachecontrol/filewrapper.py
A	.py311/Lib/site-packages/pip/_vendor/cachecontrol/heuristics.py
A	.py311/Lib/site-packages/pip/_vendor/cachecontrol/py.typed
A	.py311/Lib/site-packages/pip/_vendor/cachecontrol/serialize.py
A	.py311/Lib/site-packages/pip/_vendor/cachecontrol/wrapper.py
A	.py311/Lib/site-packages/pip/_vendor/certifi/__init__.py
A	.py311/Lib/site-packages/pip/_vendor/certifi/__main__.py
A	.py311/Lib/site-packages/pip/_vendor/certifi/core.py
A	.py311/Lib/site-packages/pip/_vendor/certifi/py.typed
A	.py311/Lib/site-packages/pip/_vendor/dependency_groups/__init__.py
A	.py311/Lib/site-packages/pip/_vendor/dependency_groups/__main__.py
A	.py311/Lib/site-packages/pip/_vendor/dependency_groups/_implementation.py
A	.py311/Lib/site-packages/pip/_vendor/dependency_groups/_lint_dependency_groups.py
A	.py311/Lib/site-packages/pip/_vendor/dependency_groups/_pip_wrapper.py
A	.py311/Lib/site-packages/pip/_vendor/dependency_groups/_toml_compat.py
A	.py311/Lib/site-packages/pip/_vendor/dependency_groups/py.typed
A	.py311/Lib/site-packages/pip/_vendor/distlib/__init__.py
A	.py311/Lib/site-packages/pip/_vendor/distlib/compat.py
A	.py311/Lib/site-packages/pip/_vendor/distlib/resources.py
A	.py311/Lib/site-packages/pip/_vendor/distlib/scripts.py
A	.py311/Lib/site-packages/pip/_vendor/distlib/t32.exe
A	.py311/Lib/site-packages/pip/_vendor/distlib/t64-arm.exe
A	.py311/Lib/site-packages/pip/_vendor/distlib/t64.exe
A	.py311/Lib/site-packages/pip/_vendor/distlib/util.py
A	.py311/Lib/site-packages/pip/_vendor/distlib/w32.exe
A	.py311/Lib/site-packages/pip/_vendor/distlib/w64-arm.exe
A	.py311/Lib/site-packages/pip/_vendor/distlib/w64.exe
A	.py311/Lib/site-packages/pip/_vendor/distro/__init__.py
A	.py311/Lib/site-packages/pip/_vendor/distro/__main__.py
A	.py311/Lib/site-packages/pip/_vendor/distro/distro.py
A	.py311/Lib/site-packages/pip/_vendor/distro/py.typed
A	.py311/Lib/site-packages/pip/_vendor/idna/__init__.py
A	.py311/Lib/site-packages/pip/_vendor/idna/codec.py
A	.py311/Lib/site-packages/pip/_vendor/idna/compat.py
A	.py311/Lib/site-packages/pip/_vendor/idna/core.py
A	.py311/Lib/site-packages/pip/_vendor/idna/idnadata.py
A	.py311/Lib/site-packages/pip/_vendor/idna/intranges.py
A	.py311/Lib/site-packages/pip/_vendor/idna/package_data.py
A	.py311/Lib/site-packages/pip/_vendor/idna/py.typed
A	.py311/Lib/site-packages/pip/_vendor/idna/uts46data.py
A	.py311/Lib/site-packages/pip/_vendor/msgpack/__init__.py
A	.py311/Lib/site-packages/pip/_vendor/msgpack/exceptions.py
A	.py311/Lib/site-packages/pip/_vendor/msgpack/ext.py
A	.py311/Lib/site-packages/pip/_vendor/msgpack/fallback.py
A	.py311/Lib/site-packages/pip/_vendor/packaging/__init__.py
A	.py311/Lib/site-packages/pip/_vendor/packaging/_elffile.py
A	.py311/Lib/site-packages/pip/_vendor/packaging/_manylinux.py
A	.py311/Lib/site-packages/pip/_vendor/packaging/_musllinux.py
A	.py311/Lib/site-packages/pip/_vendor/packaging/_parser.py
A	.py311/Lib/site-packages/pip/_vendor/packaging/_structures.py
A	.py311/Lib/site-packages/pip/_vendor/packaging/_tokenizer.py
A	.py311/Lib/site-packages/pip/_vendor/packaging/licenses/__init__.py
A	.py311/Lib/site-packages/pip/_vendor/packaging/licenses/_spdx.py
A	.py311/Lib/site-packages/pip/_vendor/packaging/markers.py
A	.py311/Lib/site-packages/pip/_vendor/packaging/metadata.py
A	.py311/Lib/site-packages/pip/_vendor/packaging/py.typed
A	.py311/Lib/site-packages/pip/_vendor/packaging/requirements.py
A	.py311/Lib/site-packages/pip/_vendor/packaging/specifiers.py
A	.py311/Lib/site-packages/pip/_vendor/packaging/tags.py
A	.py311/Lib/site-packages/pip/_vendor/packaging/utils.py
A	.py311/Lib/site-packages/pip/_vendor/packaging/version.py
A	.py311/Lib/site-packages/pip/_vendor/pkg_resources/__init__.py
A	.py311/Lib/site-packages/pip/_vendor/platformdirs/__init__.py
A	.py311/Lib/site-packages/pip/_vendor/platformdirs/__main__.py
A	.py311/Lib/site-packages/pip/_vendor/platformdirs/android.py
A	.py311/Lib/site-packages/pip/_vendor/platformdirs/api.py
A	.py311/Lib/site-packages/pip/_vendor/platformdirs/macos.py
A	.py311/Lib/site-packages/pip/_vendor/platformdirs/py.typed
A	.py311/Lib/site-packages/pip/_vendor/platformdirs/unix.py
A	.py311/Lib/site-packages/pip/_vendor/platformdirs/version.py
A	.py311/Lib/site-packages/pip/_vendor/platformdirs/windows.py
A	.py311/Lib/site-packages/pip/_vendor/pygments/__init__.py
A	.py311/Lib/site-packages/pip/_vendor/pygments/__main__.py
A	.py311/Lib/site-packages/pip/_vendor/pygments/console.py
A	.py311/Lib/site-packages/pip/_vendor/pygments/filter.py
A	.py311/Lib/site-packages/pip/_vendor/pygments/filters/__init__.py
A	.py311/Lib/site-packages/pip/_vendor/pygments/formatter.py
A	.py311/Lib/site-packages/pip/_vendor/pygments/formatters/__init__.py
A	.py311/Lib/site-packages/pip/_vendor/pygments/formatters/_mapping.py
A	.py311/Lib/site-packages/pip/_vendor/pygments/lexer.py
A	.py311/Lib/site-packages/pip/_vendor/pygments/lexers/__init__.py
A	.py311/Lib/site-packages/pip/_vendor/pygments/lexers/_mapping.py
A	.py311/Lib/site-packages/pip/_vendor/pygments/lexers/python.py
A	.py311/Lib/site-packages/pip/_vendor/pygments/modeline.py
A	.py311/Lib/site-packages/pip/_vendor/pygments/plugin.py
A	.py311/Lib/site-packages/pip/_vendor/pygments/regexopt.py
A	.py311/Lib/site-packages/pip/_vendor/pygments/scanner.py
A	.py311/Lib/site-packages/pip/_vendor/pygments/sphinxext.py
A	.py311/Lib/site-packages/pip/_vendor/pygments/style.py
A	.py311/Lib/site-packages/pip/_vendor/pygments/styles/__init__.py
A	.py311/Lib/site-packages/pip/_vendor/pygments/styles/_mapping.py
A	.py311/Lib/site-packages/pip/_vendor/pygments/token.py
A	.py311/Lib/site-packages/pip/_vendor/pygments/unistring.py
A	.py311/Lib/site-packages/pip/_vendor/pygments/util.py
A	.py311/Lib/site-packages/pip/_vendor/pyproject_hooks/__init__.py
A	.py311/Lib/site-packages/pip/_vendor/pyproject_hooks/_impl.py
A	.py311/Lib/site-packages/pip/_vendor/pyproject_hooks/_in_process/__init__.py
A	.py311/Lib/site-packages/pip/_vendor/pyproject_hooks/_in_process/_in_process.py
A	.py311/Lib/site-packages/pip/_vendor/pyproject_hooks/py.typed
A	.py311/Lib/site-packages/pip/_vendor/requests/__init__.py
A	.py311/Lib/site-packages/pip/_vendor/requests/__version__.py
A	.py311/Lib/site-packages/pip/_vendor/requests/_internal_utils.py
A	.py311/Lib/site-packages/pip/_vendor/requests/adapters.py
A	.py311/Lib/site-packages/pip/_vendor/requests/api.py
A	.py311/Lib/site-packages/pip/_vendor/requests/auth.py
A	.py311/Lib/site-packages/pip/_vendor/requests/certs.py
A	.py311/Lib/site-packages/pip/_vendor/requests/compat.py
A	.py311/Lib/site-packages/pip/_vendor/requests/cookies.py
A	.py311/Lib/site-packages/pip/_vendor/requests/exceptions.py
A	.py311/Lib/site-packages/pip/_vendor/requests/help.py
A	.py311/Lib/site-packages/pip/_vendor/requests/hooks.py
A	.py311/Lib/site-packages/pip/_vendor/requests/models.py
A	.py311/Lib/site-packages/pip/_vendor/requests/packages.py
A	.py311/Lib/site-packages/pip/_vendor/requests/sessions.py
A	.py311/Lib/site-packages/pip/_vendor/requests/status_codes.py
A	.py311/Lib/site-packages/pip/_vendor/requests/structures.py
A	.py311/Lib/site-packages/pip/_vendor/requests/utils.py
A	.py311/Lib/site-packages/pip/_vendor/resolvelib/__init__.py
A	.py311/Lib/site-packages/pip/_vendor/resolvelib/providers.py
A	.py311/Lib/site-packages/pip/_vendor/resolvelib/py.typed
A	.py311/Lib/site-packages/pip/_vendor/resolvelib/reporters.py
A	.py311/Lib/site-packages/pip/_vendor/resolvelib/resolvers/__init__.py
A	.py311/Lib/site-packages/pip/_vendor/resolvelib/resolvers/abstract.py
A	.py311/Lib/site-packages/pip/_vendor/resolvelib/resolvers/criterion.py
A	.py311/Lib/site-packages/pip/_vendor/resolvelib/resolvers/exceptions.py
A	.py311/Lib/site-packages/pip/_vendor/resolvelib/resolvers/resolution.py
A	.py311/Lib/site-packages/pip/_vendor/resolvelib/structs.py
A	.py311/Lib/site-packages/pip/_vendor/rich/__init__.py
A	.py311/Lib/site-packages/pip/_vendor/rich/__main__.py
A	.py311/Lib/site-packages/pip/_vendor/rich/_cell_widths.py
A	.py311/Lib/site-packages/pip/_vendor/rich/_emoji_codes.py
A	.py311/Lib/site-packages/pip/_vendor/rich/_emoji_replace.py
A	.py311/Lib/site-packages/pip/_vendor/rich/_export_format.py
A	.py311/Lib/site-packages/pip/_vendor/rich/_extension.py
A	.py311/Lib/site-packages/pip/_vendor/rich/_fileno.py
A	.py311/Lib/site-packages/pip/_vendor/rich/_inspect.py
A	.py311/Lib/site-packages/pip/_vendor/rich/_log_render.py
A	.py311/Lib/site-packages/pip/_vendor/rich/_loop.py
A	.py311/Lib/site-packages/pip/_vendor/rich/_null_file.py
A	.py311/Lib/site-packages/pip/_vendor/rich/_palettes.py
A	.py311/Lib/site-packages/pip/_vendor/rich/_pick.py
A	.py311/Lib/site-packages/pip/_vendor/rich/_ratio.py
A	.py311/Lib/site-packages/pip/_vendor/rich/_spinners.py
A	.py311/Lib/site-packages/pip/_vendor/rich/_stack.py
A	.py311/Lib/site-packages/pip/_vendor/rich/_timer.py
A	.py311/Lib/site-packages/pip/_vendor/rich/_win32_console.py
A	.py311/Lib/site-packages/pip/_vendor/rich/_windows.py
A	.py311/Lib/site-packages/pip/_vendor/rich/_windows_renderer.py
A	.py311/Lib/site-packages/pip/_vendor/rich/_wrap.py
A	.py311/Lib/site-packages/pip/_vendor/rich/abc.py
A	.py311/Lib/site-packages/pip/_vendor/rich/align.py
A	.py311/Lib/site-packages/pip/_vendor/rich/ansi.py
A	.py311/Lib/site-packages/pip/_vendor/rich/bar.py
A	.py311/Lib/site-packages/pip/_vendor/rich/box.py
A	.py311/Lib/site-packages/pip/_vendor/rich/cells.py
A	.py311/Lib/site-packages/pip/_vendor/rich/color.py
A	.py311/Lib/site-packages/pip/_vendor/rich/color_triplet.py
A	.py311/Lib/site-packages/pip/_vendor/rich/columns.py
A	.py311/Lib/site-packages/pip/_vendor/rich/console.py
A	.py311/Lib/site-packages/pip/_vendor/rich/constrain.py
A	.py311/Lib/site-packages/pip/_vendor/rich/containers.py
A	.py311/Lib/site-packages/pip/_vendor/rich/control.py
A	.py311/Lib/site-packages/pip/_vendor/rich/default_styles.py
A	.py311/Lib/site-packages/pip/_vendor/rich/diagnose.py
A	.py311/Lib/site-packages/pip/_vendor/rich/emoji.py
A	.py311/Lib/site-packages/pip/_vendor/rich/errors.py
A	.py311/Lib/site-packages/pip/_vendor/rich/file_proxy.py
A	.py311/Lib/site-packages/pip/_vendor/rich/filesize.py
A	.py311/Lib/site-packages/pip/_vendor/rich/highlighter.py
A	.py311/Lib/site-packages/pip/_vendor/rich/json.py
A	.py311/Lib/site-packages/pip/_vendor/rich/jupyter.py
A	.py311/Lib/site-packages/pip/_vendor/rich/layout.py
A	.py311/Lib/site-packages/pip/_vendor/rich/live.py
A	.py311/Lib/site-packages/pip/_vendor/rich/live_render.py
A	.py311/Lib/site-packages/pip/_vendor/rich/logging.py
A	.py311/Lib/site-packages/pip/_vendor/rich/markup.py
A	.py311/Lib/site-packages/pip/_vendor/rich/measure.py
A	.py311/Lib/site-packages/pip/_vendor/rich/padding.py
A	.py311/Lib/site-packages/pip/_vendor/rich/pager.py
A	.py311/Lib/site-packages/pip/_vendor/rich/palette.py
A	.py311/Lib/site-packages/pip/_vendor/rich/panel.py
A	.py311/Lib/site-packages/pip/_vendor/rich/pretty.py
A	.py311/Lib/site-packages/pip/_vendor/rich/progress.py
A	.py311/Lib/site-packages/pip/_vendor/rich/progress_bar.py
A	.py311/Lib/site-packages/pip/_vendor/rich/prompt.py
A	.py311/Lib/site-packages/pip/_vendor/rich/protocol.py
A	.py311/Lib/site-packages/pip/_vendor/rich/py.typed
A	.py311/Lib/site-packages/pip/_vendor/rich/region.py
A	.py311/Lib/site-packages/pip/_vendor/rich/repr.py
A	.py311/Lib/site-packages/pip/_vendor/rich/rule.py
A	.py311/Lib/site-packages/pip/_vendor/rich/scope.py
A	.py311/Lib/site-packages/pip/_vendor/rich/screen.py
A	.py311/Lib/site-packages/pip/_vendor/rich/segment.py
A	.py311/Lib/site-packages/pip/_vendor/rich/spinner.py
A	.py311/Lib/site-packages/pip/_vendor/rich/status.py
A	.py311/Lib/site-packages/pip/_vendor/rich/style.py
A	.py311/Lib/site-packages/pip/_vendor/rich/styled.py
A	.py311/Lib/site-packages/pip/_vendor/rich/syntax.py
A	.py311/Lib/site-packages/pip/_vendor/rich/table.py
A	.py311/Lib/site-packages/pip/_vendor/rich/terminal_theme.py
A	.py311/Lib/site-packages/pip/_vendor/rich/text.py
A	.py311/Lib/site-packages/pip/_vendor/rich/theme.py
A	.py311/Lib/site-packages/pip/_vendor/rich/themes.py
A	.py311/Lib/site-packages/pip/_vendor/rich/traceback.py
A	.py311/Lib/site-packages/pip/_vendor/rich/tree.py
A	.py311/Lib/site-packages/pip/_vendor/tomli/__init__.py
A	.py311/Lib/site-packages/pip/_vendor/tomli/_parser.py
A	.py311/Lib/site-packages/pip/_vendor/tomli/_re.py
A	.py311/Lib/site-packages/pip/_vendor/tomli/_types.py
A	.py311/Lib/site-packages/pip/_vendor/tomli/py.typed
A	.py311/Lib/site-packages/pip/_vendor/tomli_w/__init__.py
A	.py311/Lib/site-packages/pip/_vendor/tomli_w/_writer.py
A	.py311/Lib/site-packages/pip/_vendor/tomli_w/py.typed
A	.py311/Lib/site-packages/pip/_vendor/truststore/__init__.py
A	.py311/Lib/site-packages/pip/_vendor/truststore/_api.py
A	.py311/Lib/site-packages/pip/_vendor/truststore/_macos.py
A	.py311/Lib/site-packages/pip/_vendor/truststore/_openssl.py
A	.py311/Lib/site-packages/pip/_vendor/truststore/_ssl_constants.py
A	.py311/Lib/site-packages/pip/_vendor/truststore/_windows.py
A	.py311/Lib/site-packages/pip/_vendor/truststore/py.typed
A	.py311/Lib/site-packages/pip/_vendor/urllib3/__init__.py
A	.py311/Lib/site-packages/pip/_vendor/urllib3/_collections.py
A	.py311/Lib/site-packages/pip/_vendor/urllib3/_version.py
A	.py311/Lib/site-packages/pip/_vendor/urllib3/connection.py
A	.py311/Lib/site-packages/pip/_vendor/urllib3/connectionpool.py
A	.py311/Lib/site-packages/pip/_vendor/urllib3/contrib/__init__.py
A	.py311/Lib/site-packages/pip/_vendor/urllib3/contrib/_appengine_environ.py
A	.py311/Lib/site-packages/pip/_vendor/urllib3/contrib/_securetransport/__init__.py
A	.py311/Lib/site-packages/pip/_vendor/urllib3/contrib/_securetransport/bindings.py
A	.py311/Lib/site-packages/pip/_vendor/urllib3/contrib/_securetransport/low_level.py
A	.py311/Lib/site-packages/pip/_vendor/urllib3/contrib/appengine.py
A	.py311/Lib/site-packages/pip/_vendor/urllib3/contrib/ntlmpool.py
A	.py311/Lib/site-packages/pip/_vendor/urllib3/contrib/pyopenssl.py
A	.py311/Lib/site-packages/pip/_vendor/urllib3/contrib/securetransport.py
A	.py311/Lib/site-packages/pip/_vendor/urllib3/contrib/socks.py
A	.py311/Lib/site-packages/pip/_vendor/urllib3/exceptions.py
A	.py311/Lib/site-packages/pip/_vendor/urllib3/fields.py
A	.py311/Lib/site-packages/pip/_vendor/urllib3/filepost.py
A	.py311/Lib/site-packages/pip/_vendor/urllib3/packages/__init__.py
A	.py311/Lib/site-packages/pip/_vendor/urllib3/packages/backports/__init__.py
A	.py311/Lib/site-packages/pip/_vendor/urllib3/packages/backports/makefile.py
A	.py311/Lib/site-packages/pip/_vendor/urllib3/packages/backports/weakref_finalize.py
A	.py311/Lib/site-packages/pip/_vendor/urllib3/packages/six.py
A	.py311/Lib/site-packages/pip/_vendor/urllib3/poolmanager.py
A	.py311/Lib/site-packages/pip/_vendor/urllib3/request.py
A	.py311/Lib/site-packages/pip/_vendor/urllib3/response.py
A	.py311/Lib/site-packages/pip/_vendor/urllib3/util/__init__.py
A	.py311/Lib/site-packages/pip/_vendor/urllib3/util/connection.py
A	.py311/Lib/site-packages/pip/_vendor/urllib3/util/proxy.py
A	.py311/Lib/site-packages/pip/_vendor/urllib3/util/queue.py
A	.py311/Lib/site-packages/pip/_vendor/urllib3/util/request.py
A	.py311/Lib/site-packages/pip/_vendor/urllib3/util/response.py
A	.py311/Lib/site-packages/pip/_vendor/urllib3/util/retry.py
A	.py311/Lib/site-packages/pip/_vendor/urllib3/util/ssl_.py
A	.py311/Lib/site-packages/pip/_vendor/urllib3/util/ssl_match_hostname.py
A	.py311/Lib/site-packages/pip/_vendor/urllib3/util/ssltransport.py
A	.py311/Lib/site-packages/pip/_vendor/urllib3/util/timeout.py
A	.py311/Lib/site-packages/pip/_vendor/urllib3/util/url.py
A	.py311/Lib/site-packages/pip/_vendor/urllib3/util/wait.py
A	.py311/Lib/site-packages/pip/_vendor/vendor.txt
A	.py311/Lib/site-packages/pip/py.typed
A	.py311/Lib/site-packages/pkg_resources/__init__.py
A	.py311/Lib/site-packages/pkg_resources/api_tests.txt
A	.py311/Lib/site-packages/pkg_resources/py.typed
A	.py311/Lib/site-packages/pkg_resources/tests/__init__.py
A	.py311/Lib/site-packages/pkg_resources/tests/data/my-test-package-source/setup.cfg
A	.py311/Lib/site-packages/pkg_resources/tests/data/my-test-package-source/setup.py
A	.py311/Lib/site-packages/pkg_resources/tests/data/my-test-package-zip/my-test-package.zip
A	.py311/Lib/site-packages/pkg_resources/tests/data/my-test-package_unpacked-egg/my_test_package-1.0-py3.7.egg/EGG-INFO/PKG-INFO
A	.py311/Lib/site-packages/pkg_resources/tests/data/my-test-package_unpacked-egg/my_test_package-1.0-py3.7.egg/EGG-INFO/SOURCES.txt
A	.py311/Lib/site-packages/pkg_resources/tests/data/my-test-package_unpacked-egg/my_test_package-1.0-py3.7.egg/EGG-INFO/dependency_links.txt
A	.py311/Lib/site-packages/pkg_resources/tests/data/my-test-package_unpacked-egg/my_test_package-1.0-py3.7.egg/EGG-INFO/top_level.txt
A	.py311/Lib/site-packages/pkg_resources/tests/data/my-test-package_unpacked-egg/my_test_package-1.0-py3.7.egg/EGG-INFO/zip-safe
A	.py311/Lib/site-packages/pkg_resources/tests/data/my-test-package_zipped-egg/my_test_package-1.0-py3.7.egg
A	.py311/Lib/site-packages/pkg_resources/tests/test_find_distributions.py
A	.py311/Lib/site-packages/pkg_resources/tests/test_integration_zope_interface.py
A	.py311/Lib/site-packages/pkg_resources/tests/test_markers.py
A	.py311/Lib/site-packages/pkg_resources/tests/test_pkg_resources.py
A	.py311/Lib/site-packages/pkg_resources/tests/test_resources.py
A	.py311/Lib/site-packages/pkg_resources/tests/test_working_set.py
A	.py311/Lib/site-packages/setuptools-80.9.0.dist-info/INSTALLER
A	.py311/Lib/site-packages/setuptools-80.9.0.dist-info/METADATA
A	.py311/Lib/site-packages/setuptools-80.9.0.dist-info/RECORD
A	.py311/Lib/site-packages/setuptools-80.9.0.dist-info/REQUESTED
A	.py311/Lib/site-packages/setuptools-80.9.0.dist-info/WHEEL
A	.py311/Lib/site-packages/setuptools-80.9.0.dist-info/entry_points.txt
A	.py311/Lib/site-packages/setuptools-80.9.0.dist-info/licenses/LICENSE
A	.py311/Lib/site-packages/setuptools-80.9.0.dist-info/top_level.txt
A	.py311/Lib/site-packages/setuptools/__init__.py
A	.py311/Lib/site-packages/setuptools/_core_metadata.py
A	.py311/Lib/site-packages/setuptools/_discovery.py
A	.py311/Lib/site-packages/setuptools/_distutils/__init__.py
A	.py311/Lib/site-packages/setuptools/_distutils/_log.py
A	.py311/Lib/site-packages/setuptools/_distutils/_macos_compat.py
A	.py311/Lib/site-packages/setuptools/_distutils/_modified.py
A	.py311/Lib/site-packages/setuptools/_distutils/_msvccompiler.py
A	.py311/Lib/site-packages/setuptools/_distutils/archive_util.py
A	.py311/Lib/site-packages/setuptools/_distutils/ccompiler.py
A	.py311/Lib/site-packages/setuptools/_distutils/cmd.py
A	.py311/Lib/site-packages/setuptools/_distutils/command/__init__.py
A	.py311/Lib/site-packages/setuptools/_distutils/command/_framework_compat.py
A	.py311/Lib/site-packages/setuptools/_distutils/command/bdist.py
A	.py311/Lib/site-packages/setuptools/_distutils/command/bdist_dumb.py
A	.py311/Lib/site-packages/setuptools/_distutils/command/bdist_rpm.py
A	.py311/Lib/site-packages/setuptools/_distutils/command/build.py
A	.py311/Lib/site-packages/setuptools/_distutils/command/build_clib.py
A	.py311/Lib/site-packages/setuptools/_distutils/command/build_ext.py
A	.py311/Lib/site-packages/setuptools/_distutils/command/build_py.py
A	.py311/Lib/site-packages/setuptools/_distutils/command/build_scripts.py
A	.py311/Lib/site-packages/setuptools/_distutils/command/check.py
A	.py311/Lib/site-packages/setuptools/_distutils/command/clean.py
A	.py311/Lib/site-packages/setuptools/_distutils/command/config.py
A	.py311/Lib/site-packages/setuptools/_distutils/command/install.py
A	.py311/Lib/site-packages/setuptools/_distutils/command/install_data.py
A	.py311/Lib/site-packages/setuptools/_distutils/command/install_egg_info.py
A	.py311/Lib/site-packages/setuptools/_distutils/command/install_headers.py
A	.py311/Lib/site-packages/setuptools/_distutils/command/install_lib.py
A	.py311/Lib/site-packages/setuptools/_distutils/command/install_scripts.py
A	.py311/Lib/site-packages/setuptools/_distutils/command/sdist.py
A	.py311/Lib/site-packages/setuptools/_distutils/compat/__init__.py
A	.py311/Lib/site-packages/setuptools/_distutils/compat/numpy.py
A	.py311/Lib/site-packages/setuptools/_distutils/compat/py39.py
A	.py311/Lib/site-packages/setuptools/_distutils/compilers/C/base.py
A	.py311/Lib/site-packages/setuptools/_distutils/compilers/C/cygwin.py
A	.py311/Lib/site-packages/setuptools/_distutils/compilers/C/errors.py
A	.py311/Lib/site-packages/setuptools/_distutils/compilers/C/msvc.py
A	.py311/Lib/site-packages/setuptools/_distutils/compilers/C/tests/test_base.py
A	.py311/Lib/site-packages/setuptools/_distutils/compilers/C/tests/test_cygwin.py
A	.py311/Lib/site-packages/setuptools/_distutils/compilers/C/tests/test_mingw.py
A	.py311/Lib/site-packages/setuptools/_distutils/compilers/C/tests/test_msvc.py
A	.py311/Lib/site-packages/setuptools/_distutils/compilers/C/tests/test_unix.py
A	.py311/Lib/site-packages/setuptools/_distutils/compilers/C/unix.py
A	.py311/Lib/site-packages/setuptools/_distutils/compilers/C/zos.py
A	.py311/Lib/site-packages/setuptools/_distutils/core.py
A	.py311/Lib/site-packages/setuptools/_distutils/cygwinccompiler.py
A	.py311/Lib/site-packages/setuptools/_distutils/debug.py
A	.py311/Lib/site-packages/setuptools/_distutils/dep_util.py
A	.py311/Lib/site-packages/setuptools/_distutils/dir_util.py
A	.py311/Lib/site-packages/setuptools/_distutils/dist.py
A	.py311/Lib/site-packages/setuptools/_distutils/errors.py
A	.py311/Lib/site-packages/setuptools/_distutils/extension.py
A	.py311/Lib/site-packages/setuptools/_distutils/fancy_getopt.py
A	.py311/Lib/site-packages/setuptools/_distutils/file_util.py
A	.py311/Lib/site-packages/setuptools/_distutils/filelist.py
A	.py311/Lib/site-packages/setuptools/_distutils/log.py
A	.py311/Lib/site-packages/setuptools/_distutils/spawn.py
A	.py311/Lib/site-packages/setuptools/_distutils/sysconfig.py
A	.py311/Lib/site-packages/setuptools/_distutils/tests/__init__.py
A	.py311/Lib/site-packages/setuptools/_distutils/tests/compat/__init__.py
A	.py311/Lib/site-packages/setuptools/_distutils/tests/compat/py39.py
A	.py311/Lib/site-packages/setuptools/_distutils/tests/support.py
A	.py311/Lib/site-packages/setuptools/_distutils/tests/test_archive_util.py
A	.py311/Lib/site-packages/setuptools/_distutils/tests/test_bdist.py
A	.py311/Lib/site-packages/setuptools/_distutils/tests/test_bdist_dumb.py
A	.py311/Lib/site-packages/setuptools/_distutils/tests/test_bdist_rpm.py
A	.py311/Lib/site-packages/setuptools/_distutils/tests/test_build.py
A	.py311/Lib/site-packages/setuptools/_distutils/tests/test_build_clib.py
A	.py311/Lib/site-packages/setuptools/_distutils/tests/test_build_ext.py
A	.py311/Lib/site-packages/setuptools/_distutils/tests/test_build_py.py
A	.py311/Lib/site-packages/setuptools/_distutils/tests/test_build_scripts.py
A	.py311/Lib/site-packages/setuptools/_distutils/tests/test_check.py
A	.py311/Lib/site-packages/setuptools/_distutils/tests/test_clean.py
A	.py311/Lib/site-packages/setuptools/_distutils/tests/test_cmd.py
A	.py311/Lib/site-packages/setuptools/_distutils/tests/test_config_cmd.py
A	.py311/Lib/site-packages/setuptools/_distutils/tests/test_core.py
A	.py311/Lib/site-packages/setuptools/_distutils/tests/test_dir_util.py
A	.py311/Lib/site-packages/setuptools/_distutils/tests/test_dist.py
A	.py311/Lib/site-packages/setuptools/_distutils/tests/test_extension.py
A	.py311/Lib/site-packages/setuptools/_distutils/tests/test_file_util.py
A	.py311/Lib/site-packages/setuptools/_distutils/tests/test_filelist.py
A	.py311/Lib/site-packages/setuptools/_distutils/tests/test_install.py
A	.py311/Lib/site-packages/setuptools/_distutils/tests/test_install_data.py
A	.py311/Lib/site-packages/setuptools/_distutils/tests/test_install_headers.py
A	.py311/Lib/site-packages/setuptools/_distutils/tests/test_install_lib.py
A	.py311/Lib/site-packages/setuptools/_distutils/tests/test_install_scripts.py
A	.py311/Lib/site-packages/setuptools/_distutils/tests/test_log.py
A	.py311/Lib/site-packages/setuptools/_distutils/tests/test_modified.py
A	.py311/Lib/site-packages/setuptools/_distutils/tests/test_sdist.py
A	.py311/Lib/site-packages/setuptools/_distutils/tests/test_spawn.py
A	.py311/Lib/site-packages/setuptools/_distutils/tests/test_sysconfig.py
A	.py311/Lib/site-packages/setuptools/_distutils/tests/test_text_file.py
A	.py311/Lib/site-packages/setuptools/_distutils/tests/test_util.py
A	.py311/Lib/site-packages/setuptools/_distutils/tests/test_version.py
A	.py311/Lib/site-packages/setuptools/_distutils/tests/test_versionpredicate.py
A	.py311/Lib/site-packages/setuptools/_distutils/tests/unix_compat.py
A	.py311/Lib/site-packages/setuptools/_distutils/text_file.py
A	.py311/Lib/site-packages/setuptools/_distutils/unixccompiler.py
A	.py311/Lib/site-packages/setuptools/_distutils/util.py
A	.py311/Lib/site-packages/setuptools/_distutils/version.py
A	.py311/Lib/site-packages/setuptools/_distutils/versionpredicate.py
A	.py311/Lib/site-packages/setuptools/_distutils/zosccompiler.py
A	.py311/Lib/site-packages/setuptools/_entry_points.py
A	.py311/Lib/site-packages/setuptools/_imp.py
A	.py311/Lib/site-packages/setuptools/_importlib.py
A	.py311/Lib/site-packages/setuptools/_itertools.py
A	.py311/Lib/site-packages/setuptools/_normalization.py
A	.py311/Lib/site-packages/setuptools/_path.py
A	.py311/Lib/site-packages/setuptools/_reqs.py
A	.py311/Lib/site-packages/setuptools/_scripts.py
A	.py311/Lib/site-packages/setuptools/_shutil.py
A	.py311/Lib/site-packages/setuptools/_static.py
A	.py311/Lib/site-packages/setuptools/_vendor/autocommand-2.2.2.dist-info/INSTALLER
A	.py311/Lib/site-packages/setuptools/_vendor/autocommand-2.2.2.dist-info/LICENSE
A	.py311/Lib/site-packages/setuptools/_vendor/autocommand-2.2.2.dist-info/METADATA
A	.py311/Lib/site-packages/setuptools/_vendor/autocommand-2.2.2.dist-info/RECORD
A	.py311/Lib/site-packages/setuptools/_vendor/autocommand-2.2.2.dist-info/WHEEL
A	.py311/Lib/site-packages/setuptools/_vendor/autocommand-2.2.2.dist-info/top_level.txt
A	.py311/Lib/site-packages/setuptools/_vendor/autocommand/__init__.py
A	.py311/Lib/site-packages/setuptools/_vendor/autocommand/autoasync.py
A	.py311/Lib/site-packages/setuptools/_vendor/autocommand/autocommand.py
A	.py311/Lib/site-packages/setuptools/_vendor/autocommand/automain.py
A	.py311/Lib/site-packages/setuptools/_vendor/autocommand/autoparse.py
A	.py311/Lib/site-packages/setuptools/_vendor/autocommand/errors.py
A	.py311/Lib/site-packages/setuptools/_vendor/backports.tarfile-1.2.0.dist-info/INSTALLER
A	.py311/Lib/site-packages/setuptools/_vendor/backports.tarfile-1.2.0.dist-info/LICENSE
A	.py311/Lib/site-packages/setuptools/_vendor/backports.tarfile-1.2.0.dist-info/METADATA
A	.py311/Lib/site-packages/setuptools/_vendor/backports.tarfile-1.2.0.dist-info/RECORD
A	.py311/Lib/site-packages/setuptools/_vendor/backports.tarfile-1.2.0.dist-info/REQUESTED
A	.py311/Lib/site-packages/setuptools/_vendor/backports.tarfile-1.2.0.dist-info/WHEEL
A	.py311/Lib/site-packages/setuptools/_vendor/backports.tarfile-1.2.0.dist-info/top_level.txt
A	.py311/Lib/site-packages/setuptools/_vendor/backports/__init__.py
A	.py311/Lib/site-packages/setuptools/_vendor/backports/tarfile/__init__.py
A	.py311/Lib/site-packages/setuptools/_vendor/backports/tarfile/__main__.py
A	.py311/Lib/site-packages/setuptools/_vendor/backports/tarfile/compat/__init__.py
A	.py311/Lib/site-packages/setuptools/_vendor/backports/tarfile/compat/py38.py
A	.py311/Lib/site-packages/setuptools/_vendor/importlib_metadata-8.0.0.dist-info/INSTALLER
A	.py311/Lib/site-packages/setuptools/_vendor/importlib_metadata-8.0.0.dist-info/LICENSE
A	.py311/Lib/site-packages/setuptools/_vendor/importlib_metadata-8.0.0.dist-info/METADATA
A	.py311/Lib/site-packages/setuptools/_vendor/importlib_metadata-8.0.0.dist-info/RECORD
A	.py311/Lib/site-packages/setuptools/_vendor/importlib_metadata-8.0.0.dist-info/REQUESTED
A	.py311/Lib/site-packages/setuptools/_vendor/importlib_metadata-8.0.0.dist-info/WHEEL
A	.py311/Lib/site-packages/setuptools/_vendor/importlib_metadata-8.0.0.dist-info/top_level.txt
A	.py311/Lib/site-packages/setuptools/_vendor/importlib_metadata/__init__.py
A	.py311/Lib/site-packages/setuptools/_vendor/importlib_metadata/_adapters.py
A	.py311/Lib/site-packages/setuptools/_vendor/importlib_metadata/_collections.py
A	.py311/Lib/site-packages/setuptools/_vendor/importlib_metadata/_compat.py
A	.py311/Lib/site-packages/setuptools/_vendor/importlib_metadata/_functools.py
A	.py311/Lib/site-packages/setuptools/_vendor/importlib_metadata/_itertools.py
A	.py311/Lib/site-packages/setuptools/_vendor/importlib_metadata/_meta.py
A	.py311/Lib/site-packages/setuptools/_vendor/importlib_metadata/_text.py
A	.py311/Lib/site-packages/setuptools/_vendor/importlib_metadata/compat/__init__.py
A	.py311/Lib/site-packages/setuptools/_vendor/importlib_metadata/compat/py311.py
A	.py311/Lib/site-packages/setuptools/_vendor/importlib_metadata/compat/py39.py
A	.py311/Lib/site-packages/setuptools/_vendor/importlib_metadata/diagnose.py
A	.py311/Lib/site-packages/setuptools/_vendor/importlib_metadata/py.typed
A	.py311/Lib/site-packages/setuptools/_vendor/inflect-7.3.1.dist-info/INSTALLER
A	.py311/Lib/site-packages/setuptools/_vendor/inflect-7.3.1.dist-info/LICENSE
A	.py311/Lib/site-packages/setuptools/_vendor/inflect-7.3.1.dist-info/METADATA
A	.py311/Lib/site-packages/setuptools/_vendor/inflect-7.3.1.dist-info/RECORD
A	.py311/Lib/site-packages/setuptools/_vendor/inflect-7.3.1.dist-info/WHEEL
A	.py311/Lib/site-packages/setuptools/_vendor/inflect-7.3.1.dist-info/top_level.txt
A	.py311/Lib/site-packages/setuptools/_vendor/inflect/__init__.py
A	.py311/Lib/site-packages/setuptools/_vendor/inflect/compat/__init__.py
A	.py311/Lib/site-packages/setuptools/_vendor/inflect/compat/py38.py
A	.py311/Lib/site-packages/setuptools/_vendor/inflect/py.typed
A	.py311/Lib/site-packages/setuptools/_vendor/jaraco.collections-5.1.0.dist-info/INSTALLER
A	.py311/Lib/site-packages/setuptools/_vendor/jaraco.collections-5.1.0.dist-info/LICENSE
A	.py311/Lib/site-packages/setuptools/_vendor/jaraco.collections-5.1.0.dist-info/METADATA
A	.py311/Lib/site-packages/setuptools/_vendor/jaraco.collections-5.1.0.dist-info/RECORD
A	.py311/Lib/site-packages/setuptools/_vendor/jaraco.collections-5.1.0.dist-info/REQUESTED
A	.py311/Lib/site-packages/setuptools/_vendor/jaraco.collections-5.1.0.dist-info/WHEEL
A	.py311/Lib/site-packages/setuptools/_vendor/jaraco.collections-5.1.0.dist-info/top_level.txt
A	.py311/Lib/site-packages/setuptools/_vendor/jaraco.context-5.3.0.dist-info/INSTALLER
A	.py311/Lib/site-packages/setuptools/_vendor/jaraco.context-5.3.0.dist-info/LICENSE
A	.py311/Lib/site-packages/setuptools/_vendor/jaraco.context-5.3.0.dist-info/METADATA
A	.py311/Lib/site-packages/setuptools/_vendor/jaraco.context-5.3.0.dist-info/RECORD
A	.py311/Lib/site-packages/setuptools/_vendor/jaraco.context-5.3.0.dist-info/WHEEL
A	.py311/Lib/site-packages/setuptools/_vendor/jaraco.context-5.3.0.dist-info/top_level.txt
A	.py311/Lib/site-packages/setuptools/_vendor/jaraco.functools-4.0.1.dist-info/INSTALLER
A	.py311/Lib/site-packages/setuptools/_vendor/jaraco.functools-4.0.1.dist-info/LICENSE
A	.py311/Lib/site-packages/setuptools/_vendor/jaraco.functools-4.0.1.dist-info/METADATA
A	.py311/Lib/site-packages/setuptools/_vendor/jaraco.functools-4.0.1.dist-info/RECORD
A	.py311/Lib/site-packages/setuptools/_vendor/jaraco.functools-4.0.1.dist-info/WHEEL
A	.py311/Lib/site-packages/setuptools/_vendor/jaraco.functools-4.0.1.dist-info/top_level.txt
A	.py311/Lib/site-packages/setuptools/_vendor/jaraco.text-3.12.1.dist-info/INSTALLER
A	.py311/Lib/site-packages/setuptools/_vendor/jaraco.text-3.12.1.dist-info/LICENSE
A	.py311/Lib/site-packages/setuptools/_vendor/jaraco.text-3.12.1.dist-info/METADATA
A	.py311/Lib/site-packages/setuptools/_vendor/jaraco.text-3.12.1.dist-info/RECORD
A	.py311/Lib/site-packages/setuptools/_vendor/jaraco.text-3.12.1.dist-info/REQUESTED
A	.py311/Lib/site-packages/setuptools/_vendor/jaraco.text-3.12.1.dist-info/WHEEL
A	.py311/Lib/site-packages/setuptools/_vendor/jaraco.text-3.12.1.dist-info/top_level.txt
A	.py311/Lib/site-packages/setuptools/_vendor/jaraco/collections/__init__.py
A	.py311/Lib/site-packages/setuptools/_vendor/jaraco/collections/py.typed
A	.py311/Lib/site-packages/setuptools/_vendor/jaraco/context.py
A	.py311/Lib/site-packages/setuptools/_vendor/jaraco/functools/__init__.py
A	.py311/Lib/site-packages/setuptools/_vendor/jaraco/functools/__init__.pyi
A	.py311/Lib/site-packages/setuptools/_vendor/jaraco/functools/py.typed
A	.py311/Lib/site-packages/setuptools/_vendor/jaraco/text/Lorem ipsum.txt
A	.py311/Lib/site-packages/setuptools/_vendor/jaraco/text/__init__.py
A	.py311/Lib/site-packages/setuptools/_vendor/jaraco/text/layouts.py
A	.py311/Lib/site-packages/setuptools/_vendor/jaraco/text/show-newlines.py
A	.py311/Lib/site-packages/setuptools/_vendor/jaraco/text/strip-prefix.py
A	.py311/Lib/site-packages/setuptools/_vendor/jaraco/text/to-dvorak.py
A	.py311/Lib/site-packages/setuptools/_vendor/jaraco/text/to-qwerty.py
A	.py311/Lib/site-packages/setuptools/_vendor/more_itertools-10.3.0.dist-info/INSTALLER
A	.py311/Lib/site-packages/setuptools/_vendor/more_itertools-10.3.0.dist-info/LICENSE
A	.py311/Lib/site-packages/setuptools/_vendor/more_itertools-10.3.0.dist-info/METADATA
A	.py311/Lib/site-packages/setuptools/_vendor/more_itertools-10.3.0.dist-info/RECORD
A	.py311/Lib/site-packages/setuptools/_vendor/more_itertools-10.3.0.dist-info/REQUESTED
A	.py311/Lib/site-packages/setuptools/_vendor/more_itertools-10.3.0.dist-info/WHEEL
A	.py311/Lib/site-packages/setuptools/_vendor/more_itertools/__init__.py
A	.py311/Lib/site-packages/setuptools/_vendor/more_itertools/__init__.pyi
A	.py311/Lib/site-packages/setuptools/_vendor/more_itertools/more.py
A	.py311/Lib/site-packages/setuptools/_vendor/more_itertools/more.pyi
A	.py311/Lib/site-packages/setuptools/_vendor/more_itertools/py.typed
A	.py311/Lib/site-packages/setuptools/_vendor/more_itertools/recipes.py
A	.py311/Lib/site-packages/setuptools/_vendor/more_itertools/recipes.pyi
A	.py311/Lib/site-packages/setuptools/_vendor/packaging-24.2.dist-info/INSTALLER
A	.py311/Lib/site-packages/setuptools/_vendor/packaging-24.2.dist-info/LICENSE
A	.py311/Lib/site-packages/setuptools/_vendor/packaging-24.2.dist-info/LICENSE.APACHE
A	.py311/Lib/site-packages/setuptools/_vendor/packaging-24.2.dist-info/LICENSE.BSD
A	.py311/Lib/site-packages/setuptools/_vendor/packaging-24.2.dist-info/METADATA
A	.py311/Lib/site-packages/setuptools/_vendor/packaging-24.2.dist-info/RECORD
A	.py311/Lib/site-packages/setuptools/_vendor/packaging-24.2.dist-info/REQUESTED
A	.py311/Lib/site-packages/setuptools/_vendor/packaging-24.2.dist-info/WHEEL
A	.py311/Lib/site-packages/setuptools/_vendor/packaging/__init__.py
A	.py311/Lib/site-packages/setuptools/_vendor/packaging/_elffile.py
A	.py311/Lib/site-packages/setuptools/_vendor/packaging/_manylinux.py
A	.py311/Lib/site-packages/setuptools/_vendor/packaging/_musllinux.py
A	.py311/Lib/site-packages/setuptools/_vendor/packaging/_parser.py
A	.py311/Lib/site-packages/setuptools/_vendor/packaging/_structures.py
A	.py311/Lib/site-packages/setuptools/_vendor/packaging/_tokenizer.py
A	.py311/Lib/site-packages/setuptools/_vendor/packaging/licenses/__init__.py
A	.py311/Lib/site-packages/setuptools/_vendor/packaging/licenses/_spdx.py
A	.py311/Lib/site-packages/setuptools/_vendor/packaging/markers.py
A	.py311/Lib/site-packages/setuptools/_vendor/packaging/metadata.py
A	.py311/Lib/site-packages/setuptools/_vendor/packaging/py.typed
A	.py311/Lib/site-packages/setuptools/_vendor/packaging/requirements.py
A	.py311/Lib/site-packages/setuptools/_vendor/packaging/specifiers.py
A	.py311/Lib/site-packages/setuptools/_vendor/packaging/tags.py
A	.py311/Lib/site-packages/setuptools/_vendor/packaging/utils.py
A	.py311/Lib/site-packages/setuptools/_vendor/packaging/version.py
A	.py311/Lib/site-packages/setuptools/_vendor/platformdirs-4.2.2.dist-info/INSTALLER
A	.py311/Lib/site-packages/setuptools/_vendor/platformdirs-4.2.2.dist-info/METADATA
A	.py311/Lib/site-packages/setuptools/_vendor/platformdirs-4.2.2.dist-info/RECORD
A	.py311/Lib/site-packages/setuptools/_vendor/platformdirs-4.2.2.dist-info/REQUESTED
A	.py311/Lib/site-packages/setuptools/_vendor/platformdirs-4.2.2.dist-info/WHEEL
A	.py311/Lib/site-packages/setuptools/_vendor/platformdirs-4.2.2.dist-info/licenses/LICENSE
A	.py311/Lib/site-packages/setuptools/_vendor/platformdirs/__init__.py
A	.py311/Lib/site-packages/setuptools/_vendor/platformdirs/__main__.py
A	.py311/Lib/site-packages/setuptools/_vendor/platformdirs/android.py
A	.py311/Lib/site-packages/setuptools/_vendor/platformdirs/api.py
A	.py311/Lib/site-packages/setuptools/_vendor/platformdirs/macos.py
A	.py311/Lib/site-packages/setuptools/_vendor/platformdirs/py.typed
A	.py311/Lib/site-packages/setuptools/_vendor/platformdirs/unix.py
A	.py311/Lib/site-packages/setuptools/_vendor/platformdirs/version.py
A	.py311/Lib/site-packages/setuptools/_vendor/platformdirs/windows.py
A	.py311/Lib/site-packages/setuptools/_vendor/tomli-2.0.1.dist-info/INSTALLER
A	.py311/Lib/site-packages/setuptools/_vendor/tomli-2.0.1.dist-info/LICENSE
A	.py311/Lib/site-packages/setuptools/_vendor/tomli-2.0.1.dist-info/METADATA
A	.py311/Lib/site-packages/setuptools/_vendor/tomli-2.0.1.dist-info/RECORD
A	.py311/Lib/site-packages/setuptools/_vendor/tomli-2.0.1.dist-info/REQUESTED
A	.py311/Lib/site-packages/setuptools/_vendor/tomli-2.0.1.dist-info/WHEEL
A	.py311/Lib/site-packages/setuptools/_vendor/tomli/__init__.py
A	.py311/Lib/site-packages/setuptools/_vendor/tomli/_parser.py
A	.py311/Lib/site-packages/setuptools/_vendor/tomli/_re.py
A	.py311/Lib/site-packages/setuptools/_vendor/tomli/_types.py
A	.py311/Lib/site-packages/setuptools/_vendor/tomli/py.typed
A	.py311/Lib/site-packages/setuptools/_vendor/typeguard-4.3.0.dist-info/INSTALLER
A	.py311/Lib/site-packages/setuptools/_vendor/typeguard-4.3.0.dist-info/LICENSE
A	.py311/Lib/site-packages/setuptools/_vendor/typeguard-4.3.0.dist-info/METADATA
A	.py311/Lib/site-packages/setuptools/_vendor/typeguard-4.3.0.dist-info/RECORD
A	.py311/Lib/site-packages/setuptools/_vendor/typeguard-4.3.0.dist-info/WHEEL
A	.py311/Lib/site-packages/setuptools/_vendor/typeguard-4.3.0.dist-info/entry_points.txt
A	.py311/Lib/site-packages/setuptools/_vendor/typeguard-4.3.0.dist-info/top_level.txt
A	.py311/Lib/site-packages/setuptools/_vendor/typeguard/__init__.py
A	.py311/Lib/site-packages/setuptools/_vendor/typeguard/_checkers.py
A	.py311/Lib/site-packages/setuptools/_vendor/typeguard/_config.py
A	.py311/Lib/site-packages/setuptools/_vendor/typeguard/_decorators.py
A	.py311/Lib/site-packages/setuptools/_vendor/typeguard/_exceptions.py
A	.py311/Lib/site-packages/setuptools/_vendor/typeguard/_functions.py
A	.py311/Lib/site-packages/setuptools/_vendor/typeguard/_importhook.py
A	.py311/Lib/site-packages/setuptools/_vendor/typeguard/_memo.py
A	.py311/Lib/site-packages/setuptools/_vendor/typeguard/_pytest_plugin.py
A	.py311/Lib/site-packages/setuptools/_vendor/typeguard/_suppression.py
A	.py311/Lib/site-packages/setuptools/_vendor/typeguard/_transformer.py
A	.py311/Lib/site-packages/setuptools/_vendor/typeguard/_union_transformer.py
A	.py311/Lib/site-packages/setuptools/_vendor/typeguard/_utils.py
A	.py311/Lib/site-packages/setuptools/_vendor/typeguard/py.typed
A	.py311/Lib/site-packages/setuptools/_vendor/typing_extensions-4.12.2.dist-info/INSTALLER
A	.py311/Lib/site-packages/setuptools/_vendor/typing_extensions-4.12.2.dist-info/LICENSE
A	.py311/Lib/site-packages/setuptools/_vendor/typing_extensions-4.12.2.dist-info/METADATA
A	.py311/Lib/site-packages/setuptools/_vendor/typing_extensions-4.12.2.dist-info/RECORD
A	.py311/Lib/site-packages/setuptools/_vendor/typing_extensions-4.12.2.dist-info/WHEEL
A	.py311/Lib/site-packages/setuptools/_vendor/typing_extensions.py
A	.py311/Lib/site-packages/setuptools/_vendor/wheel-0.45.1.dist-info/INSTALLER
A	.py311/Lib/site-packages/setuptools/_vendor/wheel-0.45.1.dist-info/LICENSE.txt
A	.py311/Lib/site-packages/setuptools/_vendor/wheel-0.45.1.dist-info/METADATA
A	.py311/Lib/site-packages/setuptools/_vendor/wheel-0.45.1.dist-info/RECORD
A	.py311/Lib/site-packages/setuptools/_vendor/wheel-0.45.1.dist-info/REQUESTED
A	.py311/Lib/site-packages/setuptools/_vendor/wheel-0.45.1.dist-info/WHEEL
A	.py311/Lib/site-packages/setuptools/_vendor/wheel-0.45.1.dist-info/entry_points.txt
A	.py311/Lib/site-packages/setuptools/_vendor/wheel/__init__.py
A	.py311/Lib/site-packages/setuptools/_vendor/wheel/__main__.py
A	.py311/Lib/site-packages/setuptools/_vendor/wheel/_bdist_wheel.py
A	.py311/Lib/site-packages/setuptools/_vendor/wheel/_setuptools_logging.py
A	.py311/Lib/site-packages/setuptools/_vendor/wheel/bdist_wheel.py
A	.py311/Lib/site-packages/setuptools/_vendor/wheel/cli/__init__.py
A	.py311/Lib/site-packages/setuptools/_vendor/wheel/cli/convert.py
A	.py311/Lib/site-packages/setuptools/_vendor/wheel/cli/pack.py
A	.py311/Lib/site-packages/setuptools/_vendor/wheel/cli/tags.py
A	.py311/Lib/site-packages/setuptools/_vendor/wheel/cli/unpack.py
A	.py311/Lib/site-packages/setuptools/_vendor/wheel/macosx_libfile.py
A	.py311/Lib/site-packages/setuptools/_vendor/wheel/metadata.py
A	.py311/Lib/site-packages/setuptools/_vendor/wheel/util.py
A	.py311/Lib/site-packages/setuptools/_vendor/wheel/vendored/__init__.py
A	.py311/Lib/site-packages/setuptools/_vendor/wheel/vendored/packaging/LICENSE
A	.py311/Lib/site-packages/setuptools/_vendor/wheel/vendored/packaging/LICENSE.APACHE
A	.py311/Lib/site-packages/setuptools/_vendor/wheel/vendored/packaging/LICENSE.BSD
A	.py311/Lib/site-packages/setuptools/_vendor/wheel/vendored/packaging/__init__.py
A	.py311/Lib/site-packages/setuptools/_vendor/wheel/vendored/packaging/_elffile.py
A	.py311/Lib/site-packages/setuptools/_vendor/wheel/vendored/packaging/_manylinux.py
A	.py311/Lib/site-packages/setuptools/_vendor/wheel/vendored/packaging/_musllinux.py
A	.py311/Lib/site-packages/setuptools/_vendor/wheel/vendored/packaging/_parser.py
A	.py311/Lib/site-packages/setuptools/_vendor/wheel/vendored/packaging/_structures.py
A	.py311/Lib/site-packages/setuptools/_vendor/wheel/vendored/packaging/_tokenizer.py
A	.py311/Lib/site-packages/setuptools/_vendor/wheel/vendored/packaging/markers.py
A	.py311/Lib/site-packages/setuptools/_vendor/wheel/vendored/packaging/requirements.py
A	.py311/Lib/site-packages/setuptools/_vendor/wheel/vendored/packaging/specifiers.py
A	.py311/Lib/site-packages/setuptools/_vendor/wheel/vendored/packaging/tags.py
A	.py311/Lib/site-packages/setuptools/_vendor/wheel/vendored/packaging/utils.py
A	.py311/Lib/site-packages/setuptools/_vendor/wheel/vendored/packaging/version.py
A	.py311/Lib/site-packages/setuptools/_vendor/wheel/vendored/vendor.txt
A	.py311/Lib/site-packages/setuptools/_vendor/wheel/wheelfile.py
A	.py311/Lib/site-packages/setuptools/_vendor/zipp-3.19.2.dist-info/INSTALLER
A	.py311/Lib/site-packages/setuptools/_vendor/zipp-3.19.2.dist-info/LICENSE
A	.py311/Lib/site-packages/setuptools/_vendor/zipp-3.19.2.dist-info/METADATA
A	.py311/Lib/site-packages/setuptools/_vendor/zipp-3.19.2.dist-info/RECORD
A	.py311/Lib/site-packages/setuptools/_vendor/zipp-3.19.2.dist-info/REQUESTED
A	.py311/Lib/site-packages/setuptools/_vendor/zipp-3.19.2.dist-info/WHEEL
A	.py311/Lib/site-packages/setuptools/_vendor/zipp-3.19.2.dist-info/top_level.txt
A	.py311/Lib/site-packages/setuptools/_vendor/zipp/__init__.py
A	.py311/Lib/site-packages/setuptools/_vendor/zipp/compat/__init__.py
A	.py311/Lib/site-packages/setuptools/_vendor/zipp/compat/py310.py
A	.py311/Lib/site-packages/setuptools/_vendor/zipp/glob.py
A	.py311/Lib/site-packages/setuptools/archive_util.py
A	.py311/Lib/site-packages/setuptools/build_meta.py
A	.py311/Lib/site-packages/setuptools/cli-32.exe
A	.py311/Lib/site-packages/setuptools/cli-64.exe
A	.py311/Lib/site-packages/setuptools/cli-arm64.exe
A	.py311/Lib/site-packages/setuptools/cli.exe
A	.py311/Lib/site-packages/setuptools/command/__init__.py
A	.py311/Lib/site-packages/setuptools/command/_requirestxt.py
A	.py311/Lib/site-packages/setuptools/command/alias.py
A	.py311/Lib/site-packages/setuptools/command/bdist_egg.py
A	.py311/Lib/site-packages/setuptools/command/bdist_rpm.py
A	.py311/Lib/site-packages/setuptools/command/bdist_wheel.py
A	.py311/Lib/site-packages/setuptools/command/build.py
A	.py311/Lib/site-packages/setuptools/command/build_clib.py
A	.py311/Lib/site-packages/setuptools/command/build_ext.py
A	.py311/Lib/site-packages/setuptools/command/build_py.py
A	.py311/Lib/site-packages/setuptools/command/develop.py
A	.py311/Lib/site-packages/setuptools/command/dist_info.py
A	.py311/Lib/site-packages/setuptools/command/easy_install.py
A	.py311/Lib/site-packages/setuptools/command/editable_wheel.py
A	.py311/Lib/site-packages/setuptools/command/egg_info.py
A	.py311/Lib/site-packages/setuptools/command/install.py
A	.py311/Lib/site-packages/setuptools/command/install_egg_info.py
A	.py311/Lib/site-packages/setuptools/command/install_lib.py
A	.py311/Lib/site-packages/setuptools/command/install_scripts.py
A	.py311/Lib/site-packages/setuptools/command/launcher manifest.xml
A	.py311/Lib/site-packages/setuptools/command/rotate.py
A	.py311/Lib/site-packages/setuptools/command/saveopts.py
A	.py311/Lib/site-packages/setuptools/command/sdist.py
A	.py311/Lib/site-packages/setuptools/command/setopt.py
A	.py311/Lib/site-packages/setuptools/command/test.py
A	.py311/Lib/site-packages/setuptools/compat/__init__.py
A	.py311/Lib/site-packages/setuptools/compat/py310.py
A	.py311/Lib/site-packages/setuptools/compat/py311.py
A	.py311/Lib/site-packages/setuptools/compat/py312.py
A	.py311/Lib/site-packages/setuptools/compat/py39.py
A	.py311/Lib/site-packages/setuptools/config/NOTICE
A	.py311/Lib/site-packages/setuptools/config/__init__.py
A	.py311/Lib/site-packages/setuptools/config/_apply_pyprojecttoml.py
A	.py311/Lib/site-packages/setuptools/config/_validate_pyproject/NOTICE
A	.py311/Lib/site-packages/setuptools/config/_validate_pyproject/__init__.py
A	.py311/Lib/site-packages/setuptools/config/_validate_pyproject/error_reporting.py
A	.py311/Lib/site-packages/setuptools/config/_validate_pyproject/extra_validations.py
A	.py311/Lib/site-packages/setuptools/config/_validate_pyproject/fastjsonschema_exceptions.py
A	.py311/Lib/site-packages/setuptools/config/_validate_pyproject/fastjsonschema_validations.py
A	.py311/Lib/site-packages/setuptools/config/_validate_pyproject/formats.py
A	.py311/Lib/site-packages/setuptools/config/distutils.schema.json
A	.py311/Lib/site-packages/setuptools/config/expand.py
A	.py311/Lib/site-packages/setuptools/config/pyprojecttoml.py
A	.py311/Lib/site-packages/setuptools/config/setupcfg.py
A	.py311/Lib/site-packages/setuptools/config/setuptools.schema.json
A	.py311/Lib/site-packages/setuptools/depends.py
A	.py311/Lib/site-packages/setuptools/discovery.py
A	.py311/Lib/site-packages/setuptools/dist.py
A	.py311/Lib/site-packages/setuptools/errors.py
A	.py311/Lib/site-packages/setuptools/extension.py
A	.py311/Lib/site-packages/setuptools/glob.py
A	.py311/Lib/site-packages/setuptools/gui-32.exe
A	.py311/Lib/site-packages/setuptools/gui-64.exe
A	.py311/Lib/site-packages/setuptools/gui-arm64.exe
A	.py311/Lib/site-packages/setuptools/gui.exe
A	.py311/Lib/site-packages/setuptools/installer.py
A	.py311/Lib/site-packages/setuptools/launch.py
A	.py311/Lib/site-packages/setuptools/logging.py
A	.py311/Lib/site-packages/setuptools/modified.py
A	.py311/Lib/site-packages/setuptools/monkey.py
A	.py311/Lib/site-packages/setuptools/msvc.py
A	.py311/Lib/site-packages/setuptools/namespaces.py
A	.py311/Lib/site-packages/setuptools/script (dev).tmpl
A	.py311/Lib/site-packages/setuptools/script.tmpl
A	.py311/Lib/site-packages/setuptools/tests/__init__.py
A	.py311/Lib/site-packages/setuptools/tests/compat/__init__.py
A	.py311/Lib/site-packages/setuptools/tests/compat/py39.py
A	.py311/Lib/site-packages/setuptools/tests/config/__init__.py
A	.py311/Lib/site-packages/setuptools/tests/config/downloads/__init__.py
A	.py311/Lib/site-packages/setuptools/tests/config/downloads/preload.py
A	.py311/Lib/site-packages/setuptools/tests/config/setupcfg_examples.txt
A	.py311/Lib/site-packages/setuptools/tests/config/test_apply_pyprojecttoml.py
A	.py311/Lib/site-packages/setuptools/tests/config/test_expand.py
A	.py311/Lib/site-packages/setuptools/tests/config/test_pyprojecttoml.py
A	.py311/Lib/site-packages/setuptools/tests/config/test_pyprojecttoml_dynamic_deps.py
A	.py311/Lib/site-packages/setuptools/tests/config/test_setupcfg.py
A	.py311/Lib/site-packages/setuptools/tests/contexts.py
A	.py311/Lib/site-packages/setuptools/tests/environment.py
A	.py311/Lib/site-packages/setuptools/tests/fixtures.py
A	.py311/Lib/site-packages/setuptools/tests/indexes/test_links_priority/external.html
A	.py311/Lib/site-packages/setuptools/tests/indexes/test_links_priority/simple/foobar/index.html
A	.py311/Lib/site-packages/setuptools/tests/integration/__init__.py
A	.py311/Lib/site-packages/setuptools/tests/integration/helpers.py
A	.py311/Lib/site-packages/setuptools/tests/integration/test_pbr.py
A	.py311/Lib/site-packages/setuptools/tests/integration/test_pip_install_sdist.py
A	.py311/Lib/site-packages/setuptools/tests/mod_with_constant.py
A	.py311/Lib/site-packages/setuptools/tests/namespaces.py
A	.py311/Lib/site-packages/setuptools/tests/script-with-bom.py
A	.py311/Lib/site-packages/setuptools/tests/test_archive_util.py
A	.py311/Lib/site-packages/setuptools/tests/test_bdist_deprecations.py
A	.py311/Lib/site-packages/setuptools/tests/test_bdist_egg.py
A	.py311/Lib/site-packages/setuptools/tests/test_bdist_wheel.py
A	.py311/Lib/site-packages/setuptools/tests/test_build.py
A	.py311/Lib/site-packages/setuptools/tests/test_build_clib.py
A	.py311/Lib/site-packages/setuptools/tests/test_build_ext.py
A	.py311/Lib/site-packages/setuptools/tests/test_build_meta.py
A	.py311/Lib/site-packages/setuptools/tests/test_build_py.py
A	.py311/Lib/site-packages/setuptools/tests/test_config_discovery.py
A	.py311/Lib/site-packages/setuptools/tests/test_core_metadata.py
A	.py311/Lib/site-packages/setuptools/tests/test_depends.py
A	.py311/Lib/site-packages/setuptools/tests/test_develop.py
A	.py311/Lib/site-packages/setuptools/tests/test_dist.py
A	.py311/Lib/site-packages/setuptools/tests/test_dist_info.py
A	.py311/Lib/site-packages/setuptools/tests/test_distutils_adoption.py
A	.py311/Lib/site-packages/setuptools/tests/test_editable_install.py
A	.py311/Lib/site-packages/setuptools/tests/test_egg_info.py
A	.py311/Lib/site-packages/setuptools/tests/test_extern.py
A	.py311/Lib/site-packages/setuptools/tests/test_find_packages.py
A	.py311/Lib/site-packages/setuptools/tests/test_find_py_modules.py
A	.py311/Lib/site-packages/setuptools/tests/test_glob.py
A	.py311/Lib/site-packages/setuptools/tests/test_install_scripts.py
A	.py311/Lib/site-packages/setuptools/tests/test_logging.py
A	.py311/Lib/site-packages/setuptools/tests/test_manifest.py
A	.py311/Lib/site-packages/setuptools/tests/test_namespaces.py
A	.py311/Lib/site-packages/setuptools/tests/test_scripts.py
A	.py311/Lib/site-packages/setuptools/tests/test_sdist.py
A	.py311/Lib/site-packages/setuptools/tests/test_setopt.py
A	.py311/Lib/site-packages/setuptools/tests/test_setuptools.py
A	.py311/Lib/site-packages/setuptools/tests/test_shutil_wrapper.py
A	.py311/Lib/site-packages/setuptools/tests/test_unicode_utils.py
A	.py311/Lib/site-packages/setuptools/tests/test_virtualenv.py
A	.py311/Lib/site-packages/setuptools/tests/test_warnings.py
A	.py311/Lib/site-packages/setuptools/tests/test_wheel.py
A	.py311/Lib/site-packages/setuptools/tests/test_windows_wrappers.py
A	.py311/Lib/site-packages/setuptools/tests/text.py
A	.py311/Lib/site-packages/setuptools/tests/textwrap.py
A	.py311/Lib/site-packages/setuptools/unicode_utils.py
A	.py311/Lib/site-packages/setuptools/version.py
A	.py311/Lib/site-packages/setuptools/warnings.py
A	.py311/Lib/site-packages/setuptools/wheel.py
A	.py311/Lib/site-packages/setuptools/windows_support.py
A	.py311/Lib/site-packages/wheel-0.45.1.dist-info/INSTALLER
A	.py311/Lib/site-packages/wheel-0.45.1.dist-info/LICENSE.txt
A	.py311/Lib/site-packages/wheel-0.45.1.dist-info/METADATA
A	.py311/Lib/site-packages/wheel-0.45.1.dist-info/RECORD
A	.py311/Lib/site-packages/wheel-0.45.1.dist-info/REQUESTED
A	.py311/Lib/site-packages/wheel-0.45.1.dist-info/WHEEL
A	.py311/Lib/site-packages/wheel-0.45.1.dist-info/entry_points.txt
A	.py311/Lib/site-packages/wheel/__init__.py
A	.py311/Lib/site-packages/wheel/__main__.py
A	.py311/Lib/site-packages/wheel/_bdist_wheel.py
A	.py311/Lib/site-packages/wheel/_setuptools_logging.py
A	.py311/Lib/site-packages/wheel/bdist_wheel.py
A	.py311/Lib/site-packages/wheel/cli/__init__.py
A	.py311/Lib/site-packages/wheel/cli/convert.py
A	.py311/Lib/site-packages/wheel/cli/pack.py
A	.py311/Lib/site-packages/wheel/cli/tags.py
A	.py311/Lib/site-packages/wheel/cli/unpack.py
A	.py311/Lib/site-packages/wheel/macosx_libfile.py
A	.py311/Lib/site-packages/wheel/metadata.py
A	.py311/Lib/site-packages/wheel/util.py
A	.py311/Lib/site-packages/wheel/vendored/__init__.py
A	.py311/Lib/site-packages/wheel/vendored/packaging/LICENSE
A	.py311/Lib/site-packages/wheel/vendored/packaging/LICENSE.APACHE
A	.py311/Lib/site-packages/wheel/vendored/packaging/LICENSE.BSD
A	.py311/Lib/site-packages/wheel/vendored/packaging/__init__.py
A	.py311/Lib/site-packages/wheel/vendored/packaging/_elffile.py
A	.py311/Lib/site-packages/wheel/vendored/packaging/_manylinux.py
A	.py311/Lib/site-packages/wheel/vendored/packaging/_musllinux.py
A	.py311/Lib/site-packages/wheel/vendored/packaging/_parser.py
A	.py311/Lib/site-packages/wheel/vendored/packaging/_structures.py
A	.py311/Lib/site-packages/wheel/vendored/packaging/_tokenizer.py
A	.py311/Lib/site-packages/wheel/vendored/packaging/markers.py
A	.py311/Lib/site-packages/wheel/vendored/packaging/requirements.py
A	.py311/Lib/site-packages/wheel/vendored/packaging/specifiers.py
A	.py311/Lib/site-packages/wheel/vendored/packaging/tags.py
A	.py311/Lib/site-packages/wheel/vendored/packaging/utils.py
A	.py311/Lib/site-packages/wheel/vendored/packaging/version.py
A	.py311/Lib/site-packages/wheel/vendored/vendor.txt
A	.py311/Lib/site-packages/wheel/wheelfile.py
A	.py311/Scripts/pip.exe
A	.py311/Scripts/pip3.11.exe
A	.py311/Scripts/pip3.exe
A	.py311/Scripts/wheel.exe
A	.py311/get-pip.py
A	.py311/libcrypto-3.dll
A	.py311/libffi-8.dll
A	.py311/libssl-3.dll
A	.py311/python-3.11.9-embed-amd64.zip
A	.py311/python.cat
A	.py311/python.exe
A	.py311/python3.dll
A	.py311/python311._pth
A	.py311/python311.dll
A	.py311/python311.zip
A	.py311/pythonw.exe
A	.py311/sqlite3.dll
A	.py311/vcruntime140.dll
A	.py311/vcruntime140_1.dll
A	.py311_constraints.txt
A	.py311_constraints_pins.txt
A	.py311_import_probe.py
A	.py311_setup.log
A	.repo_tree.txt
A	.repo_tree__Src.txt
A	.repo_tree__TauProofs.txt
A	.repo_tree___github_workflows.txt
A	.repo_tree___tau_ledger.txt
A	.repo_tree__analysis.txt
A	.repo_tree__corridor.txt
A	.repo_tree__docs.txt
A	.repo_tree__scripts.txt
A	.repo_tree_focus.txt
A	.secrets/morpho_raw_20250919_044619.tar.enc
A	.secrets/morpho_raw_20250919_050516.tar
A	.secrets/morpho_raw_20250919_050516.tar.enc
A	.tau_ledger/coho_frobenius_tag.json
A	.tau_ledger/coho_obstruction_v2.json
A	.tau_ledger/coho_obstructions.json
A	.tau_ledger/last_run_A.json
A	.tau_ledger/last_run_B.json
A	.tau_ledger/lean_proof_v2.json
A	.tau_plan_roots.env
A	.vscode/extensions.json
A	.vscode/settings.json
A	.vscode/tasks.json
A	CITATION.cff
A	CODE_OF_CONDUCT.md
A	CONTRIBUTING.md
A	Core/Certificate.lean
A	Core/Residue.lean
A	Core/Sheaf.lean
A	Core/Tau.lean
A	Dockerfile.ramanujan
A	FACE.txt
A	FusionMain.lean
A	LICENSE
A	LLM_START_HERE.txt
A	LS3D-W/.gitkeep
A	Main.lean
A	Main2.lean
A	Makefile
A	POISON
A	PRIVACY.md
A	README.md
A	Receipt/Receipt.lean
A	SECURITY.md
A	SUPPORT.md
A	TERMS.md
A	Tau/Coho.lean
A	Tau/DeltaComplex.lean
A	Tau/Distance/Fisher.lean
A	Tau/Flow/OneLoopRG.lean
A	Tau/Flow/Scheduler.lean
A	Tau/LeafGroup.lean
A	Tau/ProveV2.lean
A	TauCrystal.lean
A	TauCrystal/Basic.lean
A	TauCrystal/Cli.lean
A	TauCrystal/Core.lean
A	TauCrystal/Derived/Refactor.lean
A	TauCrystal/Fermion.lean
A	TauCrystal/GeomProofs/shot_A.lean
A	TauCrystal/Infinity/ReceiptInf.lean
A	TauCrystal/Init.lean
A	TauCrystal/Proofs.lean
A	TauCrystal/Proofs/LaurentCheck.lean
A	TauCrystal/Proofs/TauMonotonic.lean
A	TauCrystal/ReceiptCategory.lean
A	TauCrystal/Spectral.lean
A	TauCrystal/VerifyChain.lean
A	TauProofs.lean
A	TauProofs/Cohomology.lean
A	TauProofs/DriftBound.lean
A	TauProofs/Leaf.lean
A	TauProofs/TauBounds.lean
A	_ci_artifacts/confirm_double_zero.json
A	_ci_artifacts/confirm_double_zero_stable.json
A	_ci_artifacts/physics/passport.json
A	_ci_artifacts/physics/post_cert.json
A	_ci_artifacts/physics/post_meas.json
A	_ci_artifacts/physics/pre_cert.json
A	_ci_artifacts/smartcache-receipt/receipt.json
A	_ci_artifacts/tau-crystal-manifest/fusion.stdout.txt
A	_ci_artifacts/tau-ledger-jupyter/.tau_ledger/jupyter/cellv1-20250913T151114Z.json
A	_ci_artifacts/tau-ledger-jupyter/.tau_ledger/jupyter/cellv1-20250913T151115Z.json
A	_ci_artifacts/tau-ledger-jupyter/docs/manifest.md
A	_ci_artifacts/tau-receipt/assure-empty.txt
A	_fusion_out/MANIFEST.json
A	_fusion_out/plumbing/box-FUSE-D23/box.json
A	_fusion_out/plumbing/box-FUSE-D23/cm-sector_receipt.json
A	_fusion_out/plumbing/box-FUSE-D23/framing_1.json
A	_fusion_out/plumbing/box-FUSE-D23/fwd.csv
A	_fusion_out/plumbing/box-FUSE-D23/hysteresis.json
A	_fusion_out/plumbing/box-FUSE-D23/p23/fwd.csv
A	_fusion_out/plumbing/box-FUSE-D23/p23/hysteresis_p.json
A	_fusion_out/plumbing/box-FUSE-D23/p23/rev.csv
A	_fusion_out/plumbing/box-FUSE-D23/p3/fwd.csv
A	_fusion_out/plumbing/box-FUSE-D23/p3/hysteresis_p.json
A	_fusion_out/plumbing/box-FUSE-D23/p3/rev.csv
A	_fusion_out/plumbing/box-FUSE-D23/p5/fwd.csv
A	_fusion_out/plumbing/box-FUSE-D23/p5/hysteresis_p.json
A	_fusion_out/plumbing/box-FUSE-D23/p5/rev.csv
A	_fusion_out/plumbing/box-FUSE-D23/rev.csv
A	_fusion_out/plumbing/box-FUSE-D23/theta_to_box-FUSE-D23.json
A	_grab_face_17849808086/morpho-receipts/ledger/morpho_receipts.jsonl
A	_grab_face_17849808086/morpho-receipts/output/morpho_report.json
A	_grab_face_17849808086/morpho-receipts/output/morpho_report.md
A	_grab_face_17849808086/morpho-receipts/public/FACE.txt
A	_grab_face_17849808086/morpho-receipts/public/face2.txt
A	_sizes.tmp
A	_verify/coin.zip
A	_verify/tracked.lst
A	_verify/unzip/tau_crystal/.galois/automorphisms.tsv
A	_verify/unzip/tau_crystal/.ghosts_build/museum-20250916041616/.archive/missing.tsv
A	_verify/unzip/tau_crystal/.ghosts_build/museum-20250916041616/README.md
A	_verify/unzip/tau_crystal/.gitattributes
A	_verify/unzip/tau_crystal/.github/workflows/.github/workflows/assure.yml
A	_verify/unzip/tau_crystal/.github/workflows/_boundary.disabled
A	_verify/unzip/tau_crystal/.github/workflows/assure.yml
A	_verify/unzip/tau_crystal/.github/workflows/hecke-11a1.yml
A	_verify/unzip/tau_crystal/.github/workflows/labs/automorphic_catalog.yml
A	_verify/unzip/tau_crystal/.github/workflows/labs/bash-langlands.yml
A	_verify/unzip/tau_crystal/.github/workflows/labs/boundary.yml
A	_verify/unzip/tau_crystal/.github/workflows/labs/census.yml
A	_verify/unzip/tau_crystal/.github/workflows/labs/codeql.yml
A	_verify/unzip/tau_crystal/.github/workflows/labs/ds.yml
A	_verify/unzip/tau_crystal/.github/workflows/labs/genius-dark.yml
A	_verify/unzip/tau_crystal/.github/workflows/labs/langlands-phase-next.yml
A	_verify/unzip/tau_crystal/.github/workflows/labs/lean-proofs.yml
A	_verify/unzip/tau_crystal/.github/workflows/labs/phys_guards.yml
A	_verify/unzip/tau_crystal/.github/workflows/labs/physics.yml
A	_verify/unzip/tau_crystal/.github/workflows/labs/receipt.yml
A	_verify/unzip/tau_crystal/.github/workflows/labs/release-attest.yml
A	_verify/unzip/tau_crystal/.github/workflows/labs/release-staple.yml
A	_verify/unzip/tau_crystal/.github/workflows/labs/tau-crystal.yml
A	_verify/unzip/tau_crystal/.github/workflows/labs/tau_automorphic.yml
A	_verify/unzip/tau_crystal/.github/workflows/labs/tau_automorphic_manual.yml
A	_verify/unzip/tau_crystal/.github/workflows/labs/tau_bundled.yml
A	_verify/unzip/tau_crystal/.github/workflows/labs/tau_discovery.yml
A	_verify/unzip/tau_crystal/.github/workflows/labs/tau_discovery_confirm.yml
A	_verify/unzip/tau_crystal/.github/workflows/labs/tau_experimental.yml
A	_verify/unzip/tau_crystal/.github/workflows/labs/tau_experimental_v2.yml
A	_verify/unzip/tau_crystal/.github/workflows/labs/tau_fft_bootstrap.yml
A	_verify/unzip/tau_crystal/.github/workflows/labs/tau_langlands.yml
A	_verify/unzip/tau_crystal/.github/workflows/labs/tau_phys_guards.yml
A	_verify/unzip/tau_crystal/.github/workflows/labs/tau_post_emit.yml
A	_verify/unzip/tau_crystal/.github/workflows/labs/tau_post_emit_push.yml
A	_verify/unzip/tau_crystal/.github/workflows/mirror.yml
A	_verify/unzip/tau_crystal/.github/workflows/panic-sentinel.yml
A	_verify/unzip/tau_crystal/.github/workflows/poison.yml
A	_verify/unzip/tau_crystal/.github/workflows/release.yml
A	_verify/unzip/tau_crystal/.github/workflows/spec-guard.yml
A	_verify/unzip/tau_crystal/.gitignore
A	_verify/unzip/tau_crystal/.pages_stamp
A	_verify/unzip/tau_crystal/.tau_ledger/action_wrapper.sha256
A	_verify/unzip/tau_crystal/.tau_ledger/automorphic/critical_zeros.json
A	_verify/unzip/tau_crystal/.tau_ledger/automorphic/hecke_1757927249.json
A	_verify/unzip/tau_crystal/.tau_ledger/automorphic/new_zeros.json
A	_verify/unzip/tau_crystal/.tau_ledger/chain.LEGACY
A	_verify/unzip/tau_crystal/.tau_ledger/chain/CHAIN
A	_verify/unzip/tau_crystal/.tau_ledger/dashboard/dashboard_2025-09-18T02-22-42Z.json
A	_verify/unzip/tau_crystal/.tau_ledger/dashboard/dashboard_2025-09-18T02-24-59Z.json
A	_verify/unzip/tau_crystal/.tau_ledger/demo/run1.json
A	_verify/unzip/tau_crystal/.tau_ledger/digests/bsd_rank1.json.sha256
A	_verify/unzip/tau_crystal/.tau_ledger/digests/symsquare_zeros.json.sha256
A	_verify/unzip/tau_crystal/.tau_ledger/discovery/confirm_double_zero.json
A	_verify/unzip/tau_crystal/.tau_ledger/discovery/confirm_double_zero_stable.json
A	_verify/unzip/tau_crystal/.tau_ledger/discovery/double_zero.json
A	_verify/unzip/tau_crystal/.tau_ledger/enclave/enclavev1-20250914T144251Z.meta
A	_verify/unzip/tau_crystal/.tau_ledger/entropy/entv1-20250914T023136Z.json
A	_verify/unzip/tau_crystal/.tau_ledger/entropy/entv1-20250914T023136Z.sha256
A	_verify/unzip/tau_crystal/.tau_ledger/evolver/evolver-20250914T151253Z.json
A	_verify/unzip/tau_crystal/.tau_ledger/evolver/evolver-20250914T162239Z.json
A	_verify/unzip/tau_crystal/.tau_ledger/evolver/evolver-20250914T162501Z.json
A	_verify/unzip/tau_crystal/.tau_ledger/evolver/evolver-20250914T162526Z.json
A	_verify/unzip/tau_crystal/.tau_ledger/evolver/evolver-20250914T164603Z.json
A	_verify/unzip/tau_crystal/.tau_ledger/evolver/evolver-20250914T175521Z.json
A	_verify/unzip/tau_crystal/.tau_ledger/experimental/bootstrap_mu.json
A	_verify/unzip/tau_crystal/.tau_ledger/experimental/bsd_rank1.json
A	_verify/unzip/tau_crystal/.tau_ledger/experimental/fft_bsd.json
A	_verify/unzip/tau_crystal/.tau_ledger/experimental/symsquare_zeros.json
A	_verify/unzip/tau_crystal/.tau_ledger/galois/rho_1757927249.json
A	_verify/unzip/tau_crystal/.tau_ledger/gates/report.20250914T025733Z.txt
A	_verify/unzip/tau_crystal/.tau_ledger/gates/report.20250914T162008Z.txt
A	_verify/unzip/tau_crystal/.tau_ledger/gates/report.20250914T175528Z.txt
A	_verify/unzip/tau_crystal/.tau_ledger/gates/report.20250914T190401Z.txt
A	_verify/unzip/tau_crystal/.tau_ledger/gates/report.20250914T192829Z.txt
A	_verify/unzip/tau_crystal/.tau_ledger/gates/report.20250914T193438Z.txt
A	_verify/unzip/tau_crystal/.tau_ledger/gates/report.20250914T193616Z.txt
A	_verify/unzip/tau_crystal/.tau_ledger/genius/consciousv1-20250914T192812Z.meta
A	_verify/unzip/tau_crystal/.tau_ledger/genius/consciousv1-20250914T192821Z.meta
A	_verify/unzip/tau_crystal/.tau_ledger/genius/consciousv1-20250914T193420Z.meta
A	_verify/unzip/tau_crystal/.tau_ledger/genius/consciousv1-20250914T193430Z.meta
A	_verify/unzip/tau_crystal/.tau_ledger/genius/consciousv1-20250914T193559Z.meta
A	_verify/unzip/tau_crystal/.tau_ledger/genius/consciousv1-20250914T193608Z.meta
A	_verify/unzip/tau_crystal/.tau_ledger/genius/darkv1-20250914T175525Z.meta
A	_verify/unzip/tau_crystal/.tau_ledger/genius/darkv1-20250914T175529Z.meta
A	_verify/unzip/tau_crystal/.tau_ledger/genius/darkv1-20250914T190359Z.meta
A	_verify/unzip/tau_crystal/.tau_ledger/genius/darkv1-20250914T192812Z.meta
A	_verify/unzip/tau_crystal/.tau_ledger/genius/darkv1-20250914T192822Z.meta
A	_verify/unzip/tau_crystal/.tau_ledger/genius/darkv1-20250914T193420Z.meta
A	_verify/unzip/tau_crystal/.tau_ledger/genius/darkv1-20250914T193430Z.meta
A	_verify/unzip/tau_crystal/.tau_ledger/genius/darkv1-20250914T193559Z.meta
A	_verify/unzip/tau_crystal/.tau_ledger/genius/darkv1-20250914T193609Z.meta
A	_verify/unzip/tau_crystal/.tau_ledger/genius/entangle-20250914T192811Z-1.meta
A	_verify/unzip/tau_crystal/.tau_ledger/genius/entangle-20250914T192811Z-2.meta
A	_verify/unzip/tau_crystal/.tau_ledger/genius/entangle-20250914T192821Z-1.meta
A	_verify/unzip/tau_crystal/.tau_ledger/genius/entangle-20250914T192821Z-2.meta
A	_verify/unzip/tau_crystal/.tau_ledger/genius/entangle-20250914T193419Z-1.meta
A	_verify/unzip/tau_crystal/.tau_ledger/genius/entangle-20250914T193419Z-2.meta
A	_verify/unzip/tau_crystal/.tau_ledger/genius/entangle-20250914T193429Z-1.meta
A	_verify/unzip/tau_crystal/.tau_ledger/genius/entangle-20250914T193429Z-2.meta
A	_verify/unzip/tau_crystal/.tau_ledger/genius/entangle-20250914T193558Z-1.meta
A	_verify/unzip/tau_crystal/.tau_ledger/genius/entangle-20250914T193558Z-2.meta
A	_verify/unzip/tau_crystal/.tau_ledger/genius/entangle-20250914T193608Z-1.meta
A	_verify/unzip/tau_crystal/.tau_ledger/genius/entangle-20250914T193608Z-2.meta
A	_verify/unzip/tau_crystal/.tau_ledger/genius/godelv1-20250914T175524Z.meta
A	_verify/unzip/tau_crystal/.tau_ledger/genius/godelv1-20250914T175527Z.meta
A	_verify/unzip/tau_crystal/.tau_ledger/genius/godelv1-20250914T175530Z.meta
A	_verify/unzip/tau_crystal/.tau_ledger/genius/godelv1-20250914T190357Z.meta
A	_verify/unzip/tau_crystal/.tau_ledger/genius/godelv1-20250914T190400Z.meta
A	_verify/unzip/tau_crystal/.tau_ledger/genius/godelv1-20250914T192810Z.meta
A	_verify/unzip/tau_crystal/.tau_ledger/genius/godelv1-20250914T192820Z.meta
A	_verify/unzip/tau_crystal/.tau_ledger/genius/godelv1-20250914T193418Z.meta
A	_verify/unzip/tau_crystal/.tau_ledger/genius/godelv1-20250914T193429Z.meta
A	_verify/unzip/tau_crystal/.tau_ledger/genius/godelv1-20250914T193558Z.meta
A	_verify/unzip/tau_crystal/.tau_ledger/genius/godelv1-20250914T193607Z.meta
A	_verify/unzip/tau_crystal/.tau_ledger/genius/gombocv1-20250914T192812Z.meta
A	_verify/unzip/tau_crystal/.tau_ledger/genius/gombocv1-20250914T192822Z.meta
A	_verify/unzip/tau_crystal/.tau_ledger/genius/gombocv1-20250914T193420Z.meta
A	_verify/unzip/tau_crystal/.tau_ledger/genius/gombocv1-20250914T193430Z.meta
A	_verify/unzip/tau_crystal/.tau_ledger/genius/gombocv1-20250914T193600Z.meta
A	_verify/unzip/tau_crystal/.tau_ledger/genius/gombocv1-20250914T193609Z.meta
A	_verify/unzip/tau_crystal/.tau_ledger/genius/mandelbrotv1-20250914T175526Z.meta
A	_verify/unzip/tau_crystal/.tau_ledger/genius/mandelbrotv1-20250914T175531Z.meta
A	_verify/unzip/tau_crystal/.tau_ledger/genius/mandelbrotv1-20250914T190359Z.meta
A	_verify/unzip/tau_crystal/.tau_ledger/genius/mandelbrotv1-20250914T192819Z.meta
A	_verify/unzip/tau_crystal/.tau_ledger/genius/mandelbrotv1-20250914T192828Z.meta
A	_verify/unzip/tau_crystal/.tau_ledger/genius/mandelbrotv1-20250914T193427Z.meta
A	_verify/unzip/tau_crystal/.tau_ledger/genius/mandelbrotv1-20250914T193437Z.meta
A	_verify/unzip/tau_crystal/.tau_ledger/genius/mandelbrotv1-20250914T193606Z.meta
A	_verify/unzip/tau_crystal/.tau_ledger/genius/mandelbrotv1-20250914T193615Z.meta
A	_verify/unzip/tau_crystal/.tau_ledger/genius/omegav1-20250914T192819Z.meta
A	_verify/unzip/tau_crystal/.tau_ledger/genius/omegav1-20250914T192829Z.meta
A	_verify/unzip/tau_crystal/.tau_ledger/genius/omegav1-20250914T193428Z.meta
A	_verify/unzip/tau_crystal/.tau_ledger/genius/omegav1-20250914T193437Z.meta
A	_verify/unzip/tau_crystal/.tau_ledger/genius/omegav1-20250914T193607Z.meta
A	_verify/unzip/tau_crystal/.tau_ledger/genius/omegav1-20250914T193616Z.meta
A	_verify/unzip/tau_crystal/.tau_ledger/genius/paradoxv1-20250914T175525Z.meta
A	_verify/unzip/tau_crystal/.tau_ledger/genius/paradoxv1-20250914T175531Z.meta
A	_verify/unzip/tau_crystal/.tau_ledger/genius/paradoxv1-20250914T190358Z.meta
A	_verify/unzip/tau_crystal/.tau_ledger/genius/paradoxv1-20250914T192811Z.meta
A	_verify/unzip/tau_crystal/.tau_ledger/genius/paradoxv1-20250914T192821Z.meta
A	_verify/unzip/tau_crystal/.tau_ledger/genius/paradoxv1-20250914T193419Z.meta
A	_verify/unzip/tau_crystal/.tau_ledger/genius/paradoxv1-20250914T193429Z.meta
A	_verify/unzip/tau_crystal/.tau_ledger/genius/paradoxv1-20250914T193559Z.meta
A	_verify/unzip/tau_crystal/.tau_ledger/genius/paradoxv1-20250914T193608Z.meta
A	_verify/unzip/tau_crystal/.tau_ledger/genius/riemannv1-20250914T192820Z.meta
A	_verify/unzip/tau_crystal/.tau_ledger/genius/riemannv1-20250914T192829Z.meta
A	_verify/unzip/tau_crystal/.tau_ledger/genius/riemannv1-20250914T193428Z.meta
A	_verify/unzip/tau_crystal/.tau_ledger/genius/riemannv1-20250914T193438Z.meta
A	_verify/unzip/tau_crystal/.tau_ledger/genius/riemannv1-20250914T193607Z.meta
A	_verify/unzip/tau_crystal/.tau_ledger/genius/riemannv1-20250914T193616Z.meta
A	_verify/unzip/tau_crystal/.tau_ledger/genius/singularityv1-20250914T192820Z.meta
A	_verify/unzip/tau_crystal/.tau_ledger/genius/singularityv1-20250914T192829Z.meta
A	_verify/unzip/tau_crystal/.tau_ledger/genius/singularityv1-20250914T193428Z.meta
A	_verify/unzip/tau_crystal/.tau_ledger/genius/singularityv1-20250914T193438Z.meta
A	_verify/unzip/tau_crystal/.tau_ledger/genius/singularityv1-20250914T193607Z.meta
A	_verify/unzip/tau_crystal/.tau_ledger/genius/singularityv1-20250914T193616Z.meta
A	_verify/unzip/tau_crystal/.tau_ledger/holo/holov1-%Y%m%dT%H%M%SZ.json
A	_verify/unzip/tau_crystal/.tau_ledger/holo/holov1-20250914T142135Z.json
A	_verify/unzip/tau_crystal/.tau_ledger/holo/holov1-20250914T143706Z.json
A	_verify/unzip/tau_crystal/.tau_ledger/holo/holov1-20250914T144201Z.json
A	_verify/unzip/tau_crystal/.tau_ledger/holo/holov1-20250914T144418Z.json
A	_verify/unzip/tau_crystal/.tau_ledger/holo/holov1-20250914T144753Z.json
A	_verify/unzip/tau_crystal/.tau_ledger/holo/holov1-20250914T150653Z.json
A	_verify/unzip/tau_crystal/.tau_ledger/holo/holov1-20250914T151243Z.json
A	_verify/unzip/tau_crystal/.tau_ledger/holo/holov1-20250914T192807Z.json
A	_verify/unzip/tau_crystal/.tau_ledger/holo/holov1-20250914T193414Z.json
A	_verify/unzip/tau_crystal/.tau_ledger/holo/holov1-20250914T193555Z.json
A	_verify/unzip/tau_crystal/.tau_ledger/interf/rows.txt
A	_verify/unzip/tau_crystal/.tau_ledger/iwasawa/mu_sampling.json
A	_verify/unzip/tau_crystal/.tau_ledger/jupyter/cellv1-20250913T062756Z.json
A	_verify/unzip/tau_crystal/.tau_ledger/jupyter/cellv1-20250913T062837Z.json
A	_verify/unzip/tau_crystal/.tau_ledger/jupyter/cellv1-20250913T063004Z.json
A	_verify/unzip/tau_crystal/.tau_ledger/jupyter/tau_trace.py
A	_verify/unzip/tau_crystal/.tau_ledger/langlands/L_tau.json
A	_verify/unzip/tau_crystal/.tau_ledger/langlands/ap.json
A	_verify/unzip/tau_crystal/.tau_ledger/langlands/ap_stable.json
A	_verify/unzip/tau_crystal/.tau_ledger/langlands/combined_ap_satake.json
A	_verify/unzip/tau_crystal/.tau_ledger/langlands/combined_ap_satake_stable.json
A	_verify/unzip/tau_crystal/.tau_ledger/langlands/motives.json
A	_verify/unzip/tau_crystal/.tau_ledger/langlands/phase_next_20250915_201535Z.sha
A	_verify/unzip/tau_crystal/.tau_ledger/langlands/phase_next_20250915_202358Z.sha
A	_verify/unzip/tau_crystal/.tau_ledger/langlands/phase_next_20250915_203919Z.sha
A	_verify/unzip/tau_crystal/.tau_ledger/langlands/phase_next_20250915_212530Z.sha
A	_verify/unzip/tau_crystal/.tau_ledger/langlands/phase_next_20250915_213116Z.sha
A	_verify/unzip/tau_crystal/.tau_ledger/langlands/phase_next_20250915_213806Z.sha
A	_verify/unzip/tau_crystal/.tau_ledger/langlands/phase_next_20250915_214137Z.sha
A	_verify/unzip/tau_crystal/.tau_ledger/langlands/phase_next_20250915_214452Z.sha
A	_verify/unzip/tau_crystal/.tau_ledger/langlands/phase_next_20250915_214733Z.sha
A	_verify/unzip/tau_crystal/.tau_ledger/langlands/phase_next_20250915_215117Z.sha
A	_verify/unzip/tau_crystal/.tau_ledger/langlands/phase_next_20250915_232012Z.sha
A	_verify/unzip/tau_crystal/.tau_ledger/langlands/phase_next_latest.sha
A	_verify/unzip/tau_crystal/.tau_ledger/langlands/rank.json
A	_verify/unzip/tau_crystal/.tau_ledger/langlands/satake.json
A	_verify/unzip/tau_crystal/.tau_ledger/langlands/satake_stable.json
A	_verify/unzip/tau_crystal/.tau_ledger/metrics/monodromy.json
A	_verify/unzip/tau_crystal/.tau_ledger/mirror/mirrorv1-%Y%m%dT%H%M%SZ.meta
A	_verify/unzip/tau_crystal/.tau_ledger/mirror/mirrorv1-20250914T144208Z.meta
A	_verify/unzip/tau_crystal/.tau_ledger/mirror/mirrorv1-20250914T144425Z.meta
A	_verify/unzip/tau_crystal/.tau_ledger/mirror/mirrorv1-20250914T144800Z.meta
A	_verify/unzip/tau_crystal/.tau_ledger/mirror/mirrorv1-20250914T150700Z.meta
A	_verify/unzip/tau_crystal/.tau_ledger/mirror/mirrorv1-20250914T151250Z.meta
A	_verify/unzip/tau_crystal/.tau_ledger/mirror/mirrorv1-20250914T162238Z.meta
A	_verify/unzip/tau_crystal/.tau_ledger/mirror/mirrorv1-20250914T162459Z.meta
A	_verify/unzip/tau_crystal/.tau_ledger/mirror/mirrorv1-20250914T162524Z.meta
A	_verify/unzip/tau_crystal/.tau_ledger/mirror/mirrorv1-20250914T192808Z.meta
A	_verify/unzip/tau_crystal/.tau_ledger/mirror/mirrorv1-20250914T193415Z.meta
A	_verify/unzip/tau_crystal/.tau_ledger/mirror/mirrorv1-20250914T193555Z.meta
A	_verify/unzip/tau_crystal/.tau_ledger/motives/motive_15537.json
A	_verify/unzip/tau_crystal/.tau_ledger/motives/motive_28404.json
A	_verify/unzip/tau_crystal/.tau_ledger/motives/motive_8578.json
A	_verify/unzip/tau_crystal/.tau_ledger/motives/motive_9220.json
A	_verify/unzip/tau_crystal/.tau_ledger/perma/permav1-20250914T144205Z.meta
A	_verify/unzip/tau_crystal/.tau_ledger/perma/permav1-20250914T144423Z.meta
A	_verify/unzip/tau_crystal/.tau_ledger/perma/permav1-20250914T144758Z.meta
A	_verify/unzip/tau_crystal/.tau_ledger/perma/permav1-20250914T150657Z.meta
A	_verify/unzip/tau_crystal/.tau_ledger/perma/permav1-20250914T151248Z.meta
A	_verify/unzip/tau_crystal/.tau_ledger/perma/permav1-20250914T162236Z.meta
A	_verify/unzip/tau_crystal/.tau_ledger/perma/permav1-20250914T162458Z.meta
A	_verify/unzip/tau_crystal/.tau_ledger/perma/permav1-20250914T162523Z.meta
A	_verify/unzip/tau_crystal/.tau_ledger/perma/permav1-20250914T164600Z.meta
A	_verify/unzip/tau_crystal/.tau_ledger/perma/permav1-20250914T175519Z.meta
A	_verify/unzip/tau_crystal/.tau_ledger/perma/permav1-20250914T190354Z.meta
A	_verify/unzip/tau_crystal/.tau_ledger/perma/permav1-20250914T192808Z.meta
A	_verify/unzip/tau_crystal/.tau_ledger/perma/permav1-20250914T193416Z.meta
A	_verify/unzip/tau_crystal/.tau_ledger/perma/permav1-20250914T193556Z.meta
A	_verify/unzip/tau_crystal/.tau_ledger/phys/debye_cap.txt
A	_verify/unzip/tau_crystal/.tau_ledger/phys/lattice.json
A	_verify/unzip/tau_crystal/.tau_ledger/receipts/demo-20250914T023421Z.json
A	_verify/unzip/tau_crystal/.tau_ledger/receipts/receipt_2025-09-15T21-41-37Z_c6390eb.json
A	_verify/unzip/tau_crystal/.tau_ledger/receipts/receipt_2025-09-15T21-44-52Z_5d78116.json
A	_verify/unzip/tau_crystal/.tau_ledger/receipts/receipt_2025-09-15T21-47-33Z_f726ea2.json
A	_verify/unzip/tau_crystal/.tau_ledger/receipts/receipt_2025-09-15T21-51-17Z_f726ea2.json
A	_verify/unzip/tau_crystal/.tau_ledger/receipts/receipt_c6390eb9c5a1.json
A	_verify/unzip/tau_crystal/.tau_ledger/rg/affine_leaf.json
A	_verify/unzip/tau_crystal/.tau_ledger/rg/affine_leaf.sha256
A	_verify/unzip/tau_crystal/.tau_ledger/runlogs/bin_stamp.err
A	_verify/unzip/tau_crystal/.tau_ledger/runlogs/bin_stamp.out
A	_verify/unzip/tau_crystal/.tau_ledger/runlogs/bin_verify.err
A	_verify/unzip/tau_crystal/.tau_ledger/runlogs/bin_verify.out
A	_verify/unzip/tau_crystal/.tau_ledger/runlogs/cache_log.err
A	_verify/unzip/tau_crystal/.tau_ledger/runlogs/cache_log.out
A	_verify/unzip/tau_crystal/.tau_ledger/runlogs/cache_predict.err
A	_verify/unzip/tau_crystal/.tau_ledger/runlogs/cache_predict.out
A	_verify/unzip/tau_crystal/.tau_ledger/runlogs/cache_stamp.err
A	_verify/unzip/tau_crystal/.tau_ledger/runlogs/cache_stamp.out
A	_verify/unzip/tau_crystal/.tau_ledger/runlogs/evolver.err
A	_verify/unzip/tau_crystal/.tau_ledger/runlogs/evolver.out
A	_verify/unzip/tau_crystal/.tau_ledger/runlogs/evolver_stamp.err
A	_verify/unzip/tau_crystal/.tau_ledger/runlogs/evolver_stamp.out
A	_verify/unzip/tau_crystal/.tau_ledger/runlogs/gen_conscious.err
A	_verify/unzip/tau_crystal/.tau_ledger/runlogs/gen_conscious.out
A	_verify/unzip/tau_crystal/.tau_ledger/runlogs/gen_dark.err
A	_verify/unzip/tau_crystal/.tau_ledger/runlogs/gen_dark.out
A	_verify/unzip/tau_crystal/.tau_ledger/runlogs/gen_entangle.err
A	_verify/unzip/tau_crystal/.tau_ledger/runlogs/gen_entangle.out
A	_verify/unzip/tau_crystal/.tau_ledger/runlogs/gen_godel.err
A	_verify/unzip/tau_crystal/.tau_ledger/runlogs/gen_godel.out
A	_verify/unzip/tau_crystal/.tau_ledger/runlogs/gen_gomboc.err
A	_verify/unzip/tau_crystal/.tau_ledger/runlogs/gen_gomboc.out
A	_verify/unzip/tau_crystal/.tau_ledger/runlogs/gen_mandel.err
A	_verify/unzip/tau_crystal/.tau_ledger/runlogs/gen_mandel.out
A	_verify/unzip/tau_crystal/.tau_ledger/runlogs/gen_omega.err
A	_verify/unzip/tau_crystal/.tau_ledger/runlogs/gen_omega.out
A	_verify/unzip/tau_crystal/.tau_ledger/runlogs/gen_paradox.err
A	_verify/unzip/tau_crystal/.tau_ledger/runlogs/gen_paradox.out
A	_verify/unzip/tau_crystal/.tau_ledger/runlogs/gen_riemann.err
A	_verify/unzip/tau_crystal/.tau_ledger/runlogs/gen_riemann.out
A	_verify/unzip/tau_crystal/.tau_ledger/runlogs/gen_singularity.err
A	_verify/unzip/tau_crystal/.tau_ledger/runlogs/gen_singularity.out
A	_verify/unzip/tau_crystal/.tau_ledger/runlogs/gen_unified.err
A	_verify/unzip/tau_crystal/.tau_ledger/runlogs/gen_unified.out
A	_verify/unzip/tau_crystal/.tau_ledger/runlogs/gen_verify_ent.err
A	_verify/unzip/tau_crystal/.tau_ledger/runlogs/gen_verify_ent.out
A	_verify/unzip/tau_crystal/.tau_ledger/runlogs/holo_build.err
A	_verify/unzip/tau_crystal/.tau_ledger/runlogs/holo_build.out
A	_verify/unzip/tau_crystal/.tau_ledger/runlogs/holo_stamp.err
A	_verify/unzip/tau_crystal/.tau_ledger/runlogs/holo_stamp.out
A	_verify/unzip/tau_crystal/.tau_ledger/runlogs/holo_verify.err
A	_verify/unzip/tau_crystal/.tau_ledger/runlogs/holo_verify.out
A	_verify/unzip/tau_crystal/.tau_ledger/runlogs/mirror_fetch.err
A	_verify/unzip/tau_crystal/.tau_ledger/runlogs/mirror_fetch.out
A	_verify/unzip/tau_crystal/.tau_ledger/runlogs/mirror_stamp.err
A	_verify/unzip/tau_crystal/.tau_ledger/runlogs/mirror_stamp.out
A	_verify/unzip/tau_crystal/.tau_ledger/runlogs/mirror_verify.err
A	_verify/unzip/tau_crystal/.tau_ledger/runlogs/mirror_verify.out
A	_verify/unzip/tau_crystal/.tau_ledger/runlogs/perma_pin.err
A	_verify/unzip/tau_crystal/.tau_ledger/runlogs/perma_pin.out
A	_verify/unzip/tau_crystal/.tau_ledger/runlogs/perma_stamp.err
A	_verify/unzip/tau_crystal/.tau_ledger/runlogs/perma_stamp.out
A	_verify/unzip/tau_crystal/.tau_ledger/runlogs/perma_verify.err
A	_verify/unzip/tau_crystal/.tau_ledger/runlogs/perma_verify.out
A	_verify/unzip/tau_crystal/.tau_ledger/runlogs/phys_delta27.err
A	_verify/unzip/tau_crystal/.tau_ledger/runlogs/phys_delta27.out
A	_verify/unzip/tau_crystal/.tau_ledger/runlogs/phys_stamp.err
A	_verify/unzip/tau_crystal/.tau_ledger/runlogs/phys_stamp.out
A	_verify/unzip/tau_crystal/.tau_ledger/runlogs/phys_symm.err
A	_verify/unzip/tau_crystal/.tau_ledger/runlogs/phys_symm.out
A	_verify/unzip/tau_crystal/.tau_ledger/runlogs/policy_gate.err
A	_verify/unzip/tau_crystal/.tau_ledger/runlogs/policy_gate.out
A	_verify/unzip/tau_crystal/.tau_ledger/sheaf.digest
A	_verify/unzip/tau_crystal/.tau_ledger/sheaf.preimage
A	_verify/unzip/tau_crystal/.tau_ledger/signature/sigv1-20250914T035320Z.json
A	_verify/unzip/tau_crystal/.tau_ledger/sigring/ringv1-20250914T023849Z.json
A	_verify/unzip/tau_crystal/.tau_ledger/sigring/ringv1-20250914T023849Z.sig
A	_verify/unzip/tau_crystal/.tau_ledger/sigring/ringv1-20250914T023849Z.txt
A	_verify/unzip/tau_crystal/.tau_ledger/tau_bin/binv1-20250914T150740Z.meta
A	_verify/unzip/tau_crystal/.tau_ledger/tau_bin/binv1-20250914T151916Z.meta
A	_verify/unzip/tau_crystal/.tau_ledger/tau_bin/binv1-20250914T192810Z.meta
A	_verify/unzip/tau_crystal/.tau_ledger/tau_bin/binv1-20250914T193417Z.meta
A	_verify/unzip/tau_crystal/.tau_ledger/tau_bin/binv1-20250914T193557Z.meta
A	_verify/unzip/tau_crystal/.tau_ledger/timefolds/tf-20250914T022248Z.files
A	_verify/unzip/tau_crystal/.tau_ledger/timefolds/tf-20250914T022248Z.meta
A	_verify/unzip/tau_crystal/.tau_ledger/timefolds/tf-20250914T022521Z.files
A	_verify/unzip/tau_crystal/.tau_ledger/timefolds/tf-20250914T022521Z.meta
A	_verify/unzip/tau_crystal/.tau_ledger/tmp
A	_verify/unzip/tau_crystal/.tau_ledger/xref/index.v1
A	_verify/unzip/tau_crystal/.tau_ledger/zkdiff/base-20250913T063507Z.files
A	_verify/unzip/tau_crystal/.tau_ledger/zkdiff/base-20250913T063655Z.files
A	_verify/unzip/tau_crystal/.tau_ledger/zkdiff/base-20250913T064026Z.files
A	_verify/unzip/tau_crystal/.tau_ledger/zkdiff/base-20250913T064026Z.meta
A	_verify/unzip/tau_crystal/.tau_ledger/zkdiff/base-20250913T064416Z.files
A	_verify/unzip/tau_crystal/.tau_ledger/zkdiff/base-20250913T064616Z.files
A	_verify/unzip/tau_crystal/.tau_ledger/zkdiff/base-20250913T065313Z.files
A	_verify/unzip/tau_crystal/.tau_ledger/zkdiff/base-20250913T065313Z.meta
A	_verify/unzip/tau_crystal/.tau_ledger/zkdiff/base-20250914T041543Z.files
A	_verify/unzip/tau_crystal/.tau_ledger/zkdiff/base-20250914T041543Z.meta
A	_verify/unzip/tau_crystal/.tau_plan_roots.env
A	_verify/unzip/tau_crystal/CITATION.cff
A	_verify/unzip/tau_crystal/CODE_OF_CONDUCT.md
A	_verify/unzip/tau_crystal/CONTRIBUTING.md
A	_verify/unzip/tau_crystal/Core/Certificate.lean
A	_verify/unzip/tau_crystal/Core/Residue.lean
A	_verify/unzip/tau_crystal/Core/Sheaf.lean
A	_verify/unzip/tau_crystal/Core/Tau.lean
A	_verify/unzip/tau_crystal/FusionMain.lean
A	_verify/unzip/tau_crystal/LICENSE
A	_verify/unzip/tau_crystal/Main.lean
A	_verify/unzip/tau_crystal/Main2.lean
A	_verify/unzip/tau_crystal/Makefile
A	_verify/unzip/tau_crystal/POISON
A	_verify/unzip/tau_crystal/PRIVACY.md
A	_verify/unzip/tau_crystal/README.md
A	_verify/unzip/tau_crystal/Receipt/Receipt.lean
A	_verify/unzip/tau_crystal/SECURITY.md
A	_verify/unzip/tau_crystal/SUPPORT.md
A	_verify/unzip/tau_crystal/TERMS.md
A	_verify/unzip/tau_crystal/TauCrystal.lean
A	_verify/unzip/tau_crystal/TauCrystal/Basic.lean
A	_verify/unzip/tau_crystal/TauCrystal/Cli.lean
A	_verify/unzip/tau_crystal/TauCrystal/Core.lean
A	_verify/unzip/tau_crystal/TauCrystal/Derived/Refactor.lean
A	_verify/unzip/tau_crystal/TauCrystal/Infinity/ReceiptInf.lean
A	_verify/unzip/tau_crystal/TauCrystal/Init.lean
A	_verify/unzip/tau_crystal/TauCrystal/Proofs.lean
A	_verify/unzip/tau_crystal/TauCrystal/Proofs/LaurentCheck.lean
A	_verify/unzip/tau_crystal/TauCrystal/Proofs/TauMonotonic.lean
A	_verify/unzip/tau_crystal/TauCrystal/ReceiptCategory.lean
A	_verify/unzip/tau_crystal/TauCrystal/Spectral.lean
A	_verify/unzip/tau_crystal/TauCrystal/VerifyChain.lean
A	_verify/unzip/tau_crystal/_ci_artifacts/confirm_double_zero.json
A	_verify/unzip/tau_crystal/_ci_artifacts/confirm_double_zero_stable.json
A	_verify/unzip/tau_crystal/_ci_artifacts/physics/passport.json
A	_verify/unzip/tau_crystal/_ci_artifacts/physics/post_cert.json
A	_verify/unzip/tau_crystal/_ci_artifacts/physics/post_meas.json
A	_verify/unzip/tau_crystal/_ci_artifacts/physics/pre_cert.json
A	_verify/unzip/tau_crystal/_ci_artifacts/smartcache-receipt/receipt.json
A	_verify/unzip/tau_crystal/_ci_artifacts/tau-crystal-manifest/fusion.stdout.txt
A	_verify/unzip/tau_crystal/_ci_artifacts/tau-ledger-jupyter/.tau_ledger/jupyter/cellv1-20250913T151114Z.json
A	_verify/unzip/tau_crystal/_ci_artifacts/tau-ledger-jupyter/.tau_ledger/jupyter/cellv1-20250913T151115Z.json
A	_verify/unzip/tau_crystal/_ci_artifacts/tau-ledger-jupyter/docs/manifest.md
A	_verify/unzip/tau_crystal/_ci_artifacts/tau-receipt/assure-empty.txt
A	_verify/unzip/tau_crystal/action.yml
A	_verify/unzip/tau_crystal/analysis/.animate.pid
A	_verify/unzip/tau_crystal/analysis/.best_S.txt
A	_verify/unzip/tau_crystal/analysis/.best_T.txt
A	_verify/unzip/tau_crystal/analysis/.best_delta.txt
A	_verify/unzip/tau_crystal/analysis/.gitkeep
A	_verify/unzip/tau_crystal/analysis/.scan_index.tsv
A	_verify/unzip/tau_crystal/analysis/analytic_heegner.sha256
A	_verify/unzip/tau_crystal/analysis/analytic_heegner.tsv
A	_verify/unzip/tau_crystal/analysis/analytic_heegner_receipt.json
A	_verify/unzip/tau_crystal/analysis/atlas.jsonl
A	_verify/unzip/tau_crystal/analysis/atlas/11a1/ap.tsv
A	_verify/unzip/tau_crystal/analysis/atlas/11a1/attestation.json
A	_verify/unzip/tau_crystal/analysis/atlas/11a1/leaf.json
A	_verify/unzip/tau_crystal/analysis/atlas/11a1/verification.json
A	_verify/unzip/tau_crystal/analysis/atlas/37a1/ap.tsv
A	_verify/unzip/tau_crystal/analysis/atlas/37a1/attestation.json
A	_verify/unzip/tau_crystal/analysis/atlas/37a1/leaf.json
A	_verify/unzip/tau_crystal/analysis/atlas/37a1/verification.json
A	_verify/unzip/tau_crystal/analysis/atlas/atlas_hecke.jsonl
A	_verify/unzip/tau_crystal/analysis/atlas/candidates.tsv
A	_verify/unzip/tau_crystal/analysis/atlas_line.tsv
A	_verify/unzip/tau_crystal/analysis/atlas_status.txt
A	_verify/unzip/tau_crystal/analysis/bash_theta_scan.tsv
A	_verify/unzip/tau_crystal/analysis/basins.tsv
A	_verify/unzip/tau_crystal/analysis/deformation_ring.dot
A	_verify/unzip/tau_crystal/analysis/deformation_ring.tsv
A	_verify/unzip/tau_crystal/analysis/discovery_ap.tsv
A	_verify/unzip/tau_crystal/analysis/discovery_best.tsv
A	_verify/unzip/tau_crystal/analysis/discovery_centroid.tsv
A	_verify/unzip/tau_crystal/analysis/discovery_hits.tsv
A	_verify/unzip/tau_crystal/analysis/double_zero_clusters.tsv
A	_verify/unzip/tau_crystal/analysis/double_zero_ords.tsv
A	_verify/unzip/tau_crystal/analysis/double_zero_refined.tsv
A	_verify/unzip/tau_crystal/analysis/endoscopy.tsv
A	_verify/unzip/tau_crystal/analysis/feq_report.txt
A	_verify/unzip/tau_crystal/analysis/forensics/commits_all.tsv
A	_verify/unzip/tau_crystal/analysis/forensics/dangling.tsv
A	_verify/unzip/tau_crystal/analysis/forensics/ghosts.tsv
A	_verify/unzip/tau_crystal/analysis/forensics/ghosts_risky.tsv
A	_verify/unzip/tau_crystal/analysis/forensics/mtimes.tsv
A	_verify/unzip/tau_crystal/analysis/forensics/reflog_window.tsv
A	_verify/unzip/tau_crystal/analysis/forensics/stash.tsv
A	_verify/unzip/tau_crystal/analysis/forensics/summary.tsv
A	_verify/unzip/tau_crystal/analysis/forensics/unpushed.tsv
A	_verify/unzip/tau_crystal/analysis/fused_gates.json
A	_verify/unzip/tau_crystal/analysis/fused_gates.json.sha256
A	_verify/unzip/tau_crystal/analysis/hist_discovery_Nk.tsv
A	_verify/unzip/tau_crystal/analysis/hist_rank_L0.tsv
A	_verify/unzip/tau_crystal/analysis/laurent_ring.tsv
A	_verify/unzip/tau_crystal/analysis/micro_conductor.tsv
A	_verify/unzip/tau_crystal/analysis/modularity_scan_20250914T213219Z.tsv
A	_verify/unzip/tau_crystal/analysis/modularity_scan_20250914T213458Z.tsv
A	_verify/unzip/tau_crystal/analysis/morse_crit.tsv
A	_verify/unzip/tau_crystal/analysis/next_nonce_from_heegner.hex
A	_verify/unzip/tau_crystal/analysis/next_surface.tsv
A	_verify/unzip/tau_crystal/analysis/normalized/L_tau.norm.json
A	_verify/unzip/tau_crystal/analysis/normalized/L_tau.norm.norm.json
A	_verify/unzip/tau_crystal/analysis/normalized/ap.norm.json
A	_verify/unzip/tau_crystal/analysis/normalized/ap.norm.norm.json
A	_verify/unzip/tau_crystal/analysis/normalized/ap_stable.norm.json
A	_verify/unzip/tau_crystal/analysis/normalized/ap_stable.norm.norm.json
A	_verify/unzip/tau_crystal/analysis/normalized/combined_ap_satake.norm.json
A	_verify/unzip/tau_crystal/analysis/normalized/combined_ap_satake.norm.norm.json
A	_verify/unzip/tau_crystal/analysis/normalized/combined_ap_satake_stable.norm.json
A	_verify/unzip/tau_crystal/analysis/normalized/combined_ap_satake_stable.norm.norm.json
A	_verify/unzip/tau_crystal/analysis/normalized/motives.norm.json
A	_verify/unzip/tau_crystal/analysis/normalized/motives.norm.norm.json
A	_verify/unzip/tau_crystal/analysis/normalized/rank.norm.json
A	_verify/unzip/tau_crystal/analysis/normalized/rank.norm.norm.json
A	_verify/unzip/tau_crystal/analysis/normalized/satake.norm.json
A	_verify/unzip/tau_crystal/analysis/normalized/satake.norm.norm.json
A	_verify/unzip/tau_crystal/analysis/normalized/satake_stable.norm.json
A	_verify/unzip/tau_crystal/analysis/normalized/satake_stable.norm.norm.json
A	_verify/unzip/tau_crystal/analysis/padic_family.tsv
A	_verify/unzip/tau_crystal/analysis/plots/atlas_line.svg
A	_verify/unzip/tau_crystal/analysis/plots/basins.svg
A	_verify/unzip/tau_crystal/analysis/plots/doubles.svg
A	_verify/unzip/tau_crystal/analysis/plots/doubles_refined.svg
A	_verify/unzip/tau_crystal/analysis/plots/morse.svg
A	_verify/unzip/tau_crystal/analysis/plots/satake_polar.svg
A	_verify/unzip/tau_crystal/analysis/plots/status.svg
A	_verify/unzip/tau_crystal/analysis/ramanujan.tsv
A	_verify/unzip/tau_crystal/analysis/reciprocity_best.env
A	_verify/unzip/tau_crystal/analysis/reciprocity_best.tsv
A	_verify/unzip/tau_crystal/analysis/reciprocity_best.txt
A	_verify/unzip/tau_crystal/analysis/reciprocity_second.env
A	_verify/unzip/tau_crystal/analysis/reciprocity_second.txt
A	_verify/unzip/tau_crystal/analysis/rollup_summary.tsv
A	_verify/unzip/tau_crystal/analysis/satake_angles.tsv
A	_verify/unzip/tau_crystal/analysis/snapshots/atlas_20250915_203915Z/atlas_line.tsv
A	_verify/unzip/tau_crystal/analysis/snapshots/atlas_20250915_203915Z/bash_theta_scan.tsv
A	_verify/unzip/tau_crystal/analysis/snapshots/atlas_20250915_203915Z/basins.tsv
A	_verify/unzip/tau_crystal/analysis/snapshots/atlas_20250915_203915Z/manifest.txt
A	_verify/unzip/tau_crystal/analysis/snapshots/atlas_20250915_203915Z/morse_crit.tsv
A	_verify/unzip/tau_crystal/analysis/theta_sweep.tsv
A	_verify/unzip/tau_crystal/analysis/trace_formula.tsv
A	_verify/unzip/tau_crystal/analysis/zero_depletion.tsv
A	_verify/unzip/tau_crystal/assure.ps1
A	_verify/unzip/tau_crystal/assure.sh
A	_verify/unzip/tau_crystal/atlas/README.md
A	_verify/unzip/tau_crystal/atlas/discovery_top.tsv
A	_verify/unzip/tau_crystal/atlas/index.tsv
A	_verify/unzip/tau_crystal/atlas/laurent_unit.tsv
A	_verify/unzip/tau_crystal/atlas/rank2.tsv
A	_verify/unzip/tau_crystal/atlas/simple_zero.tsv
A	_verify/unzip/tau_crystal/boundary/WHITELIST.assumptions
A	_verify/unzip/tau_crystal/boundary/WHITELIST.ax
A	_verify/unzip/tau_crystal/boundary/WHITELIST.opaque
A	_verify/unzip/tau_crystal/boundary/WHITELIST.unsafe
A	_verify/unzip/tau_crystal/config.sh
A	_verify/unzip/tau_crystal/config/sidecar.yaml
A	_verify/unzip/tau_crystal/constraints.d/tau.rules
A	_verify/unzip/tau_crystal/docs/.manifest.tf.798
A	_verify/unzip/tau_crystal/docs/.manifest.xref.4188
A	_verify/unzip/tau_crystal/docs/.nojekyll
A	_verify/unzip/tau_crystal/docs/AUDIT.md
A	_verify/unzip/tau_crystal/docs/MARKETPLACE_AUDIT.md
A	_verify/unzip/tau_crystal/docs/MONOGRAPH.md
A	_verify/unzip/tau_crystal/docs/MONOGRAPH/index.html
A	_verify/unzip/tau_crystal/docs/PRIVACY.md
A	_verify/unzip/tau_crystal/docs/REPO_TREE.md
A	_verify/unzip/tau_crystal/docs/TERMS.md
A	_verify/unzip/tau_crystal/docs/_config.yml
A	_verify/unzip/tau_crystal/docs/_posts/2025-09-17-dummysuserguide.md
A	_verify/unzip/tau_crystal/docs/automorphic/catalog.md
A	_verify/unzip/tau_crystal/docs/ci.md
A	_verify/unzip/tau_crystal/docs/dummys-user-guide.md
A	_verify/unzip/tau_crystal/docs/extension/tau_stamp.md
A	_verify/unzip/tau_crystal/docs/extensions/README.md
A	_verify/unzip/tau_crystal/docs/first-verification.md
A	_verify/unzip/tau_crystal/docs/gallery/README.md
A	_verify/unzip/tau_crystal/docs/gallery/discovery-best-20250917.md
A	_verify/unzip/tau_crystal/docs/guides/atlas_hecke.md
A	_verify/unzip/tau_crystal/docs/guides/dummys-user-guide-sealed.md
A	_verify/unzip/tau_crystal/docs/guides/hecke-11a1-monograph.md
A	_verify/unzip/tau_crystal/docs/index.html
A	_verify/unzip/tau_crystal/docs/index.md
A	_verify/unzip/tau_crystal/docs/manifest.json.sha256
A	_verify/unzip/tau_crystal/docs/manifest.md
A	_verify/unzip/tau_crystal/docs/manifest.sha256
A	_verify/unzip/tau_crystal/docs/marketplace-listing.md
A	_verify/unzip/tau_crystal/docs/monographs/_index.md
A	_verify/unzip/tau_crystal/docs/monographs/_operational_appendix.md
A	_verify/unzip/tau_crystal/docs/monographs/cohomological_architecture.md
A	_verify/unzip/tau_crystal/docs/monographs/langlands_for_computation.md
A	_verify/unzip/tau_crystal/docs/monographs/langlands_lab.md
A	_verify/unzip/tau_crystal/docs/monographs/langlands_lab_reflections.md
A	_verify/unzip/tau_crystal/docs/monographs/langlands_observatory.md
A	_verify/unzip/tau_crystal/docs/monographs/langlands_phase_next_20250915_232009Z.md
A	_verify/unzip/tau_crystal/docs/monographs/langlands_second_witness.md
A	_verify/unzip/tau_crystal/docs/monographs/receipts_to_reality_langlands_observatory.md
A	_verify/unzip/tau_crystal/docs/monographs/scripts_universe.md
A	_verify/unzip/tau_crystal/docs/monographs/theory_fundamentals.md
A	_verify/unzip/tau_crystal/docs/sample/live.html
A	_verify/unzip/tau_crystal/docs/schemas/ap_satake.schema.json
A	_verify/unzip/tau_crystal/docs/schemas/experimental.json
A	_verify/unzip/tau_crystal/docs/schemas/experimental_fft_bootstrap.json
A	_verify/unzip/tau_crystal/docs/sidecar.md
A	_verify/unzip/tau_crystal/docs/specs/bin-v1.0.md
A	_verify/unzip/tau_crystal/docs/specs/cache-v1.0.md
A	_verify/unzip/tau_crystal/docs/specs/enclave-v1.0.md
A	_verify/unzip/tau_crystal/docs/specs/entropy-v1.0.md
A	_verify/unzip/tau_crystal/docs/specs/evolver-v1.0.md
A	_verify/unzip/tau_crystal/docs/specs/federation-v1.0.md
A	_verify/unzip/tau_crystal/docs/specs/holo-v1.0.md
A	_verify/unzip/tau_crystal/docs/specs/interference-v1.0.md
A	_verify/unzip/tau_crystal/docs/specs/mirror-v1.0.md
A	_verify/unzip/tau_crystal/docs/specs/perma-receipt-v1.0.md
A	_verify/unzip/tau_crystal/docs/specs/physics-v1.0.md
A	_verify/unzip/tau_crystal/docs/specs/policy-gate-v1.0.md
A	_verify/unzip/tau_crystal/docs/specs/signature-rules-v1.0.md
A	_verify/unzip/tau_crystal/docs/specs/tau-stamp-v1.0.md
A	_verify/unzip/tau_crystal/docs/specs/zkdiff-v1.0.md
A	_verify/unzip/tau_crystal/docs/tau-crystal-synthesis-formal-verification-reproducibility.md
A	_verify/unzip/tau_crystal/docs/tau-crystal.html
A	_verify/unzip/tau_crystal/examples/tau_tanh_demo.py
A	_verify/unzip/tau_crystal/extension/tau_stamp/popup.css
A	_verify/unzip/tau_crystal/extension/tau_stamp/popup.html
A	_verify/unzip/tau_crystal/extension/tau_stamp/popup.js
A	_verify/unzip/tau_crystal/lakefile.lean
A	_verify/unzip/tau_crystal/lean-toolchain
A	_verify/unzip/tau_crystal/manifests/86b9275b33cfe1276db843cf65166ea66cbe087ea82b28333495400ab6deac7d.json
A	_verify/unzip/tau_crystal/media/tau_tanh_demo.pgm
A	_verify/unzip/tau_crystal/py_ledger/cheby_tau.py
A	_verify/unzip/tau_crystal/py_ledger/main.py
A	_verify/unzip/tau_crystal/py_ledger/manifest.py
A	_verify/unzip/tau_crystal/py_ledger/qcro_adapter.py
A	_verify/unzip/tau_crystal/py_ledger/rank_kernel.py
A	_verify/unzip/tau_crystal/py_ledger/sign_manifest.py
A	_verify/unzip/tau_crystal/receipts/receipt-20250907T161411Z.txt
A	_verify/unzip/tau_crystal/receipts/receipt-20250907T164815Z.txt
A	_verify/unzip/tau_crystal/receipts/receipt-20250907T170804Z.txt
A	_verify/unzip/tau_crystal/receipts/receipt-20250907T170952Z.txt
A	_verify/unzip/tau_crystal/receipts/receipt-20250907T171020Z.txt
A	_verify/unzip/tau_crystal/receipts/receipt-20250907T173203Z.txt
A	_verify/unzip/tau_crystal/receipts/receipt-20250907T173422Z.txt
A	_verify/unzip/tau_crystal/receipts/receipt-20250907T173452Z.txt
A	_verify/unzip/tau_crystal/receipts/receipt-20250907T174453Z.txt
A	_verify/unzip/tau_crystal/receipts/receipt-20250907T180823Z.txt
A	_verify/unzip/tau_crystal/receipts/xref/hello.receipt.json
A	_verify/unzip/tau_crystal/run.cmd
A	_verify/unzip/tau_crystal/run.sh
A	_verify/unzip/tau_crystal/schemas/side-car-v1.json
A	_verify/unzip/tau_crystal/scripts/add_readme_snippets.sh
A	_verify/unzip/tau_crystal/scripts/anomaly_detection.sh
A	_verify/unzip/tau_crystal/scripts/arithmetic/compute_rank.sh
A	_verify/unzip/tau_crystal/scripts/assumption_census.sh
A	_verify/unzip/tau_crystal/scripts/assure.sh
A	_verify/unzip/tau_crystal/scripts/assure/_ap_recount.awk
A	_verify/unzip/tau_crystal/scripts/assure/_ap_recount.py
A	_verify/unzip/tau_crystal/scripts/assure/_coeffs_from_atlas.py
A	_verify/unzip/tau_crystal/scripts/assure/adversarial_recount.sh
A	_verify/unzip/tau_crystal/scripts/assure/mirror_world_compare.sh
A	_verify/unzip/tau_crystal/scripts/assure/poison_canary.sh
A	_verify/unzip/tau_crystal/scripts/assure/weekly_driver.sh
A	_verify/unzip/tau_crystal/scripts/assure_latest.sh
A	_verify/unzip/tau_crystal/scripts/assure_with_boundary.sh
A	_verify/unzip/tau_crystal/scripts/atlas/_intlib.sh
A	_verify/unzip/tau_crystal/scripts/atlas/_parity_numeric.sh
A	_verify/unzip/tau_crystal/scripts/atlas/add_curve.sh
A	_verify/unzip/tau_crystal/scripts/atlas/adversarial_lottery.sh
A	_verify/unzip/tau_crystal/scripts/atlas/build_atlas.sh
A	_verify/unzip/tau_crystal/scripts/atlas/build_curve.sh
A	_verify/unzip/tau_crystal/scripts/atlas/curves_canonical.tsv
A	_verify/unzip/tau_crystal/scripts/atlas/flag_double_zero.sh
A	_verify/unzip/tau_crystal/scripts/atlas/post_enrich.sh
A	_verify/unzip/tau_crystal/scripts/audit_and_polish.sh
A	_verify/unzip/tau_crystal/scripts/automorphic/_catalog.py
A	_verify/unzip/tau_crystal/scripts/automorphic/_manifest_stamp.py
A	_verify/unzip/tau_crystal/scripts/automorphic/_publish.py
A	_verify/unzip/tau_crystal/scripts/automorphic/galois_rho.py
A	_verify/unzip/tau_crystal/scripts/automorphic/galois_rho.sh
A	_verify/unzip/tau_crystal/scripts/automorphic/guard_emit.py
A	_verify/unzip/tau_crystal/scripts/automorphic/guard_emit.sh
A	_verify/unzip/tau_crystal/scripts/automorphic/hecke_mint.py
A	_verify/unzip/tau_crystal/scripts/automorphic/hecke_mint.sh
A	_verify/unzip/tau_crystal/scripts/automorphic/mint_motive.sh
A	_verify/unzip/tau_crystal/scripts/automorphic/publish_automorphic.sh
A	_verify/unzip/tau_crystal/scripts/automorphic/zero_critical.py
A	_verify/unzip/tau_crystal/scripts/automorphic/zero_critical.sh
A	_verify/unzip/tau_crystal/scripts/automorphic/zero_hunt.sh
A	_verify/unzip/tau_crystal/scripts/blockchain.sh
A	_verify/unzip/tau_crystal/scripts/boundary_audit.sh
A	_verify/unzip/tau_crystal/scripts/boundary_census.sh
A	_verify/unzip/tau_crystal/scripts/boundary_check.sh
A	_verify/unzip/tau_crystal/scripts/bump_readme_release.sh
A	_verify/unzip/tau_crystal/scripts/cache/mathlib_cache.py
A	_verify/unzip/tau_crystal/scripts/cache/stamp_cache_into_manifest.sh
A	_verify/unzip/tau_crystal/scripts/check_privileges.sh
A	_verify/unzip/tau_crystal/scripts/ci/atlas_append_only.sh
A	_verify/unzip/tau_crystal/scripts/ci/rank_stamp_gate.sh
A	_verify/unzip/tau_crystal/scripts/ci_archive.sh
A	_verify/unzip/tau_crystal/scripts/cohomology/h1_receipt_cech.sh
A	_verify/unzip/tau_crystal/scripts/coin/citecoin.sh
A	_verify/unzip/tau_crystal/scripts/coin/mint_coin.sh
A	_verify/unzip/tau_crystal/scripts/coin/tau_verify.sh
A	_verify/unzip/tau_crystal/scripts/commit_rationale_check.sh
A	_verify/unzip/tau_crystal/scripts/conduct/all.sh
A	_verify/unzip/tau_crystal/scripts/cosign_fill_release.sh
A	_verify/unzip/tau_crystal/scripts/dashboard/build.sh
A	_verify/unzip/tau_crystal/scripts/dashboard/deploy_bolt.sh
A	_verify/unzip/tau_crystal/scripts/dashboard/mint_receipt.sh
A	_verify/unzip/tau_crystal/scripts/dashboard/mirror_neon.sh
A	_verify/unzip/tau_crystal/scripts/diag_crash.sh
A	_verify/unzip/tau_crystal/scripts/diag_lakefile.sh
A	_verify/unzip/tau_crystal/scripts/diag_wrap.sh
A	_verify/unzip/tau_crystal/scripts/discovery/README.md
A	_verify/unzip/tau_crystal/scripts/discovery/_manifest_discovery.py
A	_verify/unzip/tau_crystal/scripts/discovery/completed_L.py
A	_verify/unzip/tau_crystal/scripts/discovery/confirm.sh
A	_verify/unzip/tau_crystal/scripts/discovery/confirm_double_zero.py
A	_verify/unzip/tau_crystal/scripts/discovery/double_zero.sh
A	_verify/unzip/tau_crystal/scripts/discovery/double_zero_hunt.py
A	_verify/unzip/tau_crystal/scripts/discovery/euler_products.py
A	_verify/unzip/tau_crystal/scripts/discovery/extract_ap_satake.py
A	_verify/unzip/tau_crystal/scripts/discovery/extract_ap_satake.sh
A	_verify/unzip/tau_crystal/scripts/discovery/local_factors.py
A	_verify/unzip/tau_crystal/scripts/discovery/promote_best.sh
A	_verify/unzip/tau_crystal/scripts/discovery/publish_witness.sh
A	_verify/unzip/tau_crystal/scripts/discovery/report_double_zero.py
A	_verify/unzip/tau_crystal/scripts/discovery/validate_ap_satake.py
A	_verify/unzip/tau_crystal/scripts/dist_verify.sh
A	_verify/unzip/tau_crystal/scripts/emit-receipt.sh
A	_verify/unzip/tau_crystal/scripts/enclave/enclave_verify.sh
A	_verify/unzip/tau_crystal/scripts/enclave/stamp_enclave_into_manifest.sh
A	_verify/unzip/tau_crystal/scripts/entropy/build_entropy_witness.sh
A	_verify/unzip/tau_crystal/scripts/entropy/stamp_entropy_into_manifest.sh
A	_verify/unzip/tau_crystal/scripts/entropy/verify_entropy.sh
A	_verify/unzip/tau_crystal/scripts/etale/monodromy_track.sh
A	_verify/unzip/tau_crystal/scripts/evolver/stamp_evolver_into_manifest.sh
A	_verify/unzip/tau_crystal/scripts/evolver/tau_evolver.py
A	_verify/unzip/tau_crystal/scripts/experimental/_canonicalize_json.py
A	_verify/unzip/tau_crystal/scripts/experimental/_json_sanitize.py
A	_verify/unzip/tau_crystal/scripts/experimental/_manifest_fft.py
A	_verify/unzip/tau_crystal/scripts/experimental/_manifest_stamp_exp.py
A	_verify/unzip/tau_crystal/scripts/experimental/_manifest_v2.py
A	_verify/unzip/tau_crystal/scripts/experimental/_repair_and_restamp.py
A	_verify/unzip/tau_crystal/scripts/experimental/_repair_json.py
A	_verify/unzip/tau_crystal/scripts/experimental/_restamp_utc.py
A	_verify/unzip/tau_crystal/scripts/experimental/_stamp_provenance.py
A	_verify/unzip/tau_crystal/scripts/experimental/_trim_first_json_object.py
A	_verify/unzip/tau_crystal/scripts/experimental/_validate_fft_bootstrap.py
A	_verify/unzip/tau_crystal/scripts/experimental/_validate_schema.py
A	_verify/unzip/tau_crystal/scripts/experimental/bootstrap_mu.py
A	_verify/unzip/tau_crystal/scripts/experimental/bootstrap_mu.sh
A	_verify/unzip/tau_crystal/scripts/experimental/bsd_rank1.py
A	_verify/unzip/tau_crystal/scripts/experimental/bsd_rank1_hunt.sh
A	_verify/unzip/tau_crystal/scripts/experimental/fft_bsd.py
A	_verify/unzip/tau_crystal/scripts/experimental/fft_bsd.sh
A	_verify/unzip/tau_crystal/scripts/experimental/force_witness_types.py
A	_verify/unzip/tau_crystal/scripts/experimental/iwasawa_mu.py
A	_verify/unzip/tau_crystal/scripts/experimental/iwasawa_mu.sh
A	_verify/unzip/tau_crystal/scripts/experimental/json_guard.sh
A	_verify/unzip/tau_crystal/scripts/experimental/stabilize_json.py
A	_verify/unzip/tau_crystal/scripts/experimental/stamp_all.sh
A	_verify/unzip/tau_crystal/scripts/experimental/symsquare_dynamic.py
A	_verify/unzip/tau_crystal/scripts/experimental/symsquare_dynamic.sh
A	_verify/unzip/tau_crystal/scripts/experimental/symsquare_zero.py
A	_verify/unzip/tau_crystal/scripts/experimental/symsquare_zero.sh
A	_verify/unzip/tau_crystal/scripts/federate/build_xref_index.sh
A	_verify/unzip/tau_crystal/scripts/federate/stamp_xref_into_manifest.sh
A	_verify/unzip/tau_crystal/scripts/federate/verify_xref_index.sh
A	_verify/unzip/tau_crystal/scripts/fix_and_build_lean.sh
A	_verify/unzip/tau_crystal/scripts/fix_lakefile.sh
A	_verify/unzip/tau_crystal/scripts/fix_minimal.sh
A	_verify/unzip/tau_crystal/scripts/gates/README.md
A	_verify/unzip/tau_crystal/scripts/gates/policy_gate.sh
A	_verify/unzip/tau_crystal/scripts/genius/README.md
A	_verify/unzip/tau_crystal/scripts/genius/_util.sh
A	_verify/unzip/tau_crystal/scripts/genius/consciousness_imprint.sh
A	_verify/unzip/tau_crystal/scripts/genius/dark_matter_verify.sh
A	_verify/unzip/tau_crystal/scripts/genius/genius_unified.sh
A	_verify/unzip/tau_crystal/scripts/genius/godel_self_verify.sh
A	_verify/unzip/tau_crystal/scripts/genius/gomboc_computation.sh
A	_verify/unzip/tau_crystal/scripts/genius/mandelbrot_receipt.sh
A	_verify/unzip/tau_crystal/scripts/genius/omega_point.sh
A	_verify/unzip/tau_crystal/scripts/genius/quantum_entangle.sh
A	_verify/unzip/tau_crystal/scripts/genius/riemann_foundation.sh
A	_verify/unzip/tau_crystal/scripts/genius/singularity_seed.sh
A	_verify/unzip/tau_crystal/scripts/genius/temporal_paradox.sh
A	_verify/unzip/tau_crystal/scripts/genius/verify_entanglement.sh
A	_verify/unzip/tau_crystal/scripts/github_set_repo_meta.sh
A	_verify/unzip/tau_crystal/scripts/holo/build_holo_tensor.sh
A	_verify/unzip/tau_crystal/scripts/holo/stamp_holo_into_manifest.sh
A	_verify/unzip/tau_crystal/scripts/holo/verify_holo_tensor.sh
A	_verify/unzip/tau_crystal/scripts/hsm.sh
A	_verify/unzip/tau_crystal/scripts/install_elan.sh
A	_verify/unzip/tau_crystal/scripts/interf/build_interference_map.sh
A	_verify/unzip/tau_crystal/scripts/interf/stamp_interference_into_manifest.sh
A	_verify/unzip/tau_crystal/scripts/jupyter/stamp_tau_trace_into_manifest.sh
A	_verify/unzip/tau_crystal/scripts/langlands/_bash_math.sh
A	_verify/unzip/tau_crystal/scripts/langlands/analytic_rank_gate.sh
A	_verify/unzip/tau_crystal/scripts/langlands/analytic_rank_heegner.sh
A	_verify/unzip/tau_crystal/scripts/langlands/animate_surface.sh
A	_verify/unzip/tau_crystal/scripts/langlands/around_witness_scan.sh
A	_verify/unzip/tau_crystal/scripts/langlands/artifact_normalize.sh
A	_verify/unzip/tau_crystal/scripts/langlands/artin_conductor.sh
A	_verify/unzip/tau_crystal/scripts/langlands/atlas_line.sh
A	_verify/unzip/tau_crystal/scripts/langlands/basins_map.sh
A	_verify/unzip/tau_crystal/scripts/langlands/ci_automorphic_hook.sh
A	_verify/unzip/tau_crystal/scripts/langlands/crit_zero_sweep.sh
A	_verify/unzip/tau_crystal/scripts/langlands/deformation_ring.sh
A	_verify/unzip/tau_crystal/scripts/langlands/dirsig_fallback.sh
A	_verify/unzip/tau_crystal/scripts/langlands/discovery_scan.sh
A	_verify/unzip/tau_crystal/scripts/langlands/double_zero_refine.sh
A	_verify/unzip/tau_crystal/scripts/langlands/double_zero_scan.sh
A	_verify/unzip/tau_crystal/scripts/langlands/emit_best.py
A	_verify/unzip/tau_crystal/scripts/langlands/emit_hecke_from_qexp.sh
A	_verify/unzip/tau_crystal/scripts/langlands/endoscopy_scan.sh
A	_verify/unzip/tau_crystal/scripts/langlands/find_second_witness.sh
A	_verify/unzip/tau_crystal/scripts/langlands/freeze_best.sh
A	_verify/unzip/tau_crystal/scripts/langlands/frobenius.sh
A	_verify/unzip/tau_crystal/scripts/langlands/functional_equation.sh
A	_verify/unzip/tau_crystal/scripts/langlands/galois.sh
A	_verify/unzip/tau_crystal/scripts/langlands/gate_hecke_11a1.sh
A	_verify/unzip/tau_crystal/scripts/langlands/generate_monograph.sh
A	_verify/unzip/tau_crystal/scripts/langlands/hecke2_mean.sh
A	_verify/unzip/tau_crystal/scripts/langlands/hecke_11a1.sh
A	_verify/unzip/tau_crystal/scripts/langlands/hecke_compute.py
A	_verify/unzip/tau_crystal/scripts/langlands/l_compute.py
A	_verify/unzip/tau_crystal/scripts/langlands/lab.sh
A	_verify/unzip/tau_crystal/scripts/langlands/live_observatory.sh
A	_verify/unzip/tau_crystal/scripts/langlands/live_ticker.sh
A	_verify/unzip/tau_crystal/scripts/langlands/mean_compare.sh
A	_verify/unzip/tau_crystal/scripts/langlands/micro_conductor.sh
A	_verify/unzip/tau_crystal/scripts/langlands/minimal_tau.sh
A	_verify/unzip/tau_crystal/scripts/langlands/modular_check.py
A	_verify/unzip/tau_crystal/scripts/langlands/morse2d.sh
A	_verify/unzip/tau_crystal/scripts/langlands/morse2d_pure.sh
A	_verify/unzip/tau_crystal/scripts/langlands/morse_analysis.sh
A	_verify/unzip/tau_crystal/scripts/langlands/padic_family.sh
A	_verify/unzip/tau_crystal/scripts/langlands/parse_best_rel.sh
A	_verify/unzip/tau_crystal/scripts/langlands/pick_best.py
A	_verify/unzip/tau_crystal/scripts/langlands/plots_write.sh
A	_verify/unzip/tau_crystal/scripts/langlands/ramanujan_bounds.sh
A	_verify/unzip/tau_crystal/scripts/langlands/rank_compute.py
A	_verify/unzip/tau_crystal/scripts/langlands/reciprocity.sh
A	_verify/unzip/tau_crystal/scripts/langlands/reciprocity_run.sh
A	_verify/unzip/tau_crystal/scripts/langlands/reciprocity_verify.sh
A	_verify/unzip/tau_crystal/scripts/langlands/rollups.sh
A	_verify/unzip/tau_crystal/scripts/langlands/run_atlas_now.sh
A	_verify/unzip/tau_crystal/scripts/langlands/run_phase_next.sh
A	_verify/unzip/tau_crystal/scripts/langlands/run_phase_next_strict.sh
A	_verify/unzip/tau_crystal/scripts/langlands/satake_direction.sh
A	_verify/unzip/tau_crystal/scripts/langlands/satake_from_hecke.sh
A	_verify/unzip/tau_crystal/scripts/langlands/scan_modularity.py
A	_verify/unzip/tau_crystal/scripts/langlands/seed_witness_envs.sh
A	_verify/unzip/tau_crystal/scripts/langlands/sig.sh
A	_verify/unzip/tau_crystal/scripts/langlands/smoke_hecke_ledger.sh
A	_verify/unzip/tau_crystal/scripts/langlands/sym2_tighten.sh
A	_verify/unzip/tau_crystal/scripts/langlands/tau_L_function.sh
A	_verify/unzip/tau_crystal/scripts/langlands/theta_compute.py
A	_verify/unzip/tau_crystal/scripts/langlands/theta_descent.sh
A	_verify/unzip/tau_crystal/scripts/langlands/theta_point.sh
A	_verify/unzip/tau_crystal/scripts/langlands/theta_scan_proxy.sh
A	_verify/unzip/tau_crystal/scripts/langlands/theta_scan_proxy2.sh
A	_verify/unzip/tau_crystal/scripts/langlands/theta_scan_wide.sh
A	_verify/unzip/tau_crystal/scripts/langlands/theta_sweep.sh
A	_verify/unzip/tau_crystal/scripts/langlands/theta_zoom.sh
A	_verify/unzip/tau_crystal/scripts/langlands/trace_formula.sh
A	_verify/unzip/tau_crystal/scripts/langlands/update_ledger.sh
A	_verify/unzip/tau_crystal/scripts/langlands/zero_depletion.sh
A	_verify/unzip/tau_crystal/scripts/launch_verifiers.sh
A	_verify/unzip/tau_crystal/scripts/laurent/integrate_laurent.sh
A	_verify/unzip/tau_crystal/scripts/laurent/laurent_eval.awk
A	_verify/unzip/tau_crystal/scripts/laurent/laurent_ring.py
A	_verify/unzip/tau_crystal/scripts/laurent/laurent_ring.sh
A	_verify/unzip/tau_crystal/scripts/laurent/write_ring_csv.py
A	_verify/unzip/tau_crystal/scripts/lean/recursion_cap_guard.sh
A	_verify/unzip/tau_crystal/scripts/ledger/make_attestation.sh
A	_verify/unzip/tau_crystal/scripts/ledger/make_receipt.sh
A	_verify/unzip/tau_crystal/scripts/ledger/update_manifest_status.sh
A	_verify/unzip/tau_crystal/scripts/make_marketplace_listing.sh
A	_verify/unzip/tau_crystal/scripts/make_screenshots.sh
A	_verify/unzip/tau_crystal/scripts/manifest_conformance.sh
A	_verify/unzip/tau_crystal/scripts/math/curve_11a1.sh
A	_verify/unzip/tau_crystal/scripts/merkle_root.sh
A	_verify/unzip/tau_crystal/scripts/meta/_normalize.sh
A	_verify/unzip/tau_crystal/scripts/meta/_sha256.sh
A	_verify/unzip/tau_crystal/scripts/meta/assure_push.sh
A	_verify/unzip/tau_crystal/scripts/meta/docker_receipt_label.sh
A	_verify/unzip/tau_crystal/scripts/meta/garden_publish.sh
A	_verify/unzip/tau_crystal/scripts/meta/garden_render.sh
A	_verify/unzip/tau_crystal/scripts/meta/postflight.sh
A	_verify/unzip/tau_crystal/scripts/meta/push_everything_with_archive.sh
A	_verify/unzip/tau_crystal/scripts/meta/qr_witness.sh
A	_verify/unzip/tau_crystal/scripts/meta/seal_tarball_with_receipt.sh
A	_verify/unzip/tau_crystal/scripts/meta/sheaf_reflection.sh
A	_verify/unzip/tau_crystal/scripts/meta/stamp_qr_into_manifest.sh
A	_verify/unzip/tau_crystal/scripts/meta/stamp_sheaf_into_manifest.sh
A	_verify/unzip/tau_crystal/scripts/meta/tau_sheaf_reflect.sh
A	_verify/unzip/tau_crystal/scripts/meta/verify_docker_receipt_label.sh
A	_verify/unzip/tau_crystal/scripts/meta/verify_sheaf_digest.sh
A	_verify/unzip/tau_crystal/scripts/meta/verify_tarball_seal.sh
A	_verify/unzip/tau_crystal/scripts/meta/write_manifest_section.sh
A	_verify/unzip/tau_crystal/scripts/metrics/cep_tau.sh
A	_verify/unzip/tau_crystal/scripts/metrics/dim_tau.sh
A	_verify/unzip/tau_crystal/scripts/mirror/README.md
A	_verify/unzip/tau_crystal/scripts/mirror/mirror_receipts.sh
A	_verify/unzip/tau_crystal/scripts/mirror/stamp_mirror_into_manifest.sh
A	_verify/unzip/tau_crystal/scripts/mirror/verify_mirror_receipts.sh
A	_verify/unzip/tau_crystal/scripts/motivic/decompose_motives.sh
A	_verify/unzip/tau_crystal/scripts/ops/assure_strict.sh
A	_verify/unzip/tau_crystal/scripts/ops/attest_env.sh
A	_verify/unzip/tau_crystal/scripts/ops/consensus_check.sh
A	_verify/unzip/tau_crystal/scripts/ops/emit_metrics.sh
A	_verify/unzip/tau_crystal/scripts/ops/log_metrics.sh
A	_verify/unzip/tau_crystal/scripts/ops/new_post.sh
A	_verify/unzip/tau_crystal/scripts/ops/reciprocity_lock.sh
A	_verify/unzip/tau_crystal/scripts/ops/replay_witness.sh
A	_verify/unzip/tau_crystal/scripts/ops/update_gallery.sh
A	_verify/unzip/tau_crystal/scripts/ops/verify_against_receipt.sh
A	_verify/unzip/tau_crystal/scripts/ops/verify_offline.sh
A	_verify/unzip/tau_crystal/scripts/ops/verify_release_binary.sh
A	_verify/unzip/tau_crystal/scripts/pages_nudge.sh
A	_verify/unzip/tau_crystal/scripts/perma/pin_receipt_to_ipfs.sh
A	_verify/unzip/tau_crystal/scripts/perma/stamp_perma_into_manifest.sh
A	_verify/unzip/tau_crystal/scripts/perma/verify_perma_receipt.sh
A	_verify/unzip/tau_crystal/scripts/phys/_debye_cap.py
A	_verify/unzip/tau_crystal/scripts/phys/_gap_guard.py
A	_verify/unzip/tau_crystal/scripts/phys/_pyinfo.sh
A	_verify/unzip/tau_crystal/scripts/phys/debye_cap_from_lattice.sh
A	_verify/unzip/tau_crystal/scripts/phys/lattice_from_params.sh
A	_verify/unzip/tau_crystal/scripts/phys/spectral_gap_guard.sh
A	_verify/unzip/tau_crystal/scripts/physics/README.md
A	_verify/unzip/tau_crystal/scripts/physics/arith_nonce.sh
A	_verify/unzip/tau_crystal/scripts/physics/check_physics.py
A	_verify/unzip/tau_crystal/scripts/physics/fused_gates.sh
A	_verify/unzip/tau_crystal/scripts/physics/passport_probe.py
A	_verify/unzip/tau_crystal/scripts/physics/passport_probe.sh
A	_verify/unzip/tau_crystal/scripts/physics/run_and_measure.py
A	_verify/unzip/tau_crystal/scripts/physics/run_physics.sh
A	_verify/unzip/tau_crystal/scripts/physics/select_params.py
A	_verify/unzip/tau_crystal/scripts/plan/launch_verifiers.sh
A	_verify/unzip/tau_crystal/scripts/plan/tau_plan_flags.sh
A	_verify/unzip/tau_crystal/scripts/plan/tau_pro_gate.sh
A	_verify/unzip/tau_crystal/scripts/plan/write_roots.sh
A	_verify/unzip/tau_crystal/scripts/polish_repo.sh
A	_verify/unzip/tau_crystal/scripts/progress.sh
A	_verify/unzip/tau_crystal/scripts/publish-html.py
A	_verify/unzip/tau_crystal/scripts/quantum_resistant.sh
A	_verify/unzip/tau_crystal/scripts/readme_insert_intro_compare.sh
A	_verify/unzip/tau_crystal/scripts/rebuild-from-file.sh
A	_verify/unzip/tau_crystal/scripts/receipt_sha.sh
A	_verify/unzip/tau_crystal/scripts/referee/stamp_referee_cli.sh
A	_verify/unzip/tau_crystal/scripts/release_via_api.sh
A	_verify/unzip/tau_crystal/scripts/render_manifest.sh
A	_verify/unzip/tau_crystal/scripts/rg/affine_leaf.py
A	_verify/unzip/tau_crystal/scripts/rg/assert_ok.py
A	_verify/unzip/tau_crystal/scripts/run/safe_run_all.sh
A	_verify/unzip/tau_crystal/scripts/run_ledger_from_bash.sh
A	_verify/unzip/tau_crystal/scripts/run_soliton_envelope.sh
A	_verify/unzip/tau_crystal/scripts/run_tau_tanh_demo.sh
A	_verify/unzip/tau_crystal/scripts/sha256.sh
A	_verify/unzip/tau_crystal/scripts/sidecar/side_car_import.sh
A	_verify/unzip/tau_crystal/scripts/sidecar/side_car_mint.sh
A	_verify/unzip/tau_crystal/scripts/signature/build_signature_rules.sh
A	_verify/unzip/tau_crystal/scripts/signature/stamp_signature_rules_into_manifest.sh
A	_verify/unzip/tau_crystal/scripts/signature/verify_signature_rules.sh
A	_verify/unzip/tau_crystal/scripts/sigring/build_signature_ring.sh
A	_verify/unzip/tau_crystal/scripts/sigring/init_keys.sh
A	_verify/unzip/tau_crystal/scripts/sigring/stamp_signature_ring_into_manifest.sh
A	_verify/unzip/tau_crystal/scripts/sigring/verify_signature_ring.sh
A	_verify/unzip/tau_crystal/scripts/spec/consensus_gate.sh
A	_verify/unzip/tau_crystal/scripts/spec/laurent_dual_precision.sh
A	_verify/unzip/tau_crystal/scripts/spec/poison_check.sh
A	_verify/unzip/tau_crystal/scripts/spec/poison_refresh.sh
A	_verify/unzip/tau_crystal/scripts/spec/reciprocity_gate.sh
A	_verify/unzip/tau_crystal/scripts/spec/redteam_spine.sh
A	_verify/unzip/tau_crystal/scripts/spec/repro_matrix.sh
A	_verify/unzip/tau_crystal/scripts/spec/spec_guard.sh
A	_verify/unzip/tau_crystal/scripts/spec/triple_consensus.sh
A	_verify/unzip/tau_crystal/scripts/spectral/sseq_build.sh
A	_verify/unzip/tau_crystal/scripts/stamp_soliton_into_manifest.sh
A	_verify/unzip/tau_crystal/scripts/stamp_tau_tanh_into_manifest.sh
A	_verify/unzip/tau_crystal/scripts/tau_bin/stamp_bin_into_manifest.sh
A	_verify/unzip/tau_crystal/scripts/tau_bin/tau_verify.sh
A	_verify/unzip/tau_crystal/scripts/tau_verify.sh
A	_verify/unzip/tau_crystal/scripts/timefold/capture_timefold.sh
A	_verify/unzip/tau_crystal/scripts/timefold/stamp_timefold_into_manifest.sh
A	_verify/unzip/tau_crystal/scripts/timefold/verify_timefold.sh
A	_verify/unzip/tau_crystal/scripts/timestamp_validate.sh
A	_verify/unzip/tau_crystal/scripts/tools/_cp_resid.awk
A	_verify/unzip/tau_crystal/scripts/tools/_drop_contains.py
A	_verify/unzip/tau_crystal/scripts/tools/_insert_after.py
A	_verify/unzip/tau_crystal/scripts/tools/_insert_before.py
A	_verify/unzip/tau_crystal/scripts/tools/_insert_laurent_compute.txt
A	_verify/unzip/tau_crystal/scripts/tools/_insert_laurent_json.txt
A	_verify/unzip/tau_crystal/scripts/tools/_repl.py
A	_verify/unzip/tau_crystal/scripts/tools/cp_residual_symm_verifier.py
A	_verify/unzip/tau_crystal/scripts/tools/cp_residual_symm_verifier.sh
A	_verify/unzip/tau_crystal/scripts/tools/delta27_verifier.py
A	_verify/unzip/tau_crystal/scripts/tools/ramanujan_stats.awk
A	_verify/unzip/tau_crystal/scripts/tools/read_kv2.awk
A	_verify/unzip/tau_crystal/scripts/tools/stamp_physics_into_manifest.sh
A	_verify/unzip/tau_crystal/scripts/update_readme.sh
A	_verify/unzip/tau_crystal/scripts/validate-config.sh
A	_verify/unzip/tau_crystal/scripts/validate_input.sh
A	_verify/unzip/tau_crystal/scripts/verify-all.sh
A	_verify/unzip/tau_crystal/scripts/verify_receipt.sh
A	_verify/unzip/tau_crystal/scripts/verify_release_state.sh
A	_verify/unzip/tau_crystal/scripts/zkdiff/baseline_capture.sh
A	_verify/unzip/tau_crystal/scripts/zkdiff/prove_limited_change.sh
A	_verify/unzip/tau_crystal/scripts/zkdiff/verify_limited_change.sh
A	_verify/unzip/tau_crystal/tmp_meta_fullscan/_normalize.sh
A	_verify/unzip/tau_crystal/tmp_meta_fullscan/_sha256.sh
A	_verify/unzip/tau_crystal/tmp_meta_fullscan/docker_receipt_label.sh
A	_verify/unzip/tau_crystal/tmp_meta_fullscan/qr_witness.sh
A	_verify/unzip/tau_crystal/tmp_meta_fullscan/seal_tarball_with_receipt.sh
A	_verify/unzip/tau_crystal/tmp_meta_fullscan/sheaf_reflection.sh
A	_verify/unzip/tau_crystal/tmp_meta_fullscan/stamp_sheaf_into_manifest.sh
A	_verify/unzip/tau_crystal/tmp_meta_fullscan/tau_sheaf_reflect.sh
A	_verify/unzip/tau_crystal/tmp_meta_fullscan/verify_docker_receipt_label.sh
A	_verify/unzip/tau_crystal/tmp_meta_fullscan/verify_tarball_seal.sh
A	_verify/unzip/tau_crystal/tmp_meta_recovered/_normalize.sh
A	_verify/unzip/tau_crystal/tmp_meta_recovered/_sha256.sh
A	_verify/unzip/tau_crystal/tmp_meta_recovered/docker_receipt_label.sh
A	_verify/unzip/tau_crystal/tmp_meta_recovered/qr_witness.sh
A	_verify/unzip/tau_crystal/tmp_meta_recovered/seal_tarball_with_receipt.sh
A	_verify/unzip/tau_crystal/tmp_meta_recovered/sheaf_reflection.sh
A	_verify/unzip/tau_crystal/tmp_meta_recovered/stamp_sheaf_into_manifest.sh
A	_verify/unzip/tau_crystal/tmp_meta_recovered/tau_sheaf_reflect.sh
A	_verify/unzip/tau_crystal/tmp_meta_recovered/verify_docker_receipt_label.sh
A	_verify/unzip/tau_crystal/tmp_meta_recovered/verify_tarball_seal.sh
A	_verify/unzip/tau_crystal/tmp_meta_restore/meta/_normalize.sh
A	_verify/unzip/tau_crystal/tmp_meta_restore/meta/_sha256.sh
A	_verify/unzip/tau_crystal/tmp_meta_restore/meta/docker_receipt_label.sh
A	_verify/unzip/tau_crystal/tmp_meta_restore/meta/qr_witness.sh
A	_verify/unzip/tau_crystal/tmp_meta_restore/meta/seal_tarball_with_receipt.sh
A	_verify/unzip/tau_crystal/tmp_meta_restore/meta/sheaf_reflection.sh
A	_verify/unzip/tau_crystal/tmp_meta_restore/meta/stamp_sheaf_into_manifest.sh
A	_verify/unzip/tau_crystal/tmp_meta_restore/meta/tau_sheaf_reflect.sh
A	_verify/unzip/tau_crystal/tmp_meta_restore/meta/verify_docker_receipt_label.sh
A	_verify/unzip/tau_crystal/tmp_meta_restore/meta/verify_sheaf_digest.sh
A	_verify/unzip/tau_crystal/tmp_meta_restore/meta/verify_tarball_seal.sh
A	_verify/unzip/tau_crystal/tools/Auditor.lean
A	_verify/unzip/tau_crystal/tools/CLI.lean
A	_verify/unzip/tau_crystal/tools/CertGen.lean
A	_verify/unzip/tau_crystal/tools/CertGen.lean.txt
A	_verify/unzip/tau_crystal/tools/GPU.lean
A	_verify/unzip/tau_crystal/tools/Json.lean
A	_verify/unzip/tau_crystal/tools/Manifest.lean
A	_verify/unzip/tau_crystal/tools/QCRO.lean
A	_verify/unzip/tau_crystal/tools/Seal.lean
A	_verify/unzip/tau_crystal/tools/TauEmit.lean
A	_verify/unzip/tau_crystal/tools/offline_verifier/Cargo.toml
A	_verify/unzip/tau_crystal/tools/offline_verifier/src/main.rs
A	_verify/unzip/tau_crystal/tools/ps/draw_text.ps1
A	_verify/unzip/tau_crystal/tools/soliton_envelope.py
A	_verify/unzip/tau_crystal/tools/verify_linear.sh
A	_verify/unzip/tau_crystal/tools/verify_one.sh
A	_verify/unzip/tau_crystal/verify.cmd
A	_verify/zip.lst
A	action.yml
A	analysis/.animate.pid
A	analysis/.best_S.txt
A	analysis/.best_T.txt
A	analysis/.best_delta.txt
A	analysis/.gitkeep
A	analysis/.provenance/scripts_dynamics_tanh_solver_py.artifacts
A	analysis/.provenance/scripts_geom_make_proof_sh.artifacts
A	analysis/.provenance/scripts_langlands_double_zero_scan_sh.artifacts
A	analysis/.scan_index.tsv
A	analysis/analytic_heegner.sha256
A	analysis/analytic_heegner.tsv
A	analysis/analytic_heegner_receipt.json
A	analysis/arith/FROZEN.hashes.tsv
A	analysis/arith/canonical_cr_indices.txt
A	analysis/arith/j_coeffs_Z.txt
A	analysis/arith_nonce.tsv
A	analysis/atlas.jsonl
A	analysis/atlas/11a1/ap.tsv
A	analysis/atlas/11a1/attestation.json
A	analysis/atlas/11a1/leaf.json
A	analysis/atlas/11a1/manifest.json
A	analysis/atlas/11a1/verification.json
A	analysis/atlas/37a1/ap.tsv
A	analysis/atlas/37a1/attestation.json
A	analysis/atlas/37a1/leaf.json
A	analysis/atlas/37a1/manifest.json
A	analysis/atlas/37a1/verification.json
A	analysis/atlas/atlas_hecke.jsonl
A	analysis/atlas/candidates.tsv
A	analysis/atlas_line.tsv
A	analysis/atlas_status.txt
A	analysis/bash_theta_scan.tsv
A	analysis/basins.tsv
A	analysis/capsules/auto-20250922T214829Z/.receipt.json
A	analysis/capsules/auto-20250922T214829Z/.tar.gz.sha256
A	analysis/capsules/auto-20250922T214829Z/ap.json
A	analysis/capsules/auto-20250922T214829Z/ap.tsv
A	analysis/capsules/auto-20250922T214829Z/boundary.sig
A	analysis/capsules/auto-20250922T214829Z/boundary.txt
A	analysis/capsules/auto-20250922T214829Z/capsule.receipt.json
A	analysis/capsules/auto-20250922T214829Z/confirm_double_zero_stable.json
A	analysis/capsules/auto-20250922T214829Z/double_zero.json
A	analysis/capsules/auto-20250922T214829Z/manifest.json
A	analysis/capsules/auto-20250922T214829Z/proof.dot
A	analysis/capsules/auto-20250922T214829Z/tanh_lineage.json
A	analysis/capsules/auto-20250922T215137Z/atlas_11a1_ap.tsv
A	analysis/capsules/auto-20250922T215137Z/boundary.sig
A	analysis/capsules/auto-20250922T215137Z/boundary.txt
A	analysis/capsules/auto-20250922T215137Z/capsule.receipt.json
A	analysis/capsules/auto-20250922T215137Z/confirm_double_zero_stable.json
A	analysis/capsules/auto-20250922T215137Z/double_zero.json
A	analysis/capsules/auto-20250922T215137Z/geom_proof.dot
A	analysis/capsules/auto-20250922T215137Z/ledger_ap.json
A	analysis/capsules/auto-20250922T215137Z/manifest.json
A	analysis/capsules/auto-20250922T215137Z/tanh_lineage.json
A	analysis/capsules/auto-20250922T220215Z.receipt.json
A	analysis/capsules/auto-20250922T220215Z.tar.gz.sha256
A	analysis/capsules/auto-20250922T220215Z/ap.json
A	analysis/capsules/auto-20250922T220215Z/ap.tsv
A	analysis/capsules/auto-20250922T220215Z/boundary.sig
A	analysis/capsules/auto-20250922T220215Z/boundary.txt
A	analysis/capsules/auto-20250922T220215Z/capsule.receipt.json
A	analysis/capsules/auto-20250922T220215Z/confirm_double_zero_stable.json
A	analysis/capsules/auto-20250922T220215Z/double_zero.json
A	analysis/capsules/auto-20250922T220215Z/manifest.json
A	analysis/capsules/auto-20250922T220215Z/proof.dot
A	analysis/capsules/auto-20250922T220215Z/tanh_lineage.json
A	analysis/capsules/auto-20250922T220241Z/atlas_11a1_ap.tsv
A	analysis/capsules/auto-20250922T220241Z/auto-20250922T220241Z.tar.gz.ed25519
A	analysis/capsules/auto-20250922T220241Z/auto-20250922T220241Z.tar.gz.ed25519.b64
A	analysis/capsules/auto-20250922T220241Z/boundary.sig
A	analysis/capsules/auto-20250922T220241Z/boundary.txt
A	analysis/capsules/auto-20250922T220241Z/capsule.receipt.json
A	analysis/capsules/auto-20250922T220241Z/confirm_double_zero_stable.json
A	analysis/capsules/auto-20250922T220241Z/double_zero.json
A	analysis/capsules/auto-20250922T220241Z/geom_proof.dot
A	analysis/capsules/auto-20250922T220241Z/ledger_ap.json
A	analysis/capsules/auto-20250922T220241Z/manifest.json
A	analysis/capsules/auto-20250922T220241Z/tanh_lineage.json
A	analysis/capsules/auto-20250922T222942Z/atlas_11a1_ap.tsv
A	analysis/capsules/auto-20250922T222942Z/boundary.sig
A	analysis/capsules/auto-20250922T222942Z/boundary.txt
A	analysis/capsules/auto-20250922T222942Z/capsule.receipt.json
A	analysis/capsules/auto-20250922T222942Z/confirm_double_zero_stable.json
A	analysis/capsules/auto-20250922T222942Z/double_zero.json
A	analysis/capsules/auto-20250922T222942Z/geom_proof.dot
A	analysis/capsules/auto-20250922T222942Z/ledger_ap.json
A	analysis/capsules/auto-20250922T222942Z/manifest.json
A	analysis/capsules/auto-20250922T222942Z/tanh_lineage.json
A	analysis/capsules/auto-20250922T224731Z/atlas_11a1_ap.tsv
A	analysis/capsules/auto-20250922T224731Z/boundary.sig
A	analysis/capsules/auto-20250922T224731Z/boundary.txt
A	analysis/capsules/auto-20250922T224731Z/capsule.receipt.json
A	analysis/capsules/auto-20250922T224731Z/confirm_double_zero_stable.json
A	analysis/capsules/auto-20250922T224731Z/double_zero.json
A	analysis/capsules/auto-20250922T224731Z/geom_proof.dot
A	analysis/capsules/auto-20250922T224731Z/ledger_ap.json
A	analysis/capsules/auto-20250922T224731Z/manifest.json
A	analysis/capsules/auto-20250922T224731Z/tanh_lineage.json
A	analysis/capsules/auto-20250923T153800Z/auto-20250923T153800Z.tar.gz.sha256
A	analysis/capsules/auto-20250923T153800Z/capsule.receipt.json
A	analysis/capsules/auto-20250923T153800Z/manifest.json
A	analysis/capsules/auto-20250923T154931Z/auto-20250923T154931Z.tar.gz.sha256
A	analysis/capsules/auto-20250923T154931Z/capsule.receipt.json
A	analysis/capsules/auto-20250923T154931Z/manifest.json
A	analysis/ckm/ckm.tsv
A	analysis/cp_residual.tsv
A	analysis/deformation_ring.dot
A	analysis/deformation_ring.tsv
A	analysis/discovery_ap.tsv
A	analysis/discovery_best.tsv
A	analysis/discovery_centroid.tsv
A	analysis/discovery_hits.tsv
A	analysis/double_zero_clusters.tsv
A	analysis/double_zero_ords.tsv
A	analysis/double_zero_refined.tsv
A	analysis/dynamics/tanh_lineage.json
A	analysis/endoscopy.tsv
A	analysis/feq_report.txt
A	analysis/fermion/ckm.tsv
A	analysis/fermion/fermion.receipt.json
A	analysis/fermion/ledger.tsv
A	analysis/fermion/model.txt
A	analysis/forensics/commits_all.tsv
A	analysis/forensics/dangling.tsv
A	analysis/forensics/ghosts.tsv
A	analysis/forensics/ghosts_risky.tsv
A	analysis/forensics/mtimes.tsv
A	analysis/forensics/reflog_window.tsv
A	analysis/forensics/stash.tsv
A	analysis/forensics/summary.tsv
A	analysis/forensics/unpushed.tsv
A	analysis/fused_gates.json
A	analysis/fused_gates.json.sha256
A	analysis/geom/.gitkeep
A	analysis/geom/anchor.receipt
A	analysis/geom/canonical_companions.tsv
A	analysis/geom/canonical_truths.intent.receipt.tsv
A	analysis/geom/canonical_truths.intent.txt
A	analysis/geom/canonical_truths.receipt.tsv
A	analysis/geom/canonical_truths.txt
A	analysis/geom/canonical_truths_explained.intent.receipt.tsv
A	analysis/geom/canonical_truths_explained.intent.txt
A	analysis/geom/front_A.tsv
A	analysis/geom/front_B.tsv
A	analysis/geom/left.tsv
A	analysis/geom/ls3dw_mat_manifest.tsv
A	analysis/geom/ls3dw_params.tsv
A	analysis/geom/proof.dot
A	analysis/geom/proof_tree.tsv
A	analysis/geom/right.tsv
A	analysis/geom/transcript.tsv
A	analysis/hist_discovery_Nk.tsv
A	analysis/hist_rank_L0.tsv
A	analysis/import-graph.tsv
A	analysis/import-reasons.tsv
A	analysis/inventory/.imports.tmp
A	analysis/inventory/lake_packages.ls.txt
A	analysis/inventory/lake_status.txt
A	analysis/inventory/lakefile.mathlib.grep.txt
A	analysis/inventory/lean_files.ALL_ON_DISK.list
A	analysis/inventory/lean_files.ALL_TRACKED.list
A	analysis/inventory/lean_files.list
A	analysis/inventory/lean_module_count.ALL_TRACKED.txt
A	analysis/inventory/lean_module_count.txt
A	analysis/inventory/lean_modules.ALL_TRACKED.summary.tsv
A	analysis/inventory/lean_modules.ALL_TRACKED.tsv
A	analysis/inventory/lean_modules.ALL_TRACKED.with_loc.tsv
A	analysis/inventory/lean_modules.tsv
A	analysis/inventory/lean_path.json
A	analysis/inventory/mathlib.authored_imports.grep.txt
A	analysis/inventory/mathlib.authored_imports.with_files.txt
A	analysis/inventory/mathlib.build.paths.txt
A	analysis/inventory/mathlib.commit.txt
A	analysis/inventory/mathlib.du.txt
A	analysis/inventory/mathlib.imports.ALL_ON_DISK.with_files.txt
A	analysis/inventory/mathlib.log1.txt
A	analysis/inventory/mathlib.oleans.count.txt
A	analysis/inventory/mathlib.oleans.head.txt
A	analysis/inventory/mathlib.remotes.txt
A	analysis/inventory/mathlib_imports.count.txt
A	analysis/inventory/mathlib_imports.grep.txt
A	analysis/inventory/mathlib_imports.per_file.tsv
A	analysis/inventory/mathlib_imports.unique.tsv
A	analysis/langlands/tau_reference.tsv
A	analysis/laurent_ring.tsv
A	analysis/micro_conductor.tsv
A	analysis/modularity_scan_20250914T213219Z.tsv
A	analysis/modularity_scan_20250914T213458Z.tsv
A	analysis/morpho/all_landmarks.csv
A	analysis/morpho/certificates/cert_20250919T195927Z.json
A	analysis/morpho/certificates/cert_20250919T200156Z.json
A	analysis/morpho/certificates/cert_20250919T200538Z.json
A	analysis/morpho/certificates/cert_20250919T200749Z.json
A	analysis/morpho/certificates/cert_20250919T202913Z.json
A	analysis/morpho/certificates/cert_20250919T204420Z.json
A	analysis/morpho/certificates/cert_20250919T210102Z.json
A	analysis/morpho/certificates/cert_20250919T210141Z.json
A	analysis/morpho/certificates/cert_20250919T210648Z.json
A	analysis/morpho/certificates/cert_20250919T211453Z.json
A	analysis/morpho/certificates/cert_20250919T211528Z.json
A	analysis/morpho/certificates/cert_20250919T212149Z.json
A	analysis/morpho/certificates/cert_20250919T212729Z.json
A	analysis/morpho/certificates/cert_20250919T212955Z.json
A	analysis/morpho/certificates/cert_20250919T213155Z.json
A	analysis/morpho/decrypted/decrypt_20250919_050109/raw.tar
A	analysis/morpho/decrypted/decrypt_20250919_050241/raw.tar
A	analysis/morpho/decrypted/decrypt_20250919_050421/raw.tar
A	analysis/morpho/decrypted/decrypt_20250919_051846/.stamp
A	analysis/morpho/decrypted/decrypt_20250919_051846/20250918_220114.jpg
A	analysis/morpho/decrypted/decrypt_20250919_051846/20250918_220122.jpg
A	analysis/morpho/decrypted/decrypt_20250919_051846/20250918_220128.jpg
A	analysis/morpho/decrypted/decrypt_20250919_051846/FACE.txt
A	analysis/morpho/decrypted/decrypt_20250919_051846/face2.txt
A	analysis/morpho/decrypted/decrypt_20250919_051846/frontal.jpg
A	analysis/morpho/decrypted/decrypt_20250919_051846/left.jpg
A	analysis/morpho/decrypted/decrypt_20250919_051846/right.jpg
A	analysis/morpho/face15.csv
A	analysis/morpho/face15.from_script.tsv
A	analysis/morpho/face15.tsv
A	analysis/morpho/index/Alice_X.tsv
A	analysis/morpho/index/Cody_A.tsv
A	analysis/morpho/index/Mother_A.tsv
A	analysis/morpho/judge_latest.log
A	analysis/morpho/ledger/coin_id.txt
A	analysis/morpho/ledger/coin_source.txt
A	analysis/morpho/ledger/morpho_receipts.jsonl
A	analysis/morpho/ledger/secure_ledger.jsonl
A	analysis/morpho/ledger/stage_manifest.tsv
A	analysis/morpho/left.csv
A	analysis/morpho/left.tsv
A	analysis/morpho/manifest.csv
A	analysis/morpho/manifest.tsv
A	analysis/morpho/packs/run_20250919T203332Z_02e43a2b71/boundary.sig
A	analysis/morpho/packs/run_20250919T203332Z_02e43a2b71/boundary.txt
A	analysis/morpho/packs/run_20250919T203332Z_02e43a2b71/cert_20250919T202913Z.json
A	analysis/morpho/packs/run_20250919T203332Z_02e43a2b71/corridor.receipt.tsv
A	analysis/morpho/packs/run_20250919T203332Z_02e43a2b71/global.L
A	analysis/morpho/packs/run_20250919T203332Z_02e43a2b71/procrustes.local
A	analysis/morpho/packs/run_20250919T203332Z_02e43a2b71/proof.dot
A	analysis/morpho/packs/run_20250919T203332Z_02e43a2b71/transcript.tsv
A	analysis/morpho/packs/run_20250919T203332Z_02e43a2b71/v_frontal.local
A	analysis/morpho/packs/run_20250919T211551Z_02e43a2b71/boundary.sig
A	analysis/morpho/packs/run_20250919T211551Z_02e43a2b71/boundary.txt
A	analysis/morpho/packs/run_20250919T211551Z_02e43a2b71/cert_20250919T211528Z.json
A	analysis/morpho/packs/run_20250919T211551Z_02e43a2b71/corridor.receipt.tsv
A	analysis/morpho/packs/run_20250919T211551Z_02e43a2b71/global.L
A	analysis/morpho/packs/run_20250919T211551Z_02e43a2b71/procrustes.local
A	analysis/morpho/packs/run_20250919T211551Z_02e43a2b71/proof.dot
A	analysis/morpho/packs/run_20250919T211551Z_02e43a2b71/transcript.tsv
A	analysis/morpho/packs/run_20250919T211551Z_02e43a2b71/v_frontal.local
A	analysis/morpho/packs/run_20250919T212153Z_02e43a2b71/boundary.sig
A	analysis/morpho/packs/run_20250919T212153Z_02e43a2b71/boundary.txt
A	analysis/morpho/packs/run_20250919T212153Z_02e43a2b71/cert_20250919T212149Z.json
A	analysis/morpho/packs/run_20250919T212153Z_02e43a2b71/corridor.receipt.tsv
A	analysis/morpho/packs/run_20250919T212153Z_02e43a2b71/global.L
A	analysis/morpho/packs/run_20250919T212153Z_02e43a2b71/procrustes.local
A	analysis/morpho/packs/run_20250919T212153Z_02e43a2b71/proof.dot
A	analysis/morpho/packs/run_20250919T212153Z_02e43a2b71/transcript.tsv
A	analysis/morpho/packs/run_20250919T212153Z_02e43a2b71/v_frontal.local
A	analysis/morpho/packs/run_20250919T212957Z_02e43a2b71/boundary.sig
A	analysis/morpho/packs/run_20250919T212957Z_02e43a2b71/boundary.txt
A	analysis/morpho/packs/run_20250919T212957Z_02e43a2b71/cert_20250919T212955Z.json
A	analysis/morpho/packs/run_20250919T212957Z_02e43a2b71/corridor.receipt.tsv
A	analysis/morpho/packs/run_20250919T212957Z_02e43a2b71/global.L
A	analysis/morpho/packs/run_20250919T212957Z_02e43a2b71/procrustes.local
A	analysis/morpho/packs/run_20250919T212957Z_02e43a2b71/proof.dot
A	analysis/morpho/packs/run_20250919T212957Z_02e43a2b71/transcript.tsv
A	analysis/morpho/packs/run_20250919T212957Z_02e43a2b71/v_frontal.local
A	analysis/morpho/packs/run_20250919T213158Z_02e43a2b71/boundary.sig
A	analysis/morpho/packs/run_20250919T213158Z_02e43a2b71/boundary.txt
A	analysis/morpho/packs/run_20250919T213158Z_02e43a2b71/cert_20250919T213155Z.json
A	analysis/morpho/packs/run_20250919T213158Z_02e43a2b71/corridor.receipt.tsv
A	analysis/morpho/packs/run_20250919T213158Z_02e43a2b71/geom_strict.err
A	analysis/morpho/packs/run_20250919T213158Z_02e43a2b71/geom_strict.log
A	analysis/morpho/packs/run_20250919T213158Z_02e43a2b71/geom_strict.out
A	analysis/morpho/packs/run_20250919T213158Z_02e43a2b71/global.L
A	analysis/morpho/packs/run_20250919T213158Z_02e43a2b71/pack_verify.err
A	analysis/morpho/packs/run_20250919T213158Z_02e43a2b71/pack_verify.out
A	analysis/morpho/packs/run_20250919T213158Z_02e43a2b71/procrustes.local
A	analysis/morpho/packs/run_20250919T213158Z_02e43a2b71/proof.dot
A	analysis/morpho/packs/run_20250919T213158Z_02e43a2b71/transcript.tsv
A	analysis/morpho/packs/run_20250919T213158Z_02e43a2b71/v_frontal.local
A	analysis/morpho/packs/run_20250919T220649Z_42dce71f7c/boundary.sig
A	analysis/morpho/packs/run_20250919T220649Z_42dce71f7c/boundary.txt
A	analysis/morpho/packs/run_20250919T221330Z_51118aba6e/boundary.sig
A	analysis/morpho/packs/run_20250919T221330Z_51118aba6e/boundary.txt
A	analysis/morpho/public/FACE.txt
A	analysis/morpho/public/coin_id.txt
A	analysis/morpho/public/face2.txt
A	analysis/morpho/public/face_public_20250919_054718.tar
A	analysis/morpho/ref/README.txt
A	analysis/morpho/ref/cohort.signature.tsv
A	analysis/morpho/ref/cohort_combined.tsv
A	analysis/morpho/ref/cohort_manifest.tsv
A	analysis/morpho/ref/cohort_mean.tsv
A	analysis/morpho/ref/cohort_var_diag.tsv
A	analysis/morpho/ref/datasets.registry.tsv
A	analysis/morpho/ref/datasets/dummy_68pts.tsv
A	analysis/morpho/ref/datasets/ls3d_landmarks.0.tsv
A	analysis/morpho/ref/datasets/ls3d_landmarks.1.tsv
A	analysis/morpho/ref/datasets/ls3d_landmarks.2.tsv
A	analysis/morpho/ref/datasets/ls3d_landmarks.3.tsv
A	analysis/morpho/ref/datasets/ls3d_landmarks.4.tsv
A	analysis/morpho/ref/datasets/ls3d_landmarks.5.tsv
A	analysis/morpho/ref/datasets/ls3d_landmarks.6.tsv
A	analysis/morpho/ref/datasets/ls3d_landmarks.7.tsv
A	analysis/morpho/ref/datasets/ls3d_landmarks.tsv
A	analysis/morpho/research_index.csv
A	analysis/morpho/research_index.tsv
A	analysis/morpho/research_index_20250919_042321.csv
A	analysis/morpho/research_index_20250919_042321.tsv
A	analysis/morpho/right.csv
A	analysis/morpho/right.tsv
A	analysis/morpho/shot_A.csv
A	analysis/morpho/shot_A.tsv
A	analysis/morpho/shot_B.csv
A	analysis/morpho/shot_B.tsv
A	analysis/morpho/tau_coupling.csv
A	analysis/morpho/tau_coupling.tsv
A	analysis/morpho/tau_profile.csv
A	analysis/morpho/tau_profile.tsv
A	analysis/morse_crit.tsv
A	analysis/next_nonce_from_heegner.hex
A	analysis/next_surface.tsv
A	analysis/normalized/L_tau.norm.json
A	analysis/normalized/L_tau.norm.norm.json
A	analysis/normalized/ap.norm.json
A	analysis/normalized/ap.norm.norm.json
A	analysis/normalized/ap_stable.norm.json
A	analysis/normalized/ap_stable.norm.norm.json
A	analysis/normalized/combined_ap_satake.norm.json
A	analysis/normalized/combined_ap_satake.norm.norm.json
A	analysis/normalized/combined_ap_satake_stable.norm.json
A	analysis/normalized/combined_ap_satake_stable.norm.norm.json
A	analysis/normalized/motives.norm.json
A	analysis/normalized/motives.norm.norm.json
A	analysis/normalized/rank.norm.json
A	analysis/normalized/rank.norm.norm.json
A	analysis/normalized/satake.norm.json
A	analysis/normalized/satake.norm.norm.json
A	analysis/normalized/satake_stable.norm.json
A	analysis/normalized/satake_stable.norm.norm.json
A	analysis/obstructions/cover_demo_fail/U01_to_012.tsv
A	analysis/obstructions/cover_demo_fail/U02_to_012.tsv
A	analysis/obstructions/cover_demo_fail/U0_to_01.tsv
A	analysis/obstructions/cover_demo_fail/U0_to_02.tsv
A	analysis/obstructions/cover_demo_fail/U12_to_012.tsv
A	analysis/obstructions/cover_demo_fail/U1_to_01.tsv
A	analysis/obstructions/cover_demo_fail/U1_to_12.tsv
A	analysis/obstructions/cover_demo_fail/U2_to_02.tsv
A	analysis/obstructions/cover_demo_fail/U2_to_12.tsv
A	analysis/obstructions/cover_demo_fail/meta.tsv
A	analysis/obstructions/cover_demo_ok/U01_to_012.tsv
A	analysis/obstructions/cover_demo_ok/U02_to_012.tsv
A	analysis/obstructions/cover_demo_ok/U0_to_01.tsv
A	analysis/obstructions/cover_demo_ok/U0_to_02.tsv
A	analysis/obstructions/cover_demo_ok/U12_to_012.tsv
A	analysis/obstructions/cover_demo_ok/U1_to_01.tsv
A	analysis/obstructions/cover_demo_ok/U1_to_12.tsv
A	analysis/obstructions/cover_demo_ok/U2_to_02.tsv
A	analysis/obstructions/cover_demo_ok/U2_to_12.tsv
A	analysis/obstructions/cover_demo_ok/meta.tsv
A	analysis/obstructions/tpc_report.tsv
A	analysis/padic_family.tsv
A	analysis/passport_sig.tsv
A	analysis/plots/atlas_line.svg
A	analysis/plots/basins.svg
A	analysis/plots/doubles.svg
A	analysis/plots/doubles_refined.svg
A	analysis/plots/morse.svg
A	analysis/plots/satake_polar.svg
A	analysis/plots/status.svg
A	analysis/progress.tsv
A	analysis/provenance_map.tsv
A	analysis/ramanujan.tsv
A	analysis/ramanujan/CIRCLE_WITNESS.txt
A	analysis/ramanujan/FROZEN_ETA.txt
A	analysis/ramanujan/PASSPORT.bin
A	analysis/ramanujan/PERFORMANCE.toml
A	analysis/ramanujan/TAU_VECTOR.SHA
A	analysis/ramanujan/TAU_VECTOR.bin
A	analysis/ramanujan/witness_map_id_1.txt
A	analysis/reciprocity_best.env
A	analysis/reciprocity_best.tsv
A	analysis/reciprocity_best.txt
A	analysis/reciprocity_second.env
A	analysis/reciprocity_second.txt
A	analysis/rollup_summary.tsv
A	analysis/satake_angles.tsv
A	analysis/snapshots/atlas_20250915_203915Z/atlas_line.tsv
A	analysis/snapshots/atlas_20250915_203915Z/bash_theta_scan.tsv
A	analysis/snapshots/atlas_20250915_203915Z/basins.tsv
A	analysis/snapshots/atlas_20250915_203915Z/manifest.txt
A	analysis/snapshots/atlas_20250915_203915Z/morse_crit.tsv
A	analysis/theta_sweep.tsv
A	analysis/trace_formula.tsv
A	analysis/validation/SIGNED_DATASET.bin
A	analysis/validation/SIGNED_DATASET.receipt.tsv
A	analysis/validation/ap_tau_by_face.csv
A	analysis/validation/corridor.receipt.tsv
A	analysis/validation/face_stats.tsv
A	analysis/validation/face_tau_sequences.tsv
A	analysis/validation/meaningfulness_report.json
A	analysis/validation/run1_manifest.json
A	analysis/validation/sigma11_congruence.tsv
A	analysis/validation/tau_congruence_report.tsv
A	analysis/validation/tau_reference.csv
A	analysis/validation/tau_reference.tsv
A	analysis/zero_depletion.tsv
A	assure.ps1
A	assure.sh
A	atlas/README.md
A	atlas/discovery_top.tsv
A	atlas/index.tsv
A	atlas/laurent_unit.tsv
A	atlas/rank2.tsv
A	atlas/simple_zero.tsv
A	bin/tau
A	boundary/WHITELIST.assumptions
A	boundary/WHITELIST.ax
A	boundary/WHITELIST.opaque
A	boundary/WHITELIST.unsafe
A	certs/spectral_cert_20250922T000922Z/MANIFEST.json
A	certs/spectral_cert_20250922T000922Z/spectral_kernel/face_trace.png
A	certs/spectral_cert_20250922T000922Z/spectral_kernel/trace.png
A	certs/spectral_cert_20250922T001154Z/MANIFEST.json
A	certs/spectral_cert_20250922T001154Z/README_PROOF_NOTE.md
A	certs/spectral_cert_20250922T001154Z/spectral_kernel/face_trace.png
A	certs/spectral_cert_20250922T001154Z/spectral_kernel/trace.png
A	ci/season1-check.sh
A	config.sh
A	config/sidecar.yaml
A	constraints.d/tau.rules
A	corridor.receipt.tsv
A	corridor/capsules/index.tsv
A	docs/.manifest.tf.798
A	docs/.manifest.xref.4188
A	docs/.nojekyll
A	docs/.well-known/llm-first-pass.json
A	docs/AUDIT.md
A	docs/LLM_START_HERE.md
A	docs/MARKETPLACE_AUDIT.md
A	docs/MONOGRAPH.md
A	docs/MONOGRAPH/index.html
A	docs/PRIVACY.md
A	docs/REPO_TREE.md
A	docs/TERMS.md
A	docs/_config.yml
A	docs/_posts/2025-09-17-dummysuserguide.md
A	docs/automorphic/catalog.md
A	docs/b5c5/README.md
A	docs/b5c5/b5c5_demo.py
A	docs/b5c5/logB.txt
A	docs/b5c5/winners.tsv
A	docs/ci.md
A	docs/dummys-user-guide.md
A	docs/extension/tau_stamp.md
A	docs/extensions/README.md
A	docs/first-verification.md
A	docs/gallery/README.md
A	docs/gallery/discovery-best-20250917.md
A	docs/geom/canonical.lock
A	docs/geom/canonical.md
A	docs/gtm/one_pager.md
A	docs/gtm/outreach_email.txt
A	docs/gtm/pitch_deck.md
A	docs/guides/atlas_hecke.md
A	docs/guides/dummys-user-guide-sealed.md
A	docs/guides/hecke-11a1-monograph.md
A	docs/index.html
A	docs/index.md
A	docs/instrumentation/CAPABILITIES.md
A	docs/instrumentation/CAPABILITIES.receipt.tsv
A	docs/instrumentation/INSTRUMENT.md
A	docs/instrumentation/MEANINGFULNESS.md
A	docs/instrumentation/PROTOCOL.hash.txt
A	docs/instrumentation/PROTOCOL.lf.md
A	docs/instrumentation/PROTOCOL.md
A	docs/instrumentation/PROTOCOL_VALIDATION.md
A	docs/instrumentation/SCOPE_AND_ASSUMPTIONS.md
A	docs/llm_index.v1.json
A	docs/llm_tree.v1.jsonl
A	docs/manifest.json.sha256
A	docs/manifest.md
A	docs/manifest.sha256
A	docs/marketplace-listing.md
A	docs/monographs/_index.md
A	docs/monographs/_operational_appendix.md
A	docs/monographs/canonical_truths_explained.md
A	docs/monographs/cohomological_architecture.md
A	docs/monographs/craniofacial_certificate.rtf
A	docs/monographs/langlands_for_computation.md
A	docs/monographs/langlands_lab.md
A	docs/monographs/langlands_lab_reflections.md
A	docs/monographs/langlands_observatory.md
A	docs/monographs/langlands_phase_next_20250915_232009Z.md
A	docs/monographs/langlands_second_witness.md
A	docs/monographs/morphometric_alignment.md
A	docs/monographs/ramanujan_face_run1.tex
A	docs/monographs/receipts_to_reality_langlands_observatory.md
A	docs/monographs/rg_flow.md
A	docs/monographs/scripts_universe.md
A	docs/monographs/theory_fundamentals.md
A	docs/mordell_archive.html
A	docs/mordell_archive.sha256
A	docs/optimizations/genius_plan.md
A	docs/prim/README.md
A	docs/prim/examples_abelian.tsv
A	docs/prim/prim_abelian.schema.tsv
A	docs/sample/live.html
A	docs/schemas/ap_satake.schema.json
A	docs/schemas/experimental.json
A	docs/schemas/experimental_fft_bootstrap.json
A	docs/season1/README.md
A	docs/season1/cast.tsv
A	docs/season1/schema/season1.schema.json
A	docs/sidecar.md
A	docs/specs/bin-v1.0.md
A	docs/specs/cache-v1.0.md
A	docs/specs/enclave-v1.0.md
A	docs/specs/entropy-v1.0.md
A	docs/specs/evolver-v1.0.md
A	docs/specs/federation-v1.0.md
A	docs/specs/gate-contract.txt
A	docs/specs/holo-v1.0.md
A	docs/specs/interference-v1.0.md
A	docs/specs/mirror-v1.0.md
A	docs/specs/perma-receipt-v1.0.md
A	docs/specs/physics-v1.0.md
A	docs/specs/policy-gate-v1.0.md
A	docs/specs/producer-contract.txt
A	docs/specs/signature-rules-v1.0.md
A	docs/specs/tau-stamp-v1.0.md
A	docs/specs/witness-contract.txt
A	docs/specs/zkdiff-v1.0.md
A	docs/tau-crystal-synthesis-formal-verification-reproducibility.md
A	docs/tau-crystal.html
M	docs/witness/auto-20250922T220241Z.affidavit.txt
A	examples/tau_tanh_demo.py
A	extension/tau_stamp/popup.css
A	extension/tau_stamp/popup.html
A	extension/tau_stamp/popup.js
A	face_trace.json
A	kernel_contract.tsv
A	lakefile.lean
A	lean-toolchain
A	manifest_assure1.json
A	manifests/86b9275b33cfe1276db843cf65166ea66cbe087ea82b28333495400ab6deac7d.json
A	media/tau_tanh_demo.pgm
A	morpho_run.sh
A	poems/p6mm.txt
A	poems/pm3m.txt
A	publish/auto-20250922T220241Z/VERIFY.txt
A	publish/auto-20250922T220241Z/acceptance_check_openssl.sh
A	publish/auto-20250922T220241Z/auto-20250922T220241Z.receipt.json
A	publish/auto-20250922T220241Z/auto-20250922T220241Z.tar.gz.sha256
A	py_ledger/cheby_tau.py
A	py_ledger/main.py
A	py_ledger/manifest.py
A	py_ledger/qcro_adapter.py
A	py_ledger/rank_kernel.py
A	py_ledger/sign_manifest.py
A	ramanujan/README.md
A	ramanujan/data/eta_left.tsv
A	ramanujan/data/eta_pentagonal.tsv
A	ramanujan/data/eta_right.tsv
A	ramanujan/data/mock_grid.tsv
A	ramanujan/data/rr_left.tsv
A	ramanujan/data/rr_right.tsv
A	ramanujan/data/tau_small.tsv
A	ramanujan/docs/IMPLEMENTATION_NOTES.md
A	ramanujan/receipts/eta_20250922T030245Z.tsv
A	ramanujan/receipts/eta_20250922T030533Z.tsv
A	ramanujan/receipts/eta_20250922T030642Z.tsv
A	ramanujan/receipts/eta_20250922T031137Z.tsv
A	ramanujan/receipts/eta_20250922T031145Z.tsv
A	ramanujan/receipts/eta_20250922T031344Z.tsv
A	ramanujan/receipts/eta_20250922T032146Z.tsv
A	ramanujan/receipts/eta_20250922T034332Z.tsv
A	ramanujan/receipts/eta_20250922T034341Z.tsv
A	ramanujan/receipts/eta_20250922T034545Z.tsv
A	ramanujan/receipts/tau_hecke_20250922T030533Z.tsv
A	ramanujan/receipts/tau_hecke_20250922T030643Z.tsv
A	ramanujan/registry/objects.tsv
A	receipts/geom/239de2a40b3b7e490f055b6fdc7a5ee0427a463c21f1f3338198b0f232f3e561.receipt
A	receipts/receipt-20250907T161411Z.txt
A	receipts/receipt-20250907T164815Z.txt
A	receipts/receipt-20250907T170804Z.txt
A	receipts/receipt-20250907T170952Z.txt
A	receipts/receipt-20250907T171020Z.txt
A	receipts/receipt-20250907T173203Z.txt
A	receipts/receipt-20250907T173422Z.txt
A	receipts/receipt-20250907T173452Z.txt
A	receipts/receipt-20250907T174453Z.txt
A	receipts/receipt-20250907T180823Z.txt
A	receipts/xref/hello.receipt.json
A	repo_files.nls
A	repo_sizes.nls
A	repo_sizes_all.nls
A	repo_sizes_tracked.nls
A	repo_sizes_tracked_clean.nls
A	repo_sizes_tracked_fixed.tsv
A	run.cmd
A	run.sh
A	sales/kits/anthropic_brian/README.txt
A	sales/kits/anthropic_brian/VERIFY.txt
A	sales/kits/anthropic_brian/docs/PORTING.md
A	sales/kits/anthropic_brian/email_pitch.txt
A	sales/kits/anthropic_brian/ledger/affidavit.ledger.json
A	sales/kits/anthropic_brian/ledger/receipt.json
A	sales/kits/anthropic_brian/ledger/receipt.sig
A	sales/kits/databricks_janet/README.txt
A	sales/kits/databricks_janet/VERIFY.txt
A	sales/kits/databricks_janet/docs/PORTING.md
A	sales/kits/databricks_janet/email_pitch.txt
A	sales/kits/databricks_janet/ledger/affidavit.ledger.json
A	sales/kits/databricks_janet/ledger/receipt.json
A	sales/kits/databricks_janet/ledger/receipt.sig
A	sales/kits/harvard_karina/README.txt
A	sales/kits/harvard_karina/VERIFY.txt
A	sales/kits/harvard_karina/docs/PORTING.md
A	sales/kits/harvard_karina/email_pitch.txt
A	sales/kits/harvard_karina/ledger/affidavit.ledger.json
A	sales/kits/harvard_karina/ledger/receipt.json
A	sales/kits/harvard_karina/ledger/receipt.sig
A	sales/kits/matt_rickard/README.txt
A	sales/kits/matt_rickard/VERIFY.txt
A	sales/kits/matt_rickard/docs/PORTING.md
A	sales/kits/matt_rickard/email_pitch.txt
A	sales/kits/matt_rickard/ledger/affidavit.ledger.json
A	sales/kits/matt_rickard/ledger/receipt.json
A	sales/kits/matt_rickard/ledger/receipt.sig
A	sales/kits/openai_ken/README.txt
A	sales/kits/openai_ken/VERIFY.txt
A	sales/kits/openai_ken/docs/PORTING.md
A	sales/kits/openai_ken/email_pitch.txt
A	sales/kits/openai_ken/ledger/affidavit.ledger.json
A	sales/kits/openai_ken/ledger/receipt.json
A	sales/kits/openai_ken/ledger/receipt.sig
A	sales/kits/rebecca_rivers/README.txt
A	sales/kits/rebecca_rivers/VERIFY.txt
A	sales/kits/rebecca_rivers/docs/PORTING.md
A	sales/kits/rebecca_rivers/email_pitch.txt
A	sales/kits/rebecca_rivers/ledger/affidavit.ledger.json
A	sales/kits/rebecca_rivers/ledger/receipt.json
A	sales/kits/rebecca_rivers/ledger/receipt.sig
A	sales/kits/tinycorp_george/README.txt
A	sales/kits/tinycorp_george/VERIFY.txt
A	sales/kits/tinycorp_george/docs/PORTING.md
A	sales/kits/tinycorp_george/email_pitch.txt
A	sales/kits/tinycorp_george/ledger/affidavit.ledger.json
A	sales/kits/tinycorp_george/ledger/receipt.json
A	sales/kits/tinycorp_george/ledger/receipt.sig
A	schemas/mock_theta.json
A	schemas/ramanujan_object.json
A	schemas/rational_invariants.csv
A	schemas/side-car-v1.json
A	scripts/add_readme_snippets.sh
A	scripts/add_readme_snippets.sh.tmp
A	scripts/anomaly_detection.sh
A	scripts/arith/guard_frozen.sh
A	scripts/arith/hec_table.sage
A	scripts/arith/rational2curve.sage
A	scripts/arith/tests.sage
A	scripts/arithmetic/compute_rank.sh
A	scripts/assumption_census.sh
A	scripts/assure.sh
A	scripts/assure/_ap_recount.awk
A	scripts/assure/_ap_recount.py
A	scripts/assure/_coeffs_from_atlas.py
A	scripts/assure/adversarial_recount.sh
A	scripts/assure/mirror_world_compare.sh
A	scripts/assure/poison_canary.sh
A	scripts/assure/weekly_driver.sh
A	scripts/assure_latest.sh
A	scripts/assure_with_boundary.sh
A	scripts/atlas/_intlib.sh
A	scripts/atlas/_parity_numeric.sh
A	scripts/atlas/add_curve.sh
A	scripts/atlas/adversarial_lottery.sh
A	scripts/atlas/build_atlas.sh
A	scripts/atlas/build_curve.sh
A	scripts/atlas/curves_canonical.tsv
A	scripts/atlas/flag_double_zero.sh
A	scripts/atlas/post_enrich.sh
A	scripts/audit_and_polish.sh
A	scripts/automorphic/_catalog.py
A	scripts/automorphic/_manifest_stamp.py
A	scripts/automorphic/_publish.py
A	scripts/automorphic/galois_rho.py
A	scripts/automorphic/galois_rho.sh
A	scripts/automorphic/guard_emit.py
A	scripts/automorphic/guard_emit.sh
A	scripts/automorphic/hecke_mint.py
A	scripts/automorphic/hecke_mint.sh
A	scripts/automorphic/mint_motive.sh
A	scripts/automorphic/publish_automorphic.sh
A	scripts/automorphic/zero_critical.py
A	scripts/automorphic/zero_critical.sh
A	scripts/automorphic/zero_hunt.sh
A	scripts/blockchain.sh
A	scripts/boundary_audit.sh
A	scripts/boundary_census.sh
A	scripts/boundary_check.sh
A	scripts/bump_readme_release.sh
A	scripts/cache/mathlib_cache.py
A	scripts/cache/stamp_cache_into_manifest.sh
A	scripts/capsule/merkle_lib.sh
A	scripts/capsule/seal_capsule.sh
A	scripts/capsules/verify.sh
A	scripts/capsules/write_index.sh
A	scripts/cert/gen_cert.sh
A	scripts/cert/validate_cert.py
A	scripts/check_privileges.sh
A	scripts/ci/atlas_append_only.sh
A	scripts/ci/ci_doctor.sh
A	scripts/ci/ci_doctor_min.sh
A	scripts/ci/morpho_ci.sh
A	scripts/ci/morpho_release_steps.sh
A	scripts/ci/rank_stamp_gate.sh
A	scripts/ci_archive.sh
A	scripts/coho/build_morphism_map.sh
A	scripts/coho/coho_v2.sh
A	scripts/coho/commit_coho_tag.sh
A	scripts/coho/delta_from_mapping.sh
A	scripts/coho/fix_and_tag.sh
A	scripts/coho/gate_v2.sh
A	scripts/coho/launch_cohom_verifiers.sh
A	scripts/coho/leaf_vector_from_receipt.sh
A	scripts/coho/lib_json.sh
A	scripts/coho/morphism_live.sh
A	scripts/coho/morphism_tau_tanh.sh
A	scripts/coho/prove_v2.sh
A	scripts/coho/report_v2.sh
A	scripts/coho/run_all_v2.sh
A	scripts/coho/stamp_v2.sh
A	scripts/coho/stamp_witness.sh
A	scripts/coho/tau_cert_from_leaves.sh
A	scripts/coho/watch_obstructions.sh
A	scripts/cohomology/h1_receipt_cech.sh
A	scripts/coin/citecoin.sh
A	scripts/coin/mint_coin.sh
A	scripts/coin/tau_verify.sh
A	scripts/commit_rationale_check.sh
A	scripts/conduct/all.sh
A	scripts/cosign_fill_release.sh
A	scripts/crypto/sha256_stamp.sh
A	scripts/dashboard/build.sh
A	scripts/dashboard/deploy_bolt.sh
A	scripts/dashboard/mint_receipt.sh
A	scripts/dashboard/mirror_neon.sh
A	scripts/dev/_green_core.sh
A	scripts/dev/run_green_hold.sh
A	scripts/dev/run_green_logged.sh
A	scripts/diag_crash.sh
A	scripts/diag_lakefile.sh
A	scripts/diag_wrap.sh
A	scripts/discovery/README.md
A	scripts/discovery/_manifest_discovery.py
A	scripts/discovery/batch_all.sh
A	scripts/discovery/completed_L.py
A	scripts/discovery/confirm.sh
A	scripts/discovery/confirm_double_zero.py
A	scripts/discovery/double_zero.sh
A	scripts/discovery/double_zero_hunt.py
A	scripts/discovery/euler_products.py
A	scripts/discovery/extract_ap_satake.py
A	scripts/discovery/extract_ap_satake.sh
A	scripts/discovery/local_factors.py
A	scripts/discovery/modular_curve_scan.sh
A	scripts/discovery/promote_best.sh
A	scripts/discovery/publish_witness.sh
A	scripts/discovery/report_double_zero.py
A	scripts/discovery/score_faces.sh
A	scripts/discovery/validate_ap_satake.py
A	scripts/dist_verify.sh
A	scripts/dynamics/tanh_lineage_lock.sh
A	scripts/emit-receipt.sh
A	scripts/enclave/enclave_verify.sh
A	scripts/enclave/stamp_enclave_into_manifest.sh
A	scripts/entropy/build_entropy_witness.sh
A	scripts/entropy/stamp_entropy_into_manifest.sh
A	scripts/entropy/verify_entropy.sh
A	scripts/etale/monodromy_track.sh
A	scripts/evolver/stamp_evolver_into_manifest.sh
A	scripts/evolver/tau_evolver.py
A	scripts/experimental/_canonicalize_json.py
A	scripts/experimental/_json_sanitize.py
A	scripts/experimental/_manifest_fft.py
A	scripts/experimental/_manifest_stamp_exp.py
A	scripts/experimental/_manifest_v2.py
A	scripts/experimental/_repair_and_restamp.py
A	scripts/experimental/_repair_json.py
A	scripts/experimental/_restamp_utc.py
A	scripts/experimental/_stamp_provenance.py
A	scripts/experimental/_trim_first_json_object.py
A	scripts/experimental/_validate_fft_bootstrap.py
A	scripts/experimental/_validate_schema.py
A	scripts/experimental/bootstrap_mu.py
A	scripts/experimental/bootstrap_mu.sh
A	scripts/experimental/bsd_rank1.py
A	scripts/experimental/bsd_rank1_hunt.sh
A	scripts/experimental/fft_bsd.py
A	scripts/experimental/fft_bsd.sh
A	scripts/experimental/force_witness_types.py
A	scripts/experimental/iwasawa_mu.py
A	scripts/experimental/iwasawa_mu.sh
A	scripts/experimental/json_guard.sh
A	scripts/experimental/stabilize_json.py
A	scripts/experimental/stamp_all.sh
A	scripts/experimental/symsquare_dynamic.py
A	scripts/experimental/symsquare_dynamic.sh
A	scripts/experimental/symsquare_zero.py
A	scripts/experimental/symsquare_zero.sh
A	scripts/export/assure_repo_coin.sh
A	scripts/export/mint_llm_tree.sh
A	scripts/export/mint_repo_coin.sh
A	scripts/federate/build_xref_index.sh
A	scripts/federate/stamp_xref_into_manifest.sh
A	scripts/federate/verify_xref_index.sh
A	scripts/fermion/build_receipts.sh
A	scripts/fermion/init.sh
A	scripts/fix_and_build_lean.sh
A	scripts/fix_lakefile.sh
A	scripts/fix_minimal.sh
A	scripts/flow/ci_rg.sh
A	scripts/flow/solve_flow.sh
A	scripts/fusion/run_all.sh
A	scripts/gates/README.md
A	scripts/gates/capsules_repair_index.sh
A	scripts/gates/capsules_verify_gate.sh
A	scripts/gates/ckm_scaffold.sh
A	scripts/gates/ckm_unitary_gate.sh
A	scripts/gates/enforce_all_boundaries.sh
A	scripts/gates/entropy_gate.sh
A	scripts/gates/forensics_guard.sh
A	scripts/gates/gen_gates_report.sh
A	scripts/gates/invariants.sh
A	scripts/gates/phase_head_fix.sh
A	scripts/gates/phase_head_gate.sh
A	scripts/gates/policy_gate.sh
A	scripts/gates/scaffold_boundary.sh
A	scripts/gates/sync_capsules_progress.sh
A	scripts/gates/vows_age_gate.sh
A	scripts/gates/vows_gate.sh
A	scripts/genius/README.md
A	scripts/genius/_util.sh
A	scripts/genius/consciousness_imprint.sh
A	scripts/genius/dark_matter_verify.sh
A	scripts/genius/genius_unified.sh
A	scripts/genius/godel_self_verify.sh
A	scripts/genius/gomboc_computation.sh
A	scripts/genius/mandelbrot_receipt.sh
A	scripts/genius/omega_point.sh
A	scripts/genius/quantum_entangle.sh
A	scripts/genius/riemann_foundation.sh
A	scripts/genius/singularity_seed.sh
A	scripts/genius/temporal_paradox.sh
A	scripts/genius/verify_entanglement.sh
A	scripts/geom/anchor_rule.sh
A	scripts/geom/binary_inference.py
A	scripts/geom/bind_intent.py
A	scripts/geom/calibrate.sh
A	scripts/geom/canonicalize.py
A	scripts/geom/canonicalize_tsv.sh
A	scripts/geom/check_stability.py
A	scripts/geom/check_symmetry.py
A	scripts/geom/find_anchors.py
A	scripts/geom/geometric_proof.sh
A	scripts/geom/guard_canon.sh
A	scripts/geom/guard_companions.sh
A	scripts/geom/infer.sh
A	scripts/geom/judge.sh
A	scripts/geom/l_series_compose.sh
A	scripts/geom/make_manifest.sh
A	scripts/geom/op.sh
A	scripts/geom/predicates.sh
A	scripts/geom/proof_tree.sh
A	scripts/geom/proof_tree_append.sh
A	scripts/geom/propagate_verify.py
A	scripts/geom/python_common.py
A	scripts/geom/render_graph.sh
A	scripts/geom/run_anchor_verify.sh
A	scripts/geom/similarity_tau.sh
A	scripts/geom/stability_frobenius.sh
A	scripts/geom/strict_ci.sh
A	scripts/geom/symmetry_epsilon.sh
A	scripts/geom/update_canon_lock.sh
A	scripts/geom/verify_rule.sh
A	scripts/github_set_repo_meta.sh
A	scripts/holo/build_holo_tensor.sh
A	scripts/holo/stamp_holo_into_manifest.sh
A	scripts/holo/verify_holo_tensor.sh
A	scripts/hsm.sh
A	scripts/hw/ci_attest_capsule.sh
A	scripts/hw/store_atecc_pub.sh
A	scripts/install_elan.sh
A	scripts/interf/build_interference_map.sh
A	scripts/interf/stamp_interference_into_manifest.sh
A	scripts/jupyter/stamp_tau_trace_into_manifest.sh
A	scripts/kick_all_workflows.sh
A	scripts/langlands/_bash_math.sh
A	scripts/langlands/analytic_rank_gate.sh
A	scripts/langlands/analytic_rank_heegner.sh
A	scripts/langlands/animate_surface.sh
A	scripts/langlands/around_witness_scan.sh
A	scripts/langlands/artifact_normalize.sh
A	scripts/langlands/artin_conductor.sh
A	scripts/langlands/atlas_line.sh
A	scripts/langlands/basins_map.sh
A	scripts/langlands/chain_import.sh
A	scripts/langlands/check_sigma11_reference.sh
A	scripts/langlands/check_tau_congruence.sh
A	scripts/langlands/ci_automorphic_hook.sh
A	scripts/langlands/crit_zero_sweep.sh
A	scripts/langlands/deformation_ring.sh
A	scripts/langlands/dirsig_fallback.sh
A	scripts/langlands/discovery_scan.sh
A	scripts/langlands/double_zero_refine.sh
A	scripts/langlands/double_zero_scan.sh
A	scripts/langlands/emit_best.py
A	scripts/langlands/emit_face_tau_sequence.sh
A	scripts/langlands/emit_hecke_from_qexp.sh
A	scripts/langlands/endoscopy_scan.sh
A	scripts/langlands/find_second_witness.sh
A	scripts/langlands/freeze_best.sh
A	scripts/langlands/frobenius.sh
A	scripts/langlands/functional_equation.sh
A	scripts/langlands/galois.sh
A	scripts/langlands/gate_hecke_11a1.sh
A	scripts/langlands/generate_monograph.sh
A	scripts/langlands/hecke2_mean.sh
A	scripts/langlands/hecke_11a1.sh
A	scripts/langlands/hecke_compute.py
A	scripts/langlands/l_compute.py
A	scripts/langlands/lab.sh
A	scripts/langlands/live_observatory.sh
A	scripts/langlands/live_ticker.sh
A	scripts/langlands/mean_compare.sh
A	scripts/langlands/micro_conductor.sh
A	scripts/langlands/minimal_tau.sh
A	scripts/langlands/modular_check.py
A	scripts/langlands/morse2d.sh
A	scripts/langlands/morse2d_pure.sh
A	scripts/langlands/morse_analysis.sh
A	scripts/langlands/padic_family.sh
A	scripts/langlands/parse_best_rel.sh
A	scripts/langlands/pick_best.py
A	scripts/langlands/plots_write.sh
A	scripts/langlands/ramanujan_bounds.sh
A	scripts/langlands/rank_compute.py
A	scripts/langlands/reciprocity.sh
A	scripts/langlands/reciprocity_run.sh
A	scripts/langlands/reciprocity_verify.sh
A	scripts/langlands/record_broadcast.sh
A	scripts/langlands/rollups.sh
A	scripts/langlands/run_atlas_now.sh
A	scripts/langlands/run_phase_next.sh
A	scripts/langlands/run_phase_next_strict.sh
A	scripts/langlands/satake_direction.sh
A	scripts/langlands/satake_from_hecke.sh
A	scripts/langlands/scan_modularity.py
A	scripts/langlands/seed_witness_envs.sh
A	scripts/langlands/sig.sh
A	scripts/langlands/smoke_hecke_ledger.sh
A	scripts/langlands/sym2_tighten.sh
A	scripts/langlands/tau_L_function.sh
A	scripts/langlands/theta_compute.py
A	scripts/langlands/theta_descent.sh
A	scripts/langlands/theta_point.sh
A	scripts/langlands/theta_scan_proxy.sh
A	scripts/langlands/theta_scan_proxy2.sh
A	scripts/langlands/theta_scan_wide.sh
A	scripts/langlands/theta_sweep.sh
A	scripts/langlands/theta_zoom.sh
A	scripts/langlands/trace_formula.sh
A	scripts/langlands/update_ledger.sh
A	scripts/langlands/zero_depletion.sh
A	scripts/launch_verifiers.sh
A	scripts/laurent/integrate_laurent.sh
A	scripts/laurent/laurent_eval.awk
A	scripts/laurent/laurent_ring.py
A	scripts/laurent/laurent_ring.sh
A	scripts/laurent/write_ring_csv.py
A	scripts/lean/recursion_cap_guard.sh
A	scripts/ledger/make_attestation.sh
A	scripts/ledger/make_receipt.sh
A	scripts/ledger/update_manifest_status.sh
A	scripts/make_marketplace_listing.sh
A	scripts/make_screenshots.sh
A	scripts/manifest_conformance.sh
A	scripts/math/curve_11a1.sh
A	scripts/merkle_root.sh
A	scripts/meta/_normalize.sh
A	scripts/meta/_sha256.sh
A	scripts/meta/assure_push.sh
A	scripts/meta/build_provenance_map.sh
A	scripts/meta/capsule_families.sh
A	scripts/meta/constant_canary.sh
A	scripts/meta/docker_receipt_label.sh
A	scripts/meta/garden_publish.sh
A	scripts/meta/garden_render.sh
A	scripts/meta/latency_knob.sh
A	scripts/meta/make_witness_capsule.sh
A	scripts/meta/next_all_green.sh
A	scripts/meta/next_hammer.sh
A	scripts/meta/ouroboros_check.sh
A	scripts/meta/postflight.sh
A	scripts/meta/progress_print.sh
A	scripts/meta/progress_update.sh
A	scripts/meta/push_everything_with_archive.sh
A	scripts/meta/qr_witness.sh
A	scripts/meta/seal_tarball_with_receipt.sh
A	scripts/meta/sheaf_reflection.sh
A	scripts/meta/stamp_qr_into_manifest.sh
A	scripts/meta/stamp_sheaf_into_manifest.sh
A	scripts/meta/tactic_debt.sh
A	scripts/meta/tau_sheaf_reflect.sh
A	scripts/meta/timeout_run.sh
A	scripts/meta/verify_docker_receipt_label.sh
A	scripts/meta/verify_self.sh
A	scripts/meta/verify_sheaf_digest.sh
A	scripts/meta/verify_tarball_seal.sh
A	scripts/meta/vows_stamp.sh
A	scripts/meta/write_manifest_section.sh
A	scripts/meta/write_readme.sh
A	scripts/metrics/cep_tau.sh
A	scripts/metrics/dim_tau.sh
A	scripts/mirror/README.md
A	scripts/mirror/mirror_receipts.sh
A	scripts/mirror/stamp_mirror_into_manifest.sh
A	scripts/mirror/verify_mirror_receipts.sh
A	scripts/monographs/compile_monograph.sh
A	scripts/monographs/make_raman_face_run1_tex.sh
A	scripts/morpho/after_publish.sh
A	scripts/morpho/analyze.sh
A	scripts/morpho/analyze_basic.sh
A	scripts/morpho/append_manifest_line.sh
A	scripts/morpho/archive_coin.sh
A	scripts/morpho/bridge_and_publish.sh
A	scripts/morpho/bridge_publish_wrapped.sh
A	scripts/morpho/cert_judge.sh
A	scripts/morpho/cert_mint.sh
A	scripts/morpho/check_inputs.sh
A	scripts/morpho/clean_lr_csv.sh
A	scripts/morpho/connect_all_faces.sh
A	scripts/morpho/decrypt_show.sh
A	scripts/morpho/demo_chain.sh
A	scripts/morpho/emit_face_public.sh
A	scripts/morpho/enforce_all_boundaries.sh
A	scripts/morpho/enforce_boundary.sh
A	scripts/morpho/extract_first4nums.sh
A	scripts/morpho/face15_ingest.sh
A	scripts/morpho/face15_metrics.sh
A	scripts/morpho/fetch_face_public.sh
A	scripts/morpho/geom_gate.sh
A	scripts/morpho/ingest_real.sh
A	scripts/morpho/judge_latest.sh
A	scripts/morpho/latest_complete_pack.sh
A	scripts/morpho/lb_kernel.py
A	scripts/morpho/lean_geom_chain.sh
A	scripts/morpho/ls3dw_convert_any.sh
A	scripts/morpho/ls3dw_ingest.sh
A	scripts/morpho/ls3dw_mat_to_tsv.py
A	scripts/morpho/ls3dw_t7_any_to_tsv.py
A	scripts/morpho/ls3dw_t7_to_tsv.py
A	scripts/morpho/ls3dw_t7_to_tsv_sharded.py
A	scripts/morpho/ls3dw_to_tsv.sh
A	scripts/morpho/make_morpho_pair.sh
A	scripts/morpho/mesh_downsample.py
A	scripts/morpho/mesh_evenodd_stub.sh
A	scripts/morpho/metrics_aggregate.sh
A	scripts/morpho/mint_morpho_pair.sh
A	scripts/morpho/mint_morpho_receipt.sh
A	scripts/morpho/pack_verify.sh
A	scripts/morpho/pairs_from_longcsv.awk
A	scripts/morpho/pairs_from_longcsv.sh
A	scripts/morpho/peek_t7.py
A	scripts/morpho/procrustes_evenodd.sh
A	scripts/morpho/profile_onetap.sh
A	scripts/morpho/publish_public_face.sh
A	scripts/morpho/ref_anchor.sh
A	scripts/morpho/ref_ingest.sh
A	scripts/morpho/ref_stamp_receipt.sh
A	scripts/morpho/ref_stats.sh
A	scripts/morpho/release_name_from_receipt.sh
A	scripts/morpho/run_face.sh
A	scripts/morpho/scaffold_boundary.sh
A	scripts/morpho/secure_store.sh
A	scripts/morpho/selfie_onetap.sh
A	scripts/morpho/spectral_receipt.sh
A	scripts/morpho/stamp_hbar_root.sh
A	scripts/morpho/strict_validate.sh
A	scripts/morpho/tag_from_receipt.sh
A	scripts/morpho/tau_delta_cli.py
A	scripts/morpho/tau_sheaf_couple.sh
A	scripts/morpho/validate_lr_csv.sh
A	scripts/morpho/verify_notes.sh
A	scripts/morpho/zk_diff_chain.sh
A	scripts/morphometry/collect.sh
A	scripts/motivic/decompose_motives.sh
A	scripts/obstructions/emit_tpc_summary.sh
A	scripts/obstructions/tpc_check.sh
A	scripts/ops/acceptance_check.sh
A	scripts/ops/activate_optimization.sh
A	scripts/ops/add_workflow_dispatch.sh
A	scripts/ops/assure_strict.sh
A	scripts/ops/attest_env.sh
A	scripts/ops/attested_delivery.sh
A	scripts/ops/cache_attest.sh
A	scripts/ops/conscience.sh
A	scripts/ops/consensus_check.sh
A	scripts/ops/emit_metrics.sh
A	scripts/ops/expose_dispatch.sh
A	scripts/ops/import_guard.sh
A	scripts/ops/inject_dispatch_multiline_on.sh
A	scripts/ops/keepopen_caps_verify.sh
A	scripts/ops/log_metrics.sh
A	scripts/ops/new_post.sh
A	scripts/ops/next_hammer.sh
A	scripts/ops/normalize_on_and_dispatch.sh
A	scripts/ops/package_capsule.sh
A	scripts/ops/poem_guard.sh
A	scripts/ops/print_minisign_publine.sh
A	scripts/ops/publish.sh
A	scripts/ops/reciprocity_lock.sh
A	scripts/ops/repair_attested_delivery.sh
A	scripts/ops/replay_witness.sh
A	scripts/ops/seed_init.sh
A	scripts/ops/testimony_gate.sh
A	scripts/ops/update_gallery.sh
A	scripts/ops/verify_against_receipt.sh
A	scripts/ops/verify_offline.sh
A	scripts/ops/verify_release_binary.sh
A	scripts/pages_nudge.sh
A	scripts/perma/pin_receipt_to_ipfs.sh
A	scripts/perma/stamp_perma_into_manifest.sh
A	scripts/perma/verify_perma_receipt.sh
A	scripts/phys/_debye_cap.py
A	scripts/phys/_gap_guard.py
A	scripts/phys/_pyinfo.sh
A	scripts/phys/debye_cap_from_lattice.sh
A	scripts/phys/lattice_from_params.sh
A	scripts/phys/spectral_gap_guard.sh
A	scripts/physics/README.md
A	scripts/physics/arith_nonce.sh
A	scripts/physics/check_physics.py
A	scripts/physics/fused_gates.sh
A	scripts/physics/passport_probe.py
A	scripts/physics/passport_probe.sh
A	scripts/physics/run_and_measure.py
A	scripts/physics/run_physics.sh
A	scripts/physics/select_params.py
A	scripts/plan/launch_verifiers.sh
A	scripts/plan/tau_plan_flags.sh
A	scripts/plan/tau_pro_gate.sh
A	scripts/plan/write_roots.sh
A	scripts/plumbing/_lib.sh
A	scripts/plumbing/box_build.sh
A	scripts/plumbing/framing_phase.sh
A	scripts/plumbing/hysteresis_loop.sh
A	scripts/plumbing/hysteresis_prime.sh
A	scripts/plumbing/receipt_emit.sh
A	scripts/plumbing/run_demo.sh
A	scripts/plumbing/theta_lift.sh
A	scripts/plumbing/verify_hysteresis.sh
A	scripts/poison-refresh.sh
A	scripts/polish_repo.sh
A	scripts/prim/prim_abelian_run.sh
A	scripts/progress.sh
A	scripts/publish-html.py
A	scripts/quantum_resistant.sh
A	scripts/ramanujan/check_tau_hecke.sh
A	scripts/ramanujan/circle_error.sage
A	scripts/ramanujan/freeze_eta_witness.sh
A	scripts/ramanujan/gen_eta_pentagonal.sh
A	scripts/ramanujan/guard_eta.sh
A	scripts/ramanujan/hecke_commute.sage
A	scripts/ramanujan/mock_defect.sage
A	scripts/ramanujan/mock_defect_norm.sh
A	scripts/ramanujan/register_object.sh
A	scripts/ramanujan/sturm_bound.sh
A	scripts/ramanujan/test_tau_cong.sage
A	scripts/ramanujan/validate_all.sage
A	scripts/ramanujan/verify_eta_identity.sh
A	scripts/readme_insert_intro_compare.sh
A	scripts/rebuild-from-file.sh
A	scripts/receipt_sha.sh
A	scripts/referee/referee_cli.sh
A	scripts/referee/stamp_referee_cli.sh
A	scripts/release_via_api.sh
A	scripts/render_manifest.sh
A	scripts/rg/affine_leaf.py
A	scripts/rg/assert_ok.py
A	scripts/run/safe_run_all.sh
A	scripts/run_ledger_from_bash.sh
A	scripts/run_soliton_envelope.sh
A	scripts/run_tau_tanh_demo.sh
A	scripts/sem/intent_bind.sh
A	scripts/sha256.sh
A	scripts/sidecar/side_car_import.sh
A	scripts/sidecar/side_car_mint.sh
A	scripts/sidecar/side_car_verify.sh
A	scripts/signature/build_signature_rules.sh
A	scripts/signature/stamp_signature_rules_into_manifest.sh
A	scripts/signature/verify_signature_rules.sh
A	scripts/sigring/build_signature_ring.sh
A	scripts/sigring/init_keys.sh
A	scripts/sigring/stamp_signature_ring_into_manifest.sh
A	scripts/sigring/verify_signature_ring.sh
A	scripts/spec/consensus_gate.sh
A	scripts/spec/laurent_dual_precision.sh
A	scripts/spec/poison_check.sh
A	scripts/spec/poison_refresh.sh
A	scripts/spec/reciprocity_gate.sh
A	scripts/spec/redteam_spine.sh
A	scripts/spec/repro_matrix.sh
A	scripts/spec/spec_guard.sh
A	scripts/spec/triple_consensus.sh
A	scripts/spectral/sseq_build.sh
A	scripts/stamp_soliton_into_manifest.sh
A	scripts/stamp_tau_tanh_into_manifest.sh
A	scripts/tau_bin/stamp_bin_into_manifest.sh
A	scripts/tau_bin/tau_verify.sh
A	scripts/tau_verify.sh
A	scripts/timefold/capture_timefold.sh
A	scripts/timefold/stamp_timefold_into_manifest.sh
A	scripts/timefold/verify_timefold.sh
A	scripts/timestamp_validate.sh
A	scripts/tools/_cp_resid.awk
A	scripts/tools/_drop_contains.py
A	scripts/tools/_insert_after.py
A	scripts/tools/_insert_before.py
A	scripts/tools/_insert_laurent_compute.txt
A	scripts/tools/_insert_laurent_json.txt
A	scripts/tools/_repl.py
A	scripts/tools/cp_residual_symm_verifier.py
A	scripts/tools/cp_residual_symm_verifier.sh
A	scripts/tools/delta27_verifier.py
A	scripts/tools/ramanujan_stats.awk
A	scripts/tools/read_kv2.awk
A	scripts/tools/stamp_physics_into_manifest.sh
A	scripts/update_readme.sh
A	scripts/validate-config.sh
A	scripts/validate_input.sh
A	scripts/validation/_bootstrap_and_run.sh
A	scripts/validation/_util.sh
A	scripts/validation/ap_csv_from_work.sh
A	scripts/validation/assemble_run1_manifest.sh
A	scripts/validation/build_tau_reference.sh
A	scripts/validation/checks.sh
A	scripts/validation/count_ap.sh
A	scripts/validation/face_to_ap.sh
A	scripts/validation/face_to_ap_safe.sh
A	scripts/validation/fill_ap_from_tau_ref.sh
A	scripts/validation/guard_claim.sh
A	scripts/validation/inject_ap_tau.sh
A	scripts/validation/landmarks_to_r.sh
A	scripts/validation/landmarks_to_r_safe.sh
A	scripts/validation/make_minimal_receipt.sh
A	scripts/validation/make_synthetic_tsvs.sh
A	scripts/validation/pack_dataset.sh
A	scripts/validation/pack_witness.sh
A	scripts/validation/pack_witness_deterministic.sh
A	scripts/validation/pre_normalize.sh
A	scripts/validation/r_to_curve.sh
A	scripts/validation/receipt_ap_to_work.sh
A	scripts/validation/run_experiment.sh
A	scripts/validation/run_meaningfulness.sage
A	scripts/validation/run_nulls.py
A	scripts/validation/sign_dataset.sh
A	scripts/validation/sync_ap_from_tau_ref.sh
A	scripts/validation/tag_run.sh
A	scripts/validation/validate_face_tsvs.sh
A	scripts/verify-all.sh
A	scripts/verify_receipt.sh
A	scripts/verify_release_state.sh
A	scripts/witness/make_hash_statement.sh
A	scripts/zkdiff/baseline_capture.sh
A	scripts/zkdiff/prove_limited_change.sh
A	scripts/zkdiff/verify_limited_change.sh
A	sig.bin
A	site/_headers
A	site/_manifest.json
A	site/_redirects
A	site/assets/app.js
A	site/data/atlas.jsonl
A	site/index.html
A	spectral_kernel/.github/workflows/spectral.yml
A	spectral_kernel/.gitignore
A	spectral_kernel/Src/Spectral/Core.lean
A	spectral_kernel/Src/Spectral/face_plumbing.lean
A	spectral_kernel/Src/Spectral/plumbing.lean
A	spectral_kernel/_face_plumbing.err
A	spectral_kernel/_face_plumbing.out
A	spectral_kernel/_plumbing.err
A	spectral_kernel/_plumbing.log
A	spectral_kernel/_plumbing.out
A	spectral_kernel/draw.py
A	spectral_kernel/draw_cli.py
A	spectral_kernel/face_trace.json
A	spectral_kernel/face_trace.png
A	spectral_kernel/lakefile.lean
A	spectral_kernel/lean-toolchain
A	spectral_kernel/run_spectral.sh
A	spectral_kernel/trace.png
A	src/MorphoNet/__init__.py
A	src/MorphoNet/dataset.py
A	src/MorphoNet/fan.py
A	src/MorphoNet/tau_delta.py
A	src/Spectral/Core.lean
A	src/Spectral/Kernel/Minimal.lean
A	src/Spectral/face_plumbing.lean
A	src/Spectral/plumbing.lean
A	src/landmark2rational.rs
A	src/ramanujan/accel.rs
A	src/ramanujan/functor.rs
A	tmp_meta_fullscan/_normalize.sh
A	tmp_meta_fullscan/_sha256.sh
A	tmp_meta_fullscan/docker_receipt_label.sh
A	tmp_meta_fullscan/qr_witness.sh
A	tmp_meta_fullscan/seal_tarball_with_receipt.sh
A	tmp_meta_fullscan/sheaf_reflection.sh
A	tmp_meta_fullscan/stamp_sheaf_into_manifest.sh
A	tmp_meta_fullscan/tau_sheaf_reflect.sh
A	tmp_meta_fullscan/verify_docker_receipt_label.sh
A	tmp_meta_fullscan/verify_tarball_seal.sh
A	tmp_meta_recovered/_normalize.sh
A	tmp_meta_recovered/_sha256.sh
A	tmp_meta_recovered/docker_receipt_label.sh
A	tmp_meta_recovered/qr_witness.sh
A	tmp_meta_recovered/seal_tarball_with_receipt.sh
A	tmp_meta_recovered/sheaf_reflection.sh
A	tmp_meta_recovered/stamp_sheaf_into_manifest.sh
A	tmp_meta_recovered/tau_sheaf_reflect.sh
A	tmp_meta_recovered/verify_docker_receipt_label.sh
A	tmp_meta_recovered/verify_tarball_seal.sh
A	tmp_meta_restore/meta/_normalize.sh
A	tmp_meta_restore/meta/_sha256.sh
A	tmp_meta_restore/meta/docker_receipt_label.sh
A	tmp_meta_restore/meta/qr_witness.sh
A	tmp_meta_restore/meta/seal_tarball_with_receipt.sh
A	tmp_meta_restore/meta/sheaf_reflection.sh
A	tmp_meta_restore/meta/stamp_sheaf_into_manifest.sh
A	tmp_meta_restore/meta/tau_sheaf_reflect.sh
A	tmp_meta_restore/meta/verify_docker_receipt_label.sh
A	tmp_meta_restore/meta/verify_sheaf_digest.sh
A	tmp_meta_restore/meta/verify_tarball_seal.sh
A	tools/Auditor.lean
A	tools/CLI.lean
A	tools/CertGen.lean
A	tools/CertGen.lean.txt
A	tools/GPU.lean
A	tools/Json.lean
A	tools/Manifest.lean
A	tools/QCRO.lean
A	tools/Seal.lean
A	tools/TauEmit.lean
A	tools/offline_verifier/Cargo.toml
A	tools/offline_verifier/src/main.rs
A	tools/ps/draw_text.ps1
A	tools/soliton_envelope.py
A	tools/verify_linear.sh
A	tools/verify_one.sh
A	validation/keys/sig.bin
A	verify.cmd
M	scripts/flow/run_rgflow.sh
A	scripts/flow/run_rgflow.sh
A	scripts/flow/two_loop_solver.py
M	scripts/hw/ci_attest_capsule_p256.sh
M	scripts/hw/gen_device_key.sh
M	scripts/hw/mcu_sim.sh
M	scripts/ops/acceptance_check_openssl.sh
A	analysis/capsules/auto-20250922T220241Z/auto-20250922T220241Z.tar.gz
A	seller_ed25519.pub.pem
A	.github/workflows/tau_crystal.yml
A	analysis/capsules/auto-20250922T220241Z/auto-20250922T220241Z.receipt.json
A	analysis/capsules/auto-20250922T220241Z/auto-20250922T220241Z.tar.gz.sha256
A	docs/witness/auto-20250922T220241Z.affidavit.txt
A	docs/witness/auto-20250922T220241Z.hash.txt
A	scripts/hw/ci_attest_capsule_p256.sh
A	scripts/hw/gen_device_key.sh
A	scripts/hw/mcu_sim.sh
A	scripts/ops/acceptance_check_openssl.sh

== fs/mtime touched today (UTC) ==
2025-09-23T14:43:09Z C:\Users\Cody\Desktop\tau_crystal\tau_crystal\.tau_ledger\capsules\.tmp\verify.err
2025-09-23T14:43:09Z C:\Users\Cody\Desktop\tau_crystal\tau_crystal\.tau_ledger\capsules\.tmp\verify.out
2025-09-23T14:43:46Z C:\Users\Cody\Desktop\tau_crystal\tau_crystal\.gitattributes
2025-09-23T14:51:44Z C:\Users\Cody\Desktop\tau_crystal\tau_crystal\Tau\Flow\OneLoopRG.lean
2025-09-23T14:51:51Z C:\Users\Cody\Desktop\tau_crystal\tau_crystal\Tau\Flow\Scheduler.lean
2025-09-23T14:51:57Z C:\Users\Cody\Desktop\tau_crystal\tau_crystal\Tau\Distance\Fisher.lean
2025-09-23T14:52:28Z C:\Users\Cody\Desktop\tau_crystal\tau_crystal\docs\monographs\rg_flow.md
2025-09-23T14:52:38Z C:\Users\Cody\Desktop\tau_crystal\tau_crystal\.github\workflows\rgflow.yml
2025-09-23T14:53:41Z C:\Users\Cody\Desktop\tau_crystal\tau_crystal\.tau_ledger\capsules\patch_caps.awk
2025-09-23T14:56:33Z C:\Users\Cody\Desktop\tau_crystal\tau_crystal\.tau_ledger\rgflow\run.log
2025-09-23T15:04:57Z C:\Users\Cody\Desktop\tau_crystal\tau_crystal\.tau_ledger\capsules\progress.err
2025-09-23T15:04:57Z C:\Users\Cody\Desktop\tau_crystal\tau_crystal\.tau_ledger\capsules\progress.fixed.tsv
2025-09-23T15:04:57Z C:\Users\Cody\Desktop\tau_crystal\tau_crystal\.tau_ledger\capsules\progress.new.tsv
2025-09-23T15:10:36Z C:\Users\Cody\Desktop\tau_crystal\tau_crystal\.tau_ledger\capsules\index.norm.tsv
2025-09-23T15:10:39Z C:\Users\Cody\Desktop\tau_crystal\tau_crystal\.tau_ledger\capsules\.progress_hook.sh
2025-09-23T15:27:51Z C:\Users\Cody\Desktop\tau_crystal\tau_crystal\.tau_ledger\capsules\.wtmp\.norm.tsv
2025-09-23T15:27:51Z C:\Users\Cody\Desktop\tau_crystal\tau_crystal\.tau_ledger\capsules\index.sha256
2025-09-23T15:27:51Z C:\Users\Cody\Desktop\tau_crystal\tau_crystal\corridor\capsules\index.tsv
2025-09-23T15:27:54Z C:\Users\Cody\Desktop\tau_crystal\tau_crystal\analysis\progress.tsv
2025-09-23T15:38:07Z C:\Users\Cody\Desktop\tau_crystal\tau_crystal\analysis\capsules\auto-20250923T153800Z\auto-20250923T153800Z.tar.gz
2025-09-23T15:38:08Z C:\Users\Cody\Desktop\tau_crystal\tau_crystal\analysis\capsules\auto-20250923T153800Z\auto-20250923T153800Z.tar.gz.sha256
2025-09-23T15:38:08Z C:\Users\Cody\Desktop\tau_crystal\tau_crystal\analysis\capsules\auto-20250923T153800Z\manifest.json
2025-09-23T15:38:10Z C:\Users\Cody\Desktop\tau_crystal\tau_crystal\analysis\capsules\auto-20250923T153800Z\capsule.receipt.json
2025-09-23T15:49:31Z C:\Users\Cody\Desktop\tau_crystal\tau_crystal\.tau_ledger\capsules\.vtmp\.norm.tsv
2025-09-23T15:49:31Z C:\Users\Cody\Desktop\tau_crystal\tau_crystal\analysis\capsules\auto-20250923T154931Z\auto-20250923T154931Z.tar.gz
2025-09-23T15:49:32Z C:\Users\Cody\Desktop\tau_crystal\tau_crystal\analysis\capsules\auto-20250923T154931Z\auto-20250923T154931Z.tar.gz.sha256
2025-09-23T15:49:32Z C:\Users\Cody\Desktop\tau_crystal\tau_crystal\analysis\capsules\auto-20250923T154931Z\capsule.receipt.json
2025-09-23T15:49:32Z C:\Users\Cody\Desktop\tau_crystal\tau_crystal\analysis\capsules\auto-20250923T154931Z\manifest.json
2025-09-23T16:03:31Z C:\Users\Cody\Desktop\tau_crystal\tau_crystal\analysis\capsules\auto-20250922T220241Z\auto-20250922T220241Z.tar.gz
2025-09-23T16:07:59Z C:\Users\Cody\Desktop\tau_crystal\tau_crystal\.tau_ledger\logs\witness_20250923T160759Z.log
2025-09-23T16:10:47Z C:\Users\Cody\Desktop\tau_crystal\tau_crystal\.tau_ledger\logs\witness_20250923T161047Z.log
2025-09-23T16:10:47Z C:\Users\Cody\Desktop\tau_crystal\tau_crystal\docs\witness\auto-20250922T220241Z.hash.txt
2025-09-23T16:16:04Z C:\Users\Cody\Desktop\tau_crystal\tau_crystal\.tau_ledger\logs\accept_auto-20250922T220241Z_20250923T161604Z.log
2025-09-23T17:44:09Z C:\Users\Cody\Desktop\tau_crystal\tau_crystal\.tau_ledger\logs\accept_trace_auto-20250922T220241Z_20250923T174409Z.log
2025-09-23T17:58:13Z C:\Users\Cody\Desktop\tau_crystal\tau_crystal\analysis\capsules\auto-20250922T220241Z\auto-20250922T220241Z.tar.gz.sha256
2025-09-23T17:59:28Z C:\Users\Cody\Desktop\tau_crystal\tau_crystal\analysis\capsules\auto-20250922T220241Z\auto-20250922T220241Z.tar.gz.ed25519
2025-09-23T17:59:29Z C:\Users\Cody\Desktop\tau_crystal\tau_crystal\analysis\capsules\auto-20250922T220241Z\auto-20250922T220241Z.tar.gz.ed25519.b64
2025-09-23T17:59:36Z C:\Users\Cody\Desktop\tau_crystal\tau_crystal\analysis\capsules\auto-20250922T220241Z\auto-20250922T220241Z.receipt.json
2025-09-23T18:41:20Z C:\Users\Cody\Desktop\tau_crystal\tau_crystal\hw\keys\device_p256.key
2025-09-23T18:41:20Z C:\Users\Cody\Desktop\tau_crystal\tau_crystal\hw\keys\device_p256.pub.pem
2025-09-23T19:20:52Z C:\Users\Cody\Desktop\tau_crystal\tau_crystal\.tau_ledger\logs\ci_p256_20250923T192051Z.log
2025-09-23T19:22:36Z C:\Users\Cody\Desktop\tau_crystal\tau_crystal\scripts\hw\ci_attest_capsule_p256.sh.bak
2025-09-23T20:28:02Z C:\Users\Cody\Desktop\tau_crystal\tau_crystal\.vscode\settings.json
2025-09-23T20:28:14Z C:\Users\Cody\Desktop\tau_crystal\tau_crystal\.vscode\tasks.json
2025-09-23T20:28:16Z C:\Users\Cody\Desktop\tau_crystal\tau_crystal\.vscode\extensions.json
2025-09-23T20:28:18Z C:\Users\Cody\Desktop\tau_crystal\tau_crystal\.editorconfig
2025-09-23T20:33:45Z C:\Users\Cody\Desktop\tau_crystal\tau_crystal\.ci-ping
2025-09-23T20:34:34Z C:\Users\Cody\Desktop\tau_crystal\tau_crystal\.github\workflows\tau_crystal.yml
2025-09-23T20:35:10Z C:\Users\Cody\Desktop\tau_crystal\tau_crystal\.github\workflows\ci.yml
2025-09-23T20:37:34Z C:\Users\Cody\Desktop\tau_crystal\tau_crystal\seller_ed25519.pub.pem
2025-09-23T20:37:41Z C:\Users\Cody\Desktop\tau_crystal\tau_crystal\sig.bin
2025-09-23T20:55:23Z C:\Users\Cody\Desktop\tau_crystal\tau_crystal\analysis\inventory\lean_files.list
2025-09-23T20:55:27Z C:\Users\Cody\Desktop\tau_crystal\tau_crystal\analysis\inventory\lean_modules.tsv
2025-09-23T20:55:28Z C:\Users\Cody\Desktop\tau_crystal\tau_crystal\analysis\inventory\lean_module_count.txt
2025-09-23T20:58:15Z C:\Users\Cody\Desktop\tau_crystal\tau_crystal\analysis\inventory\lean_modules.ALL_TRACKED.tsv
2025-09-23T20:58:16Z C:\Users\Cody\Desktop\tau_crystal\tau_crystal\analysis\inventory\lean_module_count.ALL_TRACKED.txt
2025-09-23T20:58:21Z C:\Users\Cody\Desktop\tau_crystal\tau_crystal\analysis\inventory\lean_modules.ALL_TRACKED.with_loc.tsv
2025-09-23T20:58:22Z C:\Users\Cody\Desktop\tau_crystal\tau_crystal\analysis\inventory\lean_modules.ALL_TRACKED.summary.tsv
2025-09-23T21:00:52Z C:\Users\Cody\Desktop\tau_crystal\tau_crystal\.tau_ledger\logs\push_main_20250923T210048Z.log
2025-09-23T21:16:16Z C:\Users\Cody\Desktop\tau_crystal\tau_crystal\.git\logs\refs\heads\archive\2025-09-16-ghosts
2025-09-23T21:16:16Z C:\Users\Cody\Desktop\tau_crystal\tau_crystal\.git\logs\refs\heads\archive\backup-main-8afd567
2025-09-23T21:16:16Z C:\Users\Cody\Desktop\tau_crystal\tau_crystal\.git\logs\refs\heads\backup\main-8afd567
2025-09-23T21:16:16Z C:\Users\Cody\Desktop\tau_crystal\tau_crystal\.git\logs\refs\heads\backup\main-8d0d606
2025-09-23T21:16:16Z C:\Users\Cody\Desktop\tau_crystal\tau_crystal\.git\logs\refs\heads\chore\assumption-census-warn-only
2025-09-23T21:16:16Z C:\Users\Cody\Desktop\tau_crystal\tau_crystal\.git\logs\refs\heads\chore\boundary-warn-only
2025-09-23T21:16:16Z C:\Users\Cody\Desktop\tau_crystal\tau_crystal\.git\logs\refs\heads\chore\ci-ping
2025-09-23T21:16:16Z C:\Users\Cody\Desktop\tau_crystal\tau_crystal\.git\logs\refs\heads\chore\clean-for-marketplace
2025-09-23T21:16:16Z C:\Users\Cody\Desktop\tau_crystal\tau_crystal\.git\logs\refs\heads\chore\disable-smartcache-20250908-182948
2025-09-23T21:16:16Z C:\Users\Cody\Desktop\tau_crystal\tau_crystal\.git\logs\refs\heads\chore\ignore-bp-json
2025-09-23T21:16:16Z C:\Users\Cody\Desktop\tau_crystal\tau_crystal\.git\logs\refs\heads\chore\protection-smoke
2025-09-23T21:16:16Z C:\Users\Cody\Desktop\tau_crystal\tau_crystal\.git\logs\refs\heads\chore\purge-venv-and-tmp
2025-09-23T21:16:16Z C:\Users\Cody\Desktop\tau_crystal\tau_crystal\.git\logs\refs\heads\ci\receipt-path-filter
2025-09-23T21:16:16Z C:\Users\Cody\Desktop\tau_crystal\tau_crystal\.git\logs\refs\heads\clean-20250912-231857
2025-09-23T21:16:16Z C:\Users\Cody\Desktop\tau_crystal\tau_crystal\.git\logs\refs\heads\demo\cache-hit-20250908-191920
2025-09-23T21:16:16Z C:\Users\Cody\Desktop\tau_crystal\tau_crystal\.git\logs\refs\heads\docs\assure-badge
2025-09-23T21:16:16Z C:\Users\Cody\Desktop\tau_crystal\tau_crystal\.git\logs\refs\heads\docs\physics-reference
2025-09-23T21:16:16Z C:\Users\Cody\Desktop\tau_crystal\tau_crystal\.git\logs\refs\heads\docs\publish-monographs
2025-09-23T21:16:16Z C:\Users\Cody\Desktop\tau_crystal\tau_crystal\.git\logs\refs\heads\feat\energy-autofit
2025-09-23T21:16:16Z C:\Users\Cody\Desktop\tau_crystal\tau_crystal\.git\logs\refs\heads\feat\laurent
2025-09-23T21:16:16Z C:\Users\Cody\Desktop\tau_crystal\tau_crystal\.git\logs\refs\heads\feat\prime-smartcache-20250908-191920
2025-09-23T21:16:16Z C:\Users\Cody\Desktop\tau_crystal\tau_crystal\.git\logs\refs\heads\feat\promise-restore-20250908-191554
2025-09-23T21:16:16Z C:\Users\Cody\Desktop\tau_crystal\tau_crystal\.git\logs\refs\heads\feat\soliton-core
2025-09-23T21:16:16Z C:\Users\Cody\Desktop\tau_crystal\tau_crystal\.git\logs\refs\heads\feature\physics-calibrator
2025-09-23T21:16:16Z C:\Users\Cody\Desktop\tau_crystal\tau_crystal\.git\logs\refs\heads\feature\tau-crystal-fusion-full
2025-09-23T21:16:16Z C:\Users\Cody\Desktop\tau_crystal\tau_crystal\.git\logs\refs\heads\fix\docs-ci-from-main
2025-09-23T21:16:16Z C:\Users\Cody\Desktop\tau_crystal\tau_crystal\.git\logs\refs\heads\garden
2025-09-23T21:16:16Z C:\Users\Cody\Desktop\tau_crystal\tau_crystal\.git\logs\refs\heads\gh-pages
2025-09-23T21:16:16Z C:\Users\Cody\Desktop\tau_crystal\tau_crystal\.git\logs\refs\heads\inspect\stash-20250918-011909
2025-09-23T21:16:16Z C:\Users\Cody\Desktop\tau_crystal\tau_crystal\.git\logs\refs\heads\main
2025-09-23T21:16:16Z C:\Users\Cody\Desktop\tau_crystal\tau_crystal\.git\logs\refs\heads\master
2025-09-23T21:16:16Z C:\Users\Cody\Desktop\tau_crystal\tau_crystal\.git\logs\refs\heads\meta-restore
2025-09-23T21:16:16Z C:\Users\Cody\Desktop\tau_crystal\tau_crystal\.git\logs\refs\heads\polish\release-proof
2025-09-23T21:16:16Z C:\Users\Cody\Desktop\tau_crystal\tau_crystal\.git\logs\refs\heads\recover\23507e5b
2025-09-23T21:16:16Z C:\Users\Cody\Desktop\tau_crystal\tau_crystal\.git\logs\refs\heads\recover\80fa3fbb
2025-09-23T21:16:16Z C:\Users\Cody\Desktop\tau_crystal\tau_crystal\.git\logs\refs\heads\recover\8273eee0
2025-09-23T21:16:16Z C:\Users\Cody\Desktop\tau_crystal\tau_crystal\.git\logs\refs\heads\recover\e5aa1acd
2025-09-23T21:16:16Z C:\Users\Cody\Desktop\tau_crystal\tau_crystal\.git\logs\refs\heads\rescue-1757139579
2025-09-23T21:16:16Z C:\Users\Cody\Desktop\tau_crystal\tau_crystal\.git\logs\refs\heads\rescue-workflows-20250912-231836
2025-09-23T21:16:16Z C:\Users\Cody\Desktop\tau_crystal\tau_crystal\.git\logs\refs\heads\scratch\minimal-lake
2025-09-23T21:16:16Z C:\Users\Cody\Desktop\tau_crystal\tau_crystal\.git\logs\refs\heads\stamp-canonical-ci-20250915-102829
2025-09-23T21:16:16Z C:\Users\Cody\Desktop\tau_crystal\tau_crystal\.git\logs\refs\heads\tau-receipt-test
2025-09-23T21:16:16Z C:\Users\Cody\Desktop\tau_crystal\tau_crystal\.git\logs\refs\heads\towre676-cloud-patch-1
2025-09-23T21:16:16Z C:\Users\Cody\Desktop\tau_crystal\tau_crystal\.git\logs\refs\heads\v0
2025-09-23T21:16:16Z C:\Users\Cody\Desktop\tau_crystal\tau_crystal\.git\logs\refs\heads\wip\20250906-0143
2025-09-23T21:16:16Z C:\Users\Cody\Desktop\tau_crystal\tau_crystal\.git\logs\refs\heads\wip\20250906-0145
2025-09-23T21:16:16Z C:\Users\Cody\Desktop\tau_crystal\tau_crystal\.git\logs\refs\remotes\origin\gh-pages
2025-09-23T21:16:16Z C:\Users\Cody\Desktop\tau_crystal\tau_crystal\.git\logs\refs\remotes\origin\HEAD
2025-09-23T21:16:16Z C:\Users\Cody\Desktop\tau_crystal\tau_crystal\.git\logs\refs\remotes\origin\master
2025-09-23T21:16:16Z C:\Users\Cody\Desktop\tau_crystal\tau_crystal\.git\logs\refs\stash
2025-09-23T21:16:16Z C:\Users\Cody\Desktop\tau_crystal\tau_crystal\.git\packed-refs
2025-09-23T21:16:16Z C:\Users\Cody\Desktop\tau_crystal\tau_crystal\.git\worktrees\-garden\logs\HEAD
2025-09-23T21:16:16Z C:\Users\Cody\Desktop\tau_crystal\tau_crystal\.git\worktrees\museum-20250916041616\logs\HEAD
2025-09-23T21:16:16Z C:\Users\Cody\Desktop\tau_crystal\tau_crystal\.git\worktrees\tau_crystal_docsref\logs\HEAD
2025-09-23T21:16:44Z C:\Users\Cody\Desktop\tau_crystal\tau_crystal\.git\info\refs
2025-09-23T21:16:44Z C:\Users\Cody\Desktop\tau_crystal\tau_crystal\.git\objects\info\commit-graph
2025-09-23T21:16:44Z C:\Users\Cody\Desktop\tau_crystal\tau_crystal\.git\objects\info\packs
2025-09-23T21:16:44Z C:\Users\Cody\Desktop\tau_crystal\tau_crystal\.git\objects\pack\pack-bab9d6068760cc82e059104e3fb113f915bac9aa.idx
2025-09-23T21:16:44Z C:\Users\Cody\Desktop\tau_crystal\tau_crystal\.git\objects\pack\pack-bab9d6068760cc82e059104e3fb113f915bac9aa.rev
2025-09-23T21:18:05Z C:\Users\Cody\Desktop\tau_crystal\tau_crystal\analysis\inventory\.imports.tmp
2025-09-23T21:18:05Z C:\Users\Cody\Desktop\tau_crystal\tau_crystal\analysis\inventory\lean_files.ALL_TRACKED.list
2025-09-23T21:18:06Z C:\Users\Cody\Desktop\tau_crystal\tau_crystal\analysis\inventory\mathlib_imports.grep.txt
2025-09-23T21:18:08Z C:\Users\Cody\Desktop\tau_crystal\tau_crystal\analysis\inventory\mathlib_imports.count.txt
2025-09-23T21:18:08Z C:\Users\Cody\Desktop\tau_crystal\tau_crystal\analysis\inventory\mathlib_imports.per_file.tsv
2025-09-23T21:18:08Z C:\Users\Cody\Desktop\tau_crystal\tau_crystal\analysis\inventory\mathlib_imports.unique.tsv
2025-09-23T21:18:09Z C:\Users\Cody\Desktop\tau_crystal\tau_crystal\.git\logs\refs\heads\ci\actions
2025-09-23T21:18:09Z C:\Users\Cody\Desktop\tau_crystal\tau_crystal\.git\objects\0b\1bb925f7e5279f25558cea41c8c7a1fd4ef014
2025-09-23T21:18:09Z C:\Users\Cody\Desktop\tau_crystal\tau_crystal\.git\objects\43\e0dc915de581f8333ff096f990e96458b7bc13
2025-09-23T21:18:09Z C:\Users\Cody\Desktop\tau_crystal\tau_crystal\.git\objects\78\58409bd76d1f790ac4c5d97a77f4020c5f872f
2025-09-23T21:18:09Z C:\Users\Cody\Desktop\tau_crystal\tau_crystal\.git\objects\a5\a2f91bcc4b7ed1a8c5f41fb82ad0ff09ae05cf
2025-09-23T21:18:09Z C:\Users\Cody\Desktop\tau_crystal\tau_crystal\.git\refs\heads\ci\actions
2025-09-23T21:18:53Z C:\Users\Cody\Desktop\tau_crystal\tau_crystal\.git\logs\refs\heads\clean\history
2025-09-23T21:18:53Z C:\Users\Cody\Desktop\tau_crystal\tau_crystal\.git\refs\heads\clean\history
2025-09-23T21:21:43Z C:\Users\Cody\Desktop\tau_crystal\tau_crystal\.git\objects\1e\95b79ecbac4468aa3b6474db7f8774c1a2cb97
2025-09-23T21:21:43Z C:\Users\Cody\Desktop\tau_crystal\tau_crystal\.git\objects\20\972978515d577c5dcd639bda8dc6641933ff1c
2025-09-23T21:21:43Z C:\Users\Cody\Desktop\tau_crystal\tau_crystal\.git\objects\30\4203013830aa35b2501052ae68860ddc8d62cf
2025-09-23T21:21:43Z C:\Users\Cody\Desktop\tau_crystal\tau_crystal\.git\objects\b5\e601db0e7d2c29ab607f1ba51f7f9096f1644d
2025-09-23T21:21:43Z C:\Users\Cody\Desktop\tau_crystal\tau_crystal\.git\objects\c0\adf798e999e6398cbe7a45b0eec94d0f8ebf63
2025-09-23T21:21:43Z C:\Users\Cody\Desktop\tau_crystal\tau_crystal\.git\objects\c3\df0bfd04de36ea7545f0967dba12fce986aecf
2025-09-23T21:21:43Z C:\Users\Cody\Desktop\tau_crystal\tau_crystal\.git\objects\e6\c72dbf32c1eaf6483380c61e790b03308800c2
2025-09-23T21:21:43Z C:\Users\Cody\Desktop\tau_crystal\tau_crystal\.git\objects\e7\3d054ec470c8a0f640db9c416aa5091ab7b1ed
2025-09-23T21:21:43Z C:\Users\Cody\Desktop\tau_crystal\tau_crystal\.git\objects\ef\9aa10c95e1aa927e1119b05065b59eb566beeb
2025-09-23T21:21:52Z C:\Users\Cody\Desktop\tau_crystal\tau_crystal\.git\objects\b1\bb2fca2f2b6439632e42cdc283a641e0f87572
2025-09-23T21:23:35Z C:\Users\Cody\Desktop\tau_crystal\tau_crystal\analysis\inventory\lake_status.txt
2025-09-23T21:23:35Z C:\Users\Cody\Desktop\tau_crystal\tau_crystal\analysis\inventory\lean_path.json
2025-09-23T21:24:28Z C:\Users\Cody\Desktop\tau_crystal\tau_crystal\.git\objects\23\43293886ad599b1d12ade9d697f18c28525106
2025-09-23T21:24:28Z C:\Users\Cody\Desktop\tau_crystal\tau_crystal\.git\objects\58\73c0065e9bbf02f0d56d65186a833696d04441
2025-09-23T21:24:28Z C:\Users\Cody\Desktop\tau_crystal\tau_crystal\.git\objects\76\fc34b3ca4376ab927fdcf11c841b0e0ac05a60
2025-09-23T21:24:28Z C:\Users\Cody\Desktop\tau_crystal\tau_crystal\.git\objects\98\5f442c9a4c7380003fc510b5c2d9a80a8317e0
2025-09-23T21:24:28Z C:\Users\Cody\Desktop\tau_crystal\tau_crystal\.git\objects\a4\239c413fa6328c6c6598aa6c12c411890d3147
2025-09-23T21:25:11Z C:\Users\Cody\Desktop\tau_crystal\tau_crystal\analysis\inventory\lakefile.mathlib.grep.txt
2025-09-23T21:25:12Z C:\Users\Cody\Desktop\tau_crystal\tau_crystal\analysis\inventory\lake_packages.ls.txt
2025-09-23T21:27:56Z C:\Users\Cody\Desktop\tau_crystal\tau_crystal\analysis\inventory\mathlib.du.txt
2025-09-23T21:27:56Z C:\Users\Cody\Desktop\tau_crystal\tau_crystal\analysis\inventory\mathlib.log1.txt
2025-09-23T21:27:56Z C:\Users\Cody\Desktop\tau_crystal\tau_crystal\analysis\inventory\mathlib.remotes.txt
2025-09-23T21:27:57Z C:\Users\Cody\Desktop\tau_crystal\tau_crystal\analysis\inventory\mathlib.build.paths.txt
2025-09-23T21:28:26Z C:\Users\Cody\Desktop\tau_crystal\tau_crystal\analysis\inventory\mathlib.commit.txt
2025-09-23T21:28:27Z C:\Users\Cody\Desktop\tau_crystal\tau_crystal\analysis\inventory\mathlib.oleans.count.txt
2025-09-23T21:28:28Z C:\Users\Cody\Desktop\tau_crystal\tau_crystal\analysis\inventory\mathlib.oleans.head.txt
2025-09-23T21:28:30Z C:\Users\Cody\Desktop\tau_crystal\tau_crystal\analysis\inventory\mathlib.authored_imports.grep.txt
2025-09-23T21:32:23Z C:\Users\Cody\Desktop\tau_crystal\tau_crystal\analysis\inventory\mathlib.authored_imports.with_files.txt
2025-09-23T21:33:05Z C:\Users\Cody\Desktop\tau_crystal\tau_crystal\analysis\inventory\lean_files.ALL_ON_DISK.list
2025-09-23T21:33:22Z C:\Users\Cody\Desktop\tau_crystal\tau_crystal\.git\objects\12\605d2d20b888da1f8b9ec8c531a14d25a30abb
2025-09-23T21:33:22Z C:\Users\Cody\Desktop\tau_crystal\tau_crystal\.git\objects\ec\557a5419336e1027859e6f219c20a34c9f562e
2025-09-23T21:33:23Z C:\Users\Cody\Desktop\tau_crystal\tau_crystal\.git\objects\88\f4b4e0d162d69e88d99360f3da5dd014732f47
2025-09-23T21:33:23Z C:\Users\Cody\Desktop\tau_crystal\tau_crystal\.git\objects\cd\0f707202ddb1a4d8a9c8041cb1546f2ad25b43
2025-09-23T21:33:23Z C:\Users\Cody\Desktop\tau_crystal\tau_crystal\.git\objects\f4\d486323ddda06253628a275008ea77b71248e1
2025-09-23T21:40:10Z C:\Users\Cody\Desktop\tau_crystal\tau_crystal\analysis\inventory\mathlib.imports.ALL_ON_DISK.with_files.txt
2025-09-23T21:42:40Z C:\Users\Cody\Desktop\tau_crystal\tau_crystal\publish\auto-20250922T220241Z\acceptance_check_openssl.sh
2025-09-23T21:42:40Z C:\Users\Cody\Desktop\tau_crystal\tau_crystal\publish\auto-20250922T220241Z\auto-20250922T220241Z.receipt.json
2025-09-23T21:42:40Z C:\Users\Cody\Desktop\tau_crystal\tau_crystal\publish\auto-20250922T220241Z\auto-20250922T220241Z.tar.gz
2025-09-23T21:42:40Z C:\Users\Cody\Desktop\tau_crystal\tau_crystal\publish\auto-20250922T220241Z\auto-20250922T220241Z.tar.gz.sha256
2025-09-23T21:42:40Z C:\Users\Cody\Desktop\tau_crystal\tau_crystal\publish\auto-20250922T220241Z\seller_ed25519.pub.pem
2025-09-23T21:42:40Z C:\Users\Cody\Desktop\tau_crystal\tau_crystal\publish\auto-20250922T220241Z\VERIFY.txt
2025-09-23T21:50:02Z C:\Users\Cody\Desktop\tau_crystal\tau_crystal\scripts\flow\two_loop_solver.py
2025-09-23T21:50:09Z C:\Users\Cody\Desktop\tau_crystal\tau_crystal\.git\objects\cf\1805fdb007d9b72ac342dd0ed03b0f84baf669
2025-09-23T21:50:10Z C:\Users\Cody\Desktop\tau_crystal\tau_crystal\.git\objects\1e\8c243f9114f38e1c226d419b0075ac1e3cc54f
2025-09-23T21:50:10Z C:\Users\Cody\Desktop\tau_crystal\tau_crystal\.git\objects\27\9cfa066771846ebeec587053096173f873bf48
2025-09-23T21:50:10Z C:\Users\Cody\Desktop\tau_crystal\tau_crystal\.git\objects\ba\bed7e9f94e49f7819e795a91b8018f77697308
2025-09-23T21:50:10Z C:\Users\Cody\Desktop\tau_crystal\tau_crystal\.git\objects\d9\3ead02420fb56cb0b1065f1cf5d8151e5c9350
2025-09-23T21:50:56Z C:\Users\Cody\Desktop\tau_crystal\tau_crystal\docs\witness\auto-20250922T220241Z.affidavit.txt
2025-09-23T21:51:45Z C:\Users\Cody\Desktop\tau_crystal\tau_crystal\.tau_ledger\witness\jurisdictional\auto-20250922T220241Z.json
2025-09-23T21:57:24Z C:\Users\Cody\Desktop\tau_crystal\tau_crystal\scripts\flow\run_rgflow.bak
2025-09-23T21:59:57Z C:\Users\Cody\Desktop\tau_crystal\tau_crystal\.tau_ledger\rgflow\ts.txt
2025-09-23T21:59:58Z C:\Users\Cody\Desktop\tau_crystal\tau_crystal\.tau_ledger\rgflow\receipt.sha256
2025-09-23T21:59:58Z C:\Users\Cody\Desktop\tau_crystal\tau_crystal\.tau_ledger\rgflow\receipt.tsv
2025-09-23T22:00:00Z C:\Users\Cody\Desktop\tau_crystal\tau_crystal\.git\objects\0f\74644b2f557b62405533db296545fb7d2f97ad
2025-09-23T22:00:00Z C:\Users\Cody\Desktop\tau_crystal\tau_crystal\.git\objects\12\7b5b56411356bfcf295ac1264eac6809706313
2025-09-23T22:00:00Z C:\Users\Cody\Desktop\tau_crystal\tau_crystal\.git\objects\ac\66c7dbd547e3d2bfee2e6e391688544ea40ebb
2025-09-23T22:00:00Z C:\Users\Cody\Desktop\tau_crystal\tau_crystal\.git\objects\bd\38aece343cb070b9bff3a9bc3f293cc08e5437
2025-09-23T22:31:21Z C:\Users\Cody\Desktop\tau_crystal\tau_crystal\sales\kits\anthropic_brian\docs\PORTING.md
2025-09-23T22:31:21Z C:\Users\Cody\Desktop\tau_crystal\tau_crystal\sales\kits\anthropic_brian\email_pitch.txt
2025-09-23T22:31:21Z C:\Users\Cody\Desktop\tau_crystal\tau_crystal\sales\kits\anthropic_brian\ledger\affidavit.ledger.json
2025-09-23T22:31:21Z C:\Users\Cody\Desktop\tau_crystal\tau_crystal\sales\kits\anthropic_brian\ledger\receipt.json
2025-09-23T22:31:21Z C:\Users\Cody\Desktop\tau_crystal\tau_crystal\sales\kits\anthropic_brian\ledger\receipt.sig
2025-09-23T22:31:21Z C:\Users\Cody\Desktop\tau_crystal\tau_crystal\sales\kits\anthropic_brian\README.txt
2025-09-23T22:31:21Z C:\Users\Cody\Desktop\tau_crystal\tau_crystal\sales\kits\anthropic_brian\VERIFY.txt
2025-09-23T22:31:22Z C:\Users\Cody\Desktop\tau_crystal\tau_crystal\sales\kits\databricks_janet\docs\PORTING.md
2025-09-23T22:31:22Z C:\Users\Cody\Desktop\tau_crystal\tau_crystal\sales\kits\databricks_janet\email_pitch.txt
2025-09-23T22:31:22Z C:\Users\Cody\Desktop\tau_crystal\tau_crystal\sales\kits\databricks_janet\ledger\affidavit.ledger.json
2025-09-23T22:31:22Z C:\Users\Cody\Desktop\tau_crystal\tau_crystal\sales\kits\databricks_janet\ledger\receipt.json
2025-09-23T22:31:22Z C:\Users\Cody\Desktop\tau_crystal\tau_crystal\sales\kits\databricks_janet\ledger\receipt.sig
2025-09-23T22:31:22Z C:\Users\Cody\Desktop\tau_crystal\tau_crystal\sales\kits\databricks_janet\README.txt
2025-09-23T22:31:22Z C:\Users\Cody\Desktop\tau_crystal\tau_crystal\sales\kits\databricks_janet\VERIFY.txt
2025-09-23T22:31:22Z C:\Users\Cody\Desktop\tau_crystal\tau_crystal\sales\kits\harvard_karina\docs\PORTING.md
2025-09-23T22:31:22Z C:\Users\Cody\Desktop\tau_crystal\tau_crystal\sales\kits\harvard_karina\email_pitch.txt
2025-09-23T22:31:22Z C:\Users\Cody\Desktop\tau_crystal\tau_crystal\sales\kits\harvard_karina\ledger\affidavit.ledger.json
2025-09-23T22:31:22Z C:\Users\Cody\Desktop\tau_crystal\tau_crystal\sales\kits\harvard_karina\ledger\receipt.json
2025-09-23T22:31:22Z C:\Users\Cody\Desktop\tau_crystal\tau_crystal\sales\kits\harvard_karina\ledger\receipt.sig
2025-09-23T22:31:22Z C:\Users\Cody\Desktop\tau_crystal\tau_crystal\sales\kits\harvard_karina\README.txt
2025-09-23T22:31:22Z C:\Users\Cody\Desktop\tau_crystal\tau_crystal\sales\kits\harvard_karina\VERIFY.txt
2025-09-23T22:31:22Z C:\Users\Cody\Desktop\tau_crystal\tau_crystal\sales\kits\matt_rickard\docs\PORTING.md
2025-09-23T22:31:22Z C:\Users\Cody\Desktop\tau_crystal\tau_crystal\sales\kits\matt_rickard\email_pitch.txt
2025-09-23T22:31:22Z C:\Users\Cody\Desktop\tau_crystal\tau_crystal\sales\kits\matt_rickard\ledger\affidavit.ledger.json
2025-09-23T22:31:22Z C:\Users\Cody\Desktop\tau_crystal\tau_crystal\sales\kits\matt_rickard\ledger\receipt.json
2025-09-23T22:31:22Z C:\Users\Cody\Desktop\tau_crystal\tau_crystal\sales\kits\matt_rickard\ledger\receipt.sig
2025-09-23T22:31:22Z C:\Users\Cody\Desktop\tau_crystal\tau_crystal\sales\kits\matt_rickard\README.txt
2025-09-23T22:31:22Z C:\Users\Cody\Desktop\tau_crystal\tau_crystal\sales\kits\matt_rickard\VERIFY.txt
2025-09-23T22:31:22Z C:\Users\Cody\Desktop\tau_crystal\tau_crystal\sales\kits\openai_ken\docs\PORTING.md
2025-09-23T22:31:22Z C:\Users\Cody\Desktop\tau_crystal\tau_crystal\sales\kits\openai_ken\email_pitch.txt
2025-09-23T22:31:22Z C:\Users\Cody\Desktop\tau_crystal\tau_crystal\sales\kits\openai_ken\ledger\affidavit.ledger.json
2025-09-23T22:31:22Z C:\Users\Cody\Desktop\tau_crystal\tau_crystal\sales\kits\openai_ken\ledger\receipt.json
2025-09-23T22:31:22Z C:\Users\Cody\Desktop\tau_crystal\tau_crystal\sales\kits\openai_ken\ledger\receipt.sig
2025-09-23T22:31:22Z C:\Users\Cody\Desktop\tau_crystal\tau_crystal\sales\kits\openai_ken\README.txt
2025-09-23T22:31:22Z C:\Users\Cody\Desktop\tau_crystal\tau_crystal\sales\kits\openai_ken\VERIFY.txt
2025-09-23T22:31:23Z C:\Users\Cody\Desktop\tau_crystal\tau_crystal\sales\kits\rebecca_rivers\docs\PORTING.md
2025-09-23T22:31:23Z C:\Users\Cody\Desktop\tau_crystal\tau_crystal\sales\kits\rebecca_rivers\email_pitch.txt
2025-09-23T22:31:23Z C:\Users\Cody\Desktop\tau_crystal\tau_crystal\sales\kits\rebecca_rivers\ledger\affidavit.ledger.json
2025-09-23T22:31:23Z C:\Users\Cody\Desktop\tau_crystal\tau_crystal\sales\kits\rebecca_rivers\ledger\receipt.json
2025-09-23T22:31:23Z C:\Users\Cody\Desktop\tau_crystal\tau_crystal\sales\kits\rebecca_rivers\ledger\receipt.sig
2025-09-23T22:31:23Z C:\Users\Cody\Desktop\tau_crystal\tau_crystal\sales\kits\rebecca_rivers\README.txt
2025-09-23T22:31:23Z C:\Users\Cody\Desktop\tau_crystal\tau_crystal\sales\kits\rebecca_rivers\VERIFY.txt
2025-09-23T22:31:23Z C:\Users\Cody\Desktop\tau_crystal\tau_crystal\sales\kits\tinycorp_george\docs\PORTING.md
2025-09-23T22:31:23Z C:\Users\Cody\Desktop\tau_crystal\tau_crystal\sales\kits\tinycorp_george\email_pitch.txt
2025-09-23T22:31:23Z C:\Users\Cody\Desktop\tau_crystal\tau_crystal\sales\kits\tinycorp_george\ledger\affidavit.ledger.json
2025-09-23T22:31:23Z C:\Users\Cody\Desktop\tau_crystal\tau_crystal\sales\kits\tinycorp_george\ledger\receipt.json
2025-09-23T22:31:23Z C:\Users\Cody\Desktop\tau_crystal\tau_crystal\sales\kits\tinycorp_george\ledger\receipt.sig
2025-09-23T22:31:23Z C:\Users\Cody\Desktop\tau_crystal\tau_crystal\sales\kits\tinycorp_george\README.txt
2025-09-23T22:31:23Z C:\Users\Cody\Desktop\tau_crystal\tau_crystal\sales\kits\tinycorp_george\VERIFY.txt
2025-09-23T22:31:24Z C:\Users\Cody\Desktop\tau_crystal\tau_crystal\keys\public_key.pem
2025-09-23T22:31:25Z C:\Users\Cody\Desktop\tau_crystal\tau_crystal\.tau_ledger\kits\build_20250923T223116Z.json
2025-09-23T22:31:28Z C:\Users\Cody\Desktop\tau_crystal\tau_crystal\.git\objects\08\00438721edac7b11809410fcfb6fbd64044245
2025-09-23T22:31:28Z C:\Users\Cody\Desktop\tau_crystal\tau_crystal\.git\objects\21\979ca4452d5f6c781bb394484ad58a825a997f
2025-09-23T22:31:28Z C:\Users\Cody\Desktop\tau_crystal\tau_crystal\.git\objects\63\35bbbf5ebac847ff79e3ac0ecee39af41b0174
2025-09-23T22:31:28Z C:\Users\Cody\Desktop\tau_crystal\tau_crystal\.git\objects\99\56928152670ff688b4beec68d232161b139df0
2025-09-23T22:31:28Z C:\Users\Cody\Desktop\tau_crystal\tau_crystal\.git\objects\b8\b8a8d728ff468bb852f1a645d42bac00be75bd
2025-09-23T22:31:28Z C:\Users\Cody\Desktop\tau_crystal\tau_crystal\.git\objects\c1\6e1ea457a2d6eb598ee0c760183ca278974c70
2025-09-23T22:31:28Z C:\Users\Cody\Desktop\tau_crystal\tau_crystal\.git\objects\c7\1e20cf352370bbc37c27e8a78f8ea58456a561
2025-09-23T22:31:28Z C:\Users\Cody\Desktop\tau_crystal\tau_crystal\.git\objects\e1\7a360f37809350ab2bf3b6aa95aadddfa16f85
2025-09-23T22:31:29Z C:\Users\Cody\Desktop\tau_crystal\tau_crystal\.git\logs\refs\heads\ci\light
2025-09-23T22:31:29Z C:\Users\Cody\Desktop\tau_crystal\tau_crystal\.git\objects\00\f074ad7f4a0c2dfe72c7883243aa784c28ba65
2025-09-23T22:31:29Z C:\Users\Cody\Desktop\tau_crystal\tau_crystal\.git\objects\11\e03825a44a4f3cd3c850c62c55ac9d26fac4d0
2025-09-23T22:31:29Z C:\Users\Cody\Desktop\tau_crystal\tau_crystal\.git\objects\1a\de828f7fd530af47ef0b1f0280ec746ef02a63
2025-09-23T22:31:29Z C:\Users\Cody\Desktop\tau_crystal\tau_crystal\.git\objects\20\dbf98da23861962d3c4fe8669d8f3dd622ca57
2025-09-23T22:31:29Z C:\Users\Cody\Desktop\tau_crystal\tau_crystal\.git\objects\22\1d78258d7350612060904b2d47e22ebf48d4cb
2025-09-23T22:31:29Z C:\Users\Cody\Desktop\tau_crystal\tau_crystal\.git\objects\22\f224ca519ff79672b77c87544f35f9243a4df2
2025-09-23T22:31:29Z C:\Users\Cody\Desktop\tau_crystal\tau_crystal\.git\objects\2b\35171f62696bf58be49c608f4e854912da479d
2025-09-23T22:31:29Z C:\Users\Cody\Desktop\tau_crystal\tau_crystal\.git\objects\37\7eb3446df0167cd6796dd3180172e0efab9e19
2025-09-23T22:31:29Z C:\Users\Cody\Desktop\tau_crystal\tau_crystal\.git\objects\4d\27e665a1e04751c02d8b3534b179266bed440a
2025-09-23T22:31:29Z C:\Users\Cody\Desktop\tau_crystal\tau_crystal\.git\objects\52\85ae872bb8390f879fe22ae21a488be45e2291
2025-09-23T22:31:29Z C:\Users\Cody\Desktop\tau_crystal\tau_crystal\.git\objects\58\dd34e38648b83dff12a88d3528617d01c90475
2025-09-23T22:31:29Z C:\Users\Cody\Desktop\tau_crystal\tau_crystal\.git\objects\5b\3cad3cd115e904aa548b242bd15cd07494a950
2025-09-23T22:31:29Z C:\Users\Cody\Desktop\tau_crystal\tau_crystal\.git\objects\61\2e81a846acb2c211790ad35ac3224f9c7c2eb0
2025-09-23T22:31:29Z C:\Users\Cody\Desktop\tau_crystal\tau_crystal\.git\objects\65\97b97b3dbe5796cadb4003d966b825d264f699
2025-09-23T22:31:29Z C:\Users\Cody\Desktop\tau_crystal\tau_crystal\.git\objects\65\c36170474b3244221430bb33996ab9754bc6bb
2025-09-23T22:31:29Z C:\Users\Cody\Desktop\tau_crystal\tau_crystal\.git\objects\70\a278ca6299659f040c3e9f7612b88246101c7b
2025-09-23T22:31:29Z C:\Users\Cody\Desktop\tau_crystal\tau_crystal\.git\objects\7c\56cfc825dd0fe5ac8f2f8d74ddafeb8867d606
2025-09-23T22:31:29Z C:\Users\Cody\Desktop\tau_crystal\tau_crystal\.git\objects\89\d6117071691cb3bff6f1ab052633f4ec459ace
2025-09-23T22:31:29Z C:\Users\Cody\Desktop\tau_crystal\tau_crystal\.git\objects\8f\0b7142284ddffa924ead5999aa8db19f35d588
2025-09-23T22:31:29Z C:\Users\Cody\Desktop\tau_crystal\tau_crystal\.git\objects\9f\860b47575b2c02d5314604fc95c5eee524112c
2025-09-23T22:31:29Z C:\Users\Cody\Desktop\tau_crystal\tau_crystal\.git\objects\a1\ceea0477b659155ea4b0a2eb342c46080c8ea2
2025-09-23T22:31:29Z C:\Users\Cody\Desktop\tau_crystal\tau_crystal\.git\objects\a4\e3c8043cc65b52a59e26802167312368da4e99
2025-09-23T22:31:29Z C:\Users\Cody\Desktop\tau_crystal\tau_crystal\.git\objects\a5\4ac7d6904ee27a8167d36c21ccb02644258fd0
2025-09-23T22:31:29Z C:\Users\Cody\Desktop\tau_crystal\tau_crystal\.git\objects\a8\a11362aee6ac73a5b80fc313fa2585b74c56be
2025-09-23T22:31:29Z C:\Users\Cody\Desktop\tau_crystal\tau_crystal\.git\objects\a8\c63d91aea98f3dda760a2297f46ccbe4d61d6e
2025-09-23T22:31:29Z C:\Users\Cody\Desktop\tau_crystal\tau_crystal\.git\objects\b4\70bfd1c239eea46ed0d5826a178645e29fc6ad
2025-09-23T22:31:29Z C:\Users\Cody\Desktop\tau_crystal\tau_crystal\.git\objects\b4\dc676190e7481fb1948136cb275f9b95a4d33c
2025-09-23T22:31:29Z C:\Users\Cody\Desktop\tau_crystal\tau_crystal\.git\objects\ba\501bb2a5d1f31711ff3740c116ab3d4ccd6ff1
2025-09-23T22:31:29Z C:\Users\Cody\Desktop\tau_crystal\tau_crystal\.git\objects\c4\5d7886e00ec0945a81a714a824ff8556b99714
2025-09-23T22:31:29Z C:\Users\Cody\Desktop\tau_crystal\tau_crystal\.git\objects\c7\43e9a41f48588098b6df20ea2906ff6fc45f47
2025-09-23T22:31:29Z C:\Users\Cody\Desktop\tau_crystal\tau_crystal\.git\objects\c9\0cc9600407a48cf58d0114153d3a370bf36c60
2025-09-23T22:31:29Z C:\Users\Cody\Desktop\tau_crystal\tau_crystal\.git\objects\d8\8de37b912e8015700dd53867cc4f77a9fdae03
2025-09-23T22:31:29Z C:\Users\Cody\Desktop\tau_crystal\tau_crystal\.git\objects\da\37c5859ca6dfcb0c03f217eb32dbcd5c7669f1
2025-09-23T22:31:29Z C:\Users\Cody\Desktop\tau_crystal\tau_crystal\.git\objects\dc\29598fbf01e86557838819dfb587dba568b165
2025-09-23T22:31:29Z C:\Users\Cody\Desktop\tau_crystal\tau_crystal\.git\objects\e0\43145330eb9ce96bca53aef4b2811d9e45e50e
2025-09-23T22:31:29Z C:\Users\Cody\Desktop\tau_crystal\tau_crystal\.git\objects\e1\304011294c228d46fac8abb97ed6c07f96a7d0
2025-09-23T22:31:29Z C:\Users\Cody\Desktop\tau_crystal\tau_crystal\.git\objects\e6\b18fa6e2012ccf223b8097db9196ad2aaa69f6
2025-09-23T22:31:29Z C:\Users\Cody\Desktop\tau_crystal\tau_crystal\.git\objects\fb\1586cd1c66a3377ff774b9a174d1ad95cee6ba
2025-09-23T22:31:29Z C:\Users\Cody\Desktop\tau_crystal\tau_crystal\.git\objects\fc\1c23fc1db53df0308d3c3d476d9c4fb352196b
2025-09-23T22:31:29Z C:\Users\Cody\Desktop\tau_crystal\tau_crystal\.git\objects\fd\4ac824af84fc9b835df41a22768899ead616fa
2025-09-23T22:31:29Z C:\Users\Cody\Desktop\tau_crystal\tau_crystal\.git\objects\fe\c048c2229bd71a47e509f5dacac6a7de260bee
2025-09-23T22:31:29Z C:\Users\Cody\Desktop\tau_crystal\tau_crystal\.git\refs\heads\ci\light
2025-09-23T22:31:44Z C:\Users\Cody\Desktop\tau_crystal\tau_crystal\.git\logs\refs\remotes\origin\ci\light
2025-09-23T22:31:44Z C:\Users\Cody\Desktop\tau_crystal\tau_crystal\.git\refs\remotes\origin\ci\light
2025-09-24T14:04:05Z C:\Users\Cody\Desktop\tau_crystal\tau_crystal\analysis\capsules\demo_capsule_20250924T140404Z\payload\data.json
2025-09-24T14:04:05Z C:\Users\Cody\Desktop\tau_crystal\tau_crystal\analysis\capsules\demo_capsule_20250924T140404Z\payload\readme.txt
2025-09-24T14:05:55Z C:\Users\Cody\Desktop\tau_crystal\tau_crystal\analysis\capsules\demo_capsule_20250924T140554Z\payload\data.json
2025-09-24T14:05:55Z C:\Users\Cody\Desktop\tau_crystal\tau_crystal\analysis\capsules\demo_capsule_20250924T140554Z\payload\readme.txt
2025-09-24T14:05:57Z C:\Users\Cody\Desktop\tau_crystal\tau_crystal\analysis\capsules\demo_capsule_20250924T140554Z\demo_capsule_20250924T140554Z.zip
2025-09-24T14:06:27Z C:\Users\Cody\Desktop\tau_crystal\tau_crystal\analysis\capsules\demo_capsule_20250924T140554Z\receipt.json
2025-09-24T14:06:35Z C:\Users\Cody\Desktop\tau_crystal\tau_crystal\.secrets\public_key.pem
2025-09-24T14:06:35Z C:\Users\Cody\Desktop\tau_crystal\tau_crystal\.secrets\signing_key.pem
2025-09-24T14:06:36Z C:\Users\Cody\Desktop\tau_crystal\tau_crystal\analysis\capsules\demo_capsule_20250924T140554Z\receipt.sig
2025-09-24T14:06:46Z C:\Users\Cody\Desktop\tau_crystal\tau_crystal\analysis\capsules\demo_capsule_20250924T140554Z\demo_capsule_20250924T140554Z_affidavit.txt
2025-09-24T14:07:57Z C:\Users\Cody\Desktop\tau_crystal\tau_crystal\.gitignore
2025-09-24T14:08:08Z C:\Users\Cody\Desktop\tau_crystal\tau_crystal\analysis\capsules\demo_capsule_20250924T140554Z\VERIFY.txt
2025-09-24T14:08:22Z C:\Users\Cody\Desktop\tau_crystal\tau_crystal\.git\objects\13\0d343713c0a5bf0d7944a0ee870035e29e349f
2025-09-24T14:08:22Z C:\Users\Cody\Desktop\tau_crystal\tau_crystal\.git\objects\cc\aaa266abb2c959da23109a636eae208372d054
2025-09-24T14:08:22Z C:\Users\Cody\Desktop\tau_crystal\tau_crystal\.git\objects\da\7ed165353a433f3083cd5a035ac9e8dda0dd59
2025-09-24T14:08:22Z C:\Users\Cody\Desktop\tau_crystal\tau_crystal\.git\objects\e0\64270024140bdf50d5ceb0d693fcbf173ff075
2025-09-24T14:08:22Z C:\Users\Cody\Desktop\tau_crystal\tau_crystal\.git\objects\e8\aec73ec2f7223379d32074e6b70c8120264844
2025-09-24T14:21:17Z C:\Users\Cody\Desktop\tau_crystal\tau_crystal\analysis\capsules\demo_capsule_20250924T140554Z\pubkey.pem
2025-09-24T14:21:19Z C:\Users\Cody\Desktop\tau_crystal\tau_crystal\analysis\capsules\demo_capsule_20250924T140554Z\demo_capsule_20250924T140554Z.zip.sha256
2025-09-24T14:21:19Z C:\Users\Cody\Desktop\tau_crystal\tau_crystal\analysis\publish\demo_capsule_20250924T140554Z_bundle.zip
2025-09-24T14:21:30Z C:\Users\Cody\Desktop\tau_crystal\tau_crystal\.git\objects\3f\4e7dde6fb95bc499b490d77eec27d5d3c07828
2025-09-24T14:21:30Z C:\Users\Cody\Desktop\tau_crystal\tau_crystal\.git\refs\tags\capsule-demo_capsule_20250924T140554Z
2025-09-24T14:29:48Z C:\Users\Cody\Desktop\tau_crystal\tau_crystal\README.md
2025-09-24T14:29:49Z C:\Users\Cody\Desktop\tau_crystal\tau_crystal\.git\objects\e3\56b735256a9112308a38045d91f12d36521d74
2025-09-24T14:29:49Z C:\Users\Cody\Desktop\tau_crystal\tau_crystal\.git\objects\fd\2521b97dfd0ecc7ef870c5a796b2f63f7c99c3
2025-09-24T16:50:25Z C:\Users\Cody\Desktop\tau_crystal\tau_crystal\mobile\android\comcapsule\gradle\wrapper\gradle-wrapper.jar
2025-09-24T16:50:25Z C:\Users\Cody\Desktop\tau_crystal\tau_crystal\mobile\android\comcapsule\gradlew.bat
2025-09-24T16:50:25Z C:\Users\Cody\Desktop\tau_crystal\tau_crystal\mobile\android\comcapsule\local.properties
2025-09-24T16:50:26Z C:\Users\Cody\Desktop\tau_crystal\tau_crystal\mobile\android\comcapsule\app\.gitignore
2025-09-24T16:50:26Z C:\Users\Cody\Desktop\tau_crystal\tau_crystal\mobile\android\comcapsule\app\build\intermediates\packaged_res\debug\packageDebugResources\mipmap-hdpi-v4\ic_launcher.webp
2025-09-24T16:50:26Z C:\Users\Cody\Desktop\tau_crystal\tau_crystal\mobile\android\comcapsule\app\build\intermediates\packaged_res\debug\packageDebugResources\mipmap-hdpi-v4\ic_launcher_round.webp
2025-09-24T16:50:26Z C:\Users\Cody\Desktop\tau_crystal\tau_crystal\mobile\android\comcapsule\app\build\intermediates\packaged_res\debug\packageDebugResources\mipmap-mdpi-v4\ic_launcher.webp
2025-09-24T16:50:26Z C:\Users\Cody\Desktop\tau_crystal\tau_crystal\mobile\android\comcapsule\app\build\intermediates\packaged_res\debug\packageDebugResources\mipmap-mdpi-v4\ic_launcher_round.webp
2025-09-24T16:50:26Z C:\Users\Cody\Desktop\tau_crystal\tau_crystal\mobile\android\comcapsule\app\build\intermediates\packaged_res\debug\packageDebugResources\mipmap-xhdpi-v4\ic_launcher.webp
2025-09-24T16:50:26Z C:\Users\Cody\Desktop\tau_crystal\tau_crystal\mobile\android\comcapsule\app\build\intermediates\packaged_res\debug\packageDebugResources\mipmap-xhdpi-v4\ic_launcher_round.webp
2025-09-24T16:50:26Z C:\Users\Cody\Desktop\tau_crystal\tau_crystal\mobile\android\comcapsule\app\build\intermediates\packaged_res\debug\packageDebugResources\mipmap-xxhdpi-v4\ic_launcher.webp
2025-09-24T16:50:26Z C:\Users\Cody\Desktop\tau_crystal\tau_crystal\mobile\android\comcapsule\app\build\intermediates\packaged_res\debug\packageDebugResources\mipmap-xxhdpi-v4\ic_launcher_round.webp
2025-09-24T16:50:26Z C:\Users\Cody\Desktop\tau_crystal\tau_crystal\mobile\android\comcapsule\app\build\intermediates\packaged_res\debug\packageDebugResources\mipmap-xxxhdpi-v4\ic_launcher.webp
2025-09-24T16:50:26Z C:\Users\Cody\Desktop\tau_crystal\tau_crystal\mobile\android\comcapsule\app\build\intermediates\packaged_res\debug\packageDebugResources\mipmap-xxxhdpi-v4\ic_launcher_round.webp
2025-09-24T16:50:26Z C:\Users\Cody\Desktop\tau_crystal\tau_crystal\mobile\android\comcapsule\app\build\intermediates\packaged_res\release\packageReleaseResources\mipmap-hdpi-v4\ic_launcher.webp
2025-09-24T16:50:26Z C:\Users\Cody\Desktop\tau_crystal\tau_crystal\mobile\android\comcapsule\app\build\intermediates\packaged_res\release\packageReleaseResources\mipmap-hdpi-v4\ic_launcher_round.webp
2025-09-24T16:50:26Z C:\Users\Cody\Desktop\tau_crystal\tau_crystal\mobile\android\comcapsule\app\build\intermediates\packaged_res\release\packageReleaseResources\mipmap-mdpi-v4\ic_launcher.webp
2025-09-24T16:50:26Z C:\Users\Cody\Desktop\tau_crystal\tau_crystal\mobile\android\comcapsule\app\build\intermediates\packaged_res\release\packageReleaseResources\mipmap-mdpi-v4\ic_launcher_round.webp
2025-09-24T16:50:26Z C:\Users\Cody\Desktop\tau_crystal\tau_crystal\mobile\android\comcapsule\app\build\intermediates\packaged_res\release\packageReleaseResources\mipmap-xhdpi-v4\ic_launcher.webp
2025-09-24T16:50:26Z C:\Users\Cody\Desktop\tau_crystal\tau_crystal\mobile\android\comcapsule\app\build\intermediates\packaged_res\release\packageReleaseResources\mipmap-xhdpi-v4\ic_launcher_round.webp
2025-09-24T16:50:26Z C:\Users\Cody\Desktop\tau_crystal\tau_crystal\mobile\android\comcapsule\app\build\intermediates\packaged_res\release\packageReleaseResources\mipmap-xxhdpi-v4\ic_launcher.webp
2025-09-24T16:50:26Z C:\Users\Cody\Desktop\tau_crystal\tau_crystal\mobile\android\comcapsule\app\build\intermediates\packaged_res\release\packageReleaseResources\mipmap-xxhdpi-v4\ic_launcher_round.webp
2025-09-24T16:50:26Z C:\Users\Cody\Desktop\tau_crystal\tau_crystal\mobile\android\comcapsule\app\build\intermediates\packaged_res\release\packageReleaseResources\mipmap-xxxhdpi-v4\ic_launcher.webp
2025-09-24T16:50:26Z C:\Users\Cody\Desktop\tau_crystal\tau_crystal\mobile\android\comcapsule\app\build\intermediates\packaged_res\release\packageReleaseResources\mipmap-xxxhdpi-v4\ic_launcher_round.webp
2025-09-24T16:50:26Z C:\Users\Cody\Desktop\tau_crystal\tau_crystal\mobile\android\comcapsule\app\proguard-rules.pro
2025-09-24T16:50:26Z C:\Users\Cody\Desktop\tau_crystal\tau_crystal\mobile\android\comcapsule\app\src\main\res\mipmap-hdpi\ic_launcher.webp
2025-09-24T16:50:26Z C:\Users\Cody\Desktop\tau_crystal\tau_crystal\mobile\android\comcapsule\app\src\main\res\mipmap-hdpi\ic_launcher_round.webp
2025-09-24T16:50:26Z C:\Users\Cody\Desktop\tau_crystal\tau_crystal\mobile\android\comcapsule\app\src\main\res\mipmap-mdpi\ic_launcher.webp
2025-09-24T16:50:26Z C:\Users\Cody\Desktop\tau_crystal\tau_crystal\mobile\android\comcapsule\app\src\main\res\mipmap-mdpi\ic_launcher_round.webp
2025-09-24T16:50:26Z C:\Users\Cody\Desktop\tau_crystal\tau_crystal\mobile\android\comcapsule\app\src\main\res\mipmap-xhdpi\ic_launcher.webp
2025-09-24T16:50:26Z C:\Users\Cody\Desktop\tau_crystal\tau_crystal\mobile\android\comcapsule\app\src\main\res\mipmap-xhdpi\ic_launcher_round.webp
2025-09-24T16:50:26Z C:\Users\Cody\Desktop\tau_crystal\tau_crystal\mobile\android\comcapsule\app\src\main\res\mipmap-xxhdpi\ic_launcher.webp
2025-09-24T16:50:26Z C:\Users\Cody\Desktop\tau_crystal\tau_crystal\mobile\android\comcapsule\app\src\main\res\mipmap-xxhdpi\ic_launcher_round.webp
2025-09-24T16:50:26Z C:\Users\Cody\Desktop\tau_crystal\tau_crystal\mobile\android\comcapsule\app\src\main\res\mipmap-xxxhdpi\ic_launcher.webp
2025-09-24T16:50:26Z C:\Users\Cody\Desktop\tau_crystal\tau_crystal\mobile\android\comcapsule\app\src\main\res\mipmap-xxxhdpi\ic_launcher_round.webp
2025-09-24T16:50:26Z C:\Users\Cody\Desktop\tau_crystal\tau_crystal\mobile\android\comcapsule\gradle.properties
2025-09-24T16:50:26Z C:\Users\Cody\Desktop\tau_crystal\tau_crystal\mobile\android\comcapsule\gradle\wrapper\gradle-wrapper.properties
2025-09-24T16:50:27Z C:\Users\Cody\Desktop\tau_crystal\tau_crystal\mobile\android\comcapsule\app\build\intermediates\packaged_res\debug\packageDebugResources\mipmap-anydpi-v4\ic_launcher.xml
2025-09-24T16:50:27Z C:\Users\Cody\Desktop\tau_crystal\tau_crystal\mobile\android\comcapsule\app\build\intermediates\packaged_res\release\packageReleaseResources\mipmap-anydpi-v4\ic_launcher.xml
2025-09-24T16:50:27Z C:\Users\Cody\Desktop\tau_crystal\tau_crystal\mobile\android\comcapsule\app\src\androidTest\java\com\example\comcapsule\ExampleInstrumentedTest.kt
2025-09-24T16:50:27Z C:\Users\Cody\Desktop\tau_crystal\tau_crystal\mobile\android\comcapsule\app\src\main\res\mipmap-anydpi\ic_launcher.xml
2025-09-24T16:50:27Z C:\Users\Cody\Desktop\tau_crystal\tau_crystal\mobile\android\comcapsule\app\src\test\java\com\example\comcapsule\ExampleUnitTest.kt
2025-09-24T16:50:28Z C:\Users\Cody\Desktop\tau_crystal\tau_crystal\mobile\android\comcapsule\app\build\intermediates\packaged_res\debug\packageDebugResources\drawable\ic_launcher_background.xml
2025-09-24T16:50:28Z C:\Users\Cody\Desktop\tau_crystal\tau_crystal\mobile\android\comcapsule\app\build\intermediates\packaged_res\debug\packageDebugResources\drawable\ic_launcher_foreground.xml
2025-09-24T16:50:28Z C:\Users\Cody\Desktop\tau_crystal\tau_crystal\mobile\android\comcapsule\app\build\intermediates\packaged_res\debug\packageDebugResources\mipmap-anydpi-v4\ic_launcher_round.xml
2025-09-24T16:50:28Z C:\Users\Cody\Desktop\tau_crystal\tau_crystal\mobile\android\comcapsule\app\build\intermediates\packaged_res\debug\packageDebugResources\xml\backup_rules.xml
2025-09-24T16:50:28Z C:\Users\Cody\Desktop\tau_crystal\tau_crystal\mobile\android\comcapsule\app\build\intermediates\packaged_res\debug\packageDebugResources\xml\data_extraction_rules.xml
2025-09-24T16:50:28Z C:\Users\Cody\Desktop\tau_crystal\tau_crystal\mobile\android\comcapsule\app\build\intermediates\packaged_res\release\packageReleaseResources\drawable\ic_launcher_background.xml
2025-09-24T16:50:28Z C:\Users\Cody\Desktop\tau_crystal\tau_crystal\mobile\android\comcapsule\app\build\intermediates\packaged_res\release\packageReleaseResources\drawable\ic_launcher_foreground.xml
2025-09-24T16:50:28Z C:\Users\Cody\Desktop\tau_crystal\tau_crystal\mobile\android\comcapsule\app\build\intermediates\packaged_res\release\packageReleaseResources\mipmap-anydpi-v4\ic_launcher_round.xml
2025-09-24T16:50:28Z C:\Users\Cody\Desktop\tau_crystal\tau_crystal\mobile\android\comcapsule\app\build\intermediates\packaged_res\release\packageReleaseResources\xml\backup_rules.xml
2025-09-24T16:50:28Z C:\Users\Cody\Desktop\tau_crystal\tau_crystal\mobile\android\comcapsule\app\build\intermediates\packaged_res\release\packageReleaseResources\xml\data_extraction_rules.xml
2025-09-24T16:50:28Z C:\Users\Cody\Desktop\tau_crystal\tau_crystal\mobile\android\comcapsule\app\src\main\res\drawable\ic_launcher_background.xml
2025-09-24T16:50:28Z C:\Users\Cody\Desktop\tau_crystal\tau_crystal\mobile\android\comcapsule\app\src\main\res\drawable\ic_launcher_foreground.xml
2025-09-24T16:50:28Z C:\Users\Cody\Desktop\tau_crystal\tau_crystal\mobile\android\comcapsule\app\src\main\res\mipmap-anydpi\ic_launcher_round.xml
2025-09-24T16:50:28Z C:\Users\Cody\Desktop\tau_crystal\tau_crystal\mobile\android\comcapsule\app\src\main\res\values\colors.xml
2025-09-24T16:50:28Z C:\Users\Cody\Desktop\tau_crystal\tau_crystal\mobile\android\comcapsule\app\src\main\res\values\strings.xml
2025-09-24T16:50:28Z C:\Users\Cody\Desktop\tau_crystal\tau_crystal\mobile\android\comcapsule\app\src\main\res\xml\backup_rules.xml
2025-09-24T16:50:28Z C:\Users\Cody\Desktop\tau_crystal\tau_crystal\mobile\android\comcapsule\app\src\main\res\xml\data_extraction_rules.xml
2025-09-24T16:50:29Z C:\Users\Cody\Desktop\tau_crystal\tau_crystal\mobile\android\comcapsule\.gradle\config.properties
2025-09-24T16:50:29Z C:\Users\Cody\Desktop\tau_crystal\tau_crystal\mobile\android\comcapsule\app\src\main\res\values\themes.xml
2025-09-24T16:50:29Z C:\Users\Cody\Desktop\tau_crystal\tau_crystal\mobile\android\comcapsule\gradle\libs.versions.toml
2025-09-24T16:51:01Z C:\Users\Cody\Desktop\tau_crystal\tau_crystal\mobile\android\comcapsule\.gradle\buildOutputCleanup\cache.properties
2025-09-24T16:54:18Z C:\Users\Cody\Desktop\tau_crystal\tau_crystal\mobile\android\comcapsule\.idea\AndroidProjectSystem.xml
2025-09-24T16:54:18Z C:\Users\Cody\Desktop\tau_crystal\tau_crystal\mobile\android\comcapsule\.idea\migrations.xml
2025-09-24T16:54:18Z C:\Users\Cody\Desktop\tau_crystal\tau_crystal\mobile\android\comcapsule\.idea\runConfigurations.xml
2025-09-24T16:54:19Z C:\Users\Cody\Desktop\tau_crystal\tau_crystal\mobile\android\comcapsule\.idea\.gitignore
2025-09-24T16:55:49Z C:\Users\Cody\Desktop\tau_crystal\tau_crystal\mobile\android\comcapsule\.idea\caches\deviceStreaming.xml
2025-09-24T17:06:33Z C:\Users\Cody\Desktop\tau_crystal\tau_crystal\mobile\android\comcapsule\.idea\.name
2025-09-24T17:06:33Z C:\Users\Cody\Desktop\tau_crystal\tau_crystal\mobile\android\comcapsule\.idea\codeStyles\codeStyleConfig.xml
2025-09-24T17:06:33Z C:\Users\Cody\Desktop\tau_crystal\tau_crystal\mobile\android\comcapsule\.idea\codeStyles\Project.xml
2025-09-24T17:06:33Z C:\Users\Cody\Desktop\tau_crystal\tau_crystal\mobile\android\comcapsule\.idea\compiler.xml
2025-09-24T17:06:33Z C:\Users\Cody\Desktop\tau_crystal\tau_crystal\mobile\android\comcapsule\.idea\misc.xml
2025-09-24T17:12:04Z C:\Users\Cody\Desktop\tau_crystal\tau_crystal\mobile\android\comcapsule\.idea\deploymentTargetSelector.xml
2025-09-24T17:44:22Z C:\Users\Cody\Desktop\tau_crystal\tau_crystal\mobile\android\comcapsule\.idea\gradle.xml
2025-09-24T18:01:00Z C:\Users\Cody\Desktop\tau_crystal\tau_crystal\mobile\android\comcapsule\build.gradle.kts
2025-09-24T18:01:02Z C:\Users\Cody\Desktop\tau_crystal\tau_crystal\mobile\android\comcapsule\settings.gradle.kts
2025-09-24T18:14:13Z C:\Users\Cody\Desktop\tau_crystal\tau_crystal\mobile\android\comcapsule\build_debug.log
2025-09-24T19:24:05Z C:\Users\Cody\Desktop\tau_crystal\tau_crystal\mobile\android\comcapsule\release.keystore
2025-09-24T19:26:08Z C:\Users\Cody\Desktop\tau_crystal\tau_crystal\mobile\android\comcapsule\app\build\intermediates\incremental\release\mergeReleaseResources\merged.dir\values\values.xml
2025-09-24T19:26:08Z C:\Users\Cody\Desktop\tau_crystal\tau_crystal\mobile\android\comcapsule\app\build\intermediates\incremental\release\mergeReleaseResources\merged.dir\values-af\values-af.xml
2025-09-24T19:26:08Z C:\Users\Cody\Desktop\tau_crystal\tau_crystal\mobile\android\comcapsule\app\build\intermediates\incremental\release\mergeReleaseResources\merged.dir\values-am\values-am.xml
2025-09-24T19:26:08Z C:\Users\Cody\Desktop\tau_crystal\tau_crystal\mobile\android\comcapsule\app\build\intermediates\incremental\release\mergeReleaseResources\merged.dir\values-ar\values-ar.xml
2025-09-24T19:26:08Z C:\Users\Cody\Desktop\tau_crystal\tau_crystal\mobile\android\comcapsule\app\build\intermediates\incremental\release\mergeReleaseResources\merged.dir\values-as\values-as.xml
2025-09-24T19:26:08Z C:\Users\Cody\Desktop\tau_crystal\tau_crystal\mobile\android\comcapsule\app\build\intermediates\incremental\release\mergeReleaseResources\merged.dir\values-az\values-az.xml
2025-09-24T19:26:08Z C:\Users\Cody\Desktop\tau_crystal\tau_crystal\mobile\android\comcapsule\app\build\intermediates\incremental\release\mergeReleaseResources\merged.dir\values-b+sr+Latn\values-b+sr+Latn.xml
2025-09-24T19:26:08Z C:\Users\Cody\Desktop\tau_crystal\tau_crystal\mobile\android\comcapsule\app\build\intermediates\incremental\release\mergeReleaseResources\merged.dir\values-de\values-de.xml
2025-09-24T19:26:08Z C:\Users\Cody\Desktop\tau_crystal\tau_crystal\mobile\android\comcapsule\app\build\intermediates\incremental\release\mergeReleaseResources\merged.dir\values-el\values-el.xml
2025-09-24T19:26:08Z C:\Users\Cody\Desktop\tau_crystal\tau_crystal\mobile\android\comcapsule\app\build\intermediates\incremental\release\mergeReleaseResources\merged.dir\values-en-rIN\values-en-rIN.xml
2025-09-24T19:26:08Z C:\Users\Cody\Desktop\tau_crystal\tau_crystal\mobile\android\comcapsule\app\build\intermediates\incremental\release\mergeReleaseResources\merged.dir\values-es\values-es.xml
2025-09-24T19:26:08Z C:\Users\Cody\Desktop\tau_crystal\tau_crystal\mobile\android\comcapsule\app\build\intermediates\incremental\release\mergeReleaseResources\merged.dir\values-es-rUS\values-es-rUS.xml
2025-09-24T19:26:08Z C:\Users\Cody\Desktop\tau_crystal\tau_crystal\mobile\android\comcapsule\app\build\intermediates\incremental\release\mergeReleaseResources\merged.dir\values-et\values-et.xml
2025-09-24T19:26:08Z C:\Users\Cody\Desktop\tau_crystal\tau_crystal\mobile\android\comcapsule\app\build\intermediates\incremental\release\mergeReleaseResources\merged.dir\values-eu\values-eu.xml
2025-09-24T19:26:08Z C:\Users\Cody\Desktop\tau_crystal\tau_crystal\mobile\android\comcapsule\app\build\intermediates\incremental\release\mergeReleaseResources\merged.dir\values-fa\values-fa.xml
2025-09-24T19:26:08Z C:\Users\Cody\Desktop\tau_crystal\tau_crystal\mobile\android\comcapsule\app\build\intermediates\incremental\release\mergeReleaseResources\merged.dir\values-fr-rCA\values-fr-rCA.xml
2025-09-24T19:26:08Z C:\Users\Cody\Desktop\tau_crystal\tau_crystal\mobile\android\comcapsule\app\build\intermediates\incremental\release\mergeReleaseResources\merged.dir\values-hi\values-hi.xml
2025-09-24T19:26:08Z C:\Users\Cody\Desktop\tau_crystal\tau_crystal\mobile\android\comcapsule\app\build\intermediates\incremental\release\mergeReleaseResources\merged.dir\values-hr\values-hr.xml
2025-09-24T19:26:08Z C:\Users\Cody\Desktop\tau_crystal\tau_crystal\mobile\android\comcapsule\app\build\intermediates\incremental\release\mergeReleaseResources\merged.dir\values-hu\values-hu.xml
2025-09-24T19:26:08Z C:\Users\Cody\Desktop\tau_crystal\tau_crystal\mobile\android\comcapsule\app\build\intermediates\incremental\release\mergeReleaseResources\merged.dir\values-hy\values-hy.xml
2025-09-24T19:26:08Z C:\Users\Cody\Desktop\tau_crystal\tau_crystal\mobile\android\comcapsule\app\build\intermediates\incremental\release\mergeReleaseResources\merged.dir\values-in\values-in.xml
2025-09-24T19:26:08Z C:\Users\Cody\Desktop\tau_crystal\tau_crystal\mobile\android\comcapsule\app\build\intermediates\incremental\release\mergeReleaseResources\merged.dir\values-is\values-is.xml
2025-09-24T19:26:08Z C:\Users\Cody\Desktop\tau_crystal\tau_crystal\mobile\android\comcapsule\app\build\intermediates\incremental\release\mergeReleaseResources\merged.dir\values-it\values-it.xml
2025-09-24T19:26:08Z C:\Users\Cody\Desktop\tau_crystal\tau_crystal\mobile\android\comcapsule\app\build\intermediates\incremental\release\mergeReleaseResources\merged.dir\values-iw\values-iw.xml
2025-09-24T19:26:08Z C:\Users\Cody\Desktop\tau_crystal\tau_crystal\mobile\android\comcapsule\app\build\intermediates\incremental\release\mergeReleaseResources\merged.dir\values-ja\values-ja.xml
2025-09-24T19:26:08Z C:\Users\Cody\Desktop\tau_crystal\tau_crystal\mobile\android\comcapsule\app\build\intermediates\incremental\release\mergeReleaseResources\merged.dir\values-lo\values-lo.xml
2025-09-24T19:26:08Z C:\Users\Cody\Desktop\tau_crystal\tau_crystal\mobile\android\comcapsule\app\build\intermediates\incremental\release\mergeReleaseResources\merged.dir\values-lt\values-lt.xml
2025-09-24T19:26:08Z C:\Users\Cody\Desktop\tau_crystal\tau_crystal\mobile\android\comcapsule\app\build\intermediates\incremental\release\mergeReleaseResources\merged.dir\values-lv\values-lv.xml
2025-09-24T19:26:08Z C:\Users\Cody\Desktop\tau_crystal\tau_crystal\mobile\android\comcapsule\app\build\intermediates\incremental\release\mergeReleaseResources\merged.dir\values-mk\values-mk.xml
2025-09-24T19:26:08Z C:\Users\Cody\Desktop\tau_crystal\tau_crystal\mobile\android\comcapsule\app\build\intermediates\incremental\release\mergeReleaseResources\merged.dir\values-ml\values-ml.xml
2025-09-24T19:26:08Z C:\Users\Cody\Desktop\tau_crystal\tau_crystal\mobile\android\comcapsule\app\build\intermediates\incremental\release\mergeReleaseResources\merged.dir\values-mn\values-mn.xml
2025-09-24T19:26:08Z C:\Users\Cody\Desktop\tau_crystal\tau_crystal\mobile\android\comcapsule\app\build\intermediates\incremental\release\mergeReleaseResources\merged.dir\values-mr\values-mr.xml
2025-09-24T19:26:08Z C:\Users\Cody\Desktop\tau_crystal\tau_crystal\mobile\android\comcapsule\app\build\intermediates\incremental\release\mergeReleaseResources\merged.dir\values-ms\values-ms.xml
2025-09-24T19:26:08Z C:\Users\Cody\Desktop\tau_crystal\tau_crystal\mobile\android\comcapsule\app\build\intermediates\incremental\release\mergeReleaseResources\merged.dir\values-my\values-my.xml
2025-09-24T19:26:08Z C:\Users\Cody\Desktop\tau_crystal\tau_crystal\mobile\android\comcapsule\app\build\intermediates\incremental\release\mergeReleaseResources\merged.dir\values-nb\values-nb.xml
2025-09-24T19:26:08Z C:\Users\Cody\Desktop\tau_crystal\tau_crystal\mobile\android\comcapsule\app\build\intermediates\incremental\release\mergeReleaseResources\merged.dir\values-ne\values-ne.xml
2025-09-24T19:26:08Z C:\Users\Cody\Desktop\tau_crystal\tau_crystal\mobile\android\comcapsule\app\build\intermediates\incremental\release\mergeReleaseResources\merged.dir\values-pt\values-pt.xml
2025-09-24T19:26:08Z C:\Users\Cody\Desktop\tau_crystal\tau_crystal\mobile\android\comcapsule\app\build\intermediates\incremental\release\mergeReleaseResources\merged.dir\values-pt-rPT\values-pt-rPT.xml
2025-09-24T19:26:08Z C:\Users\Cody\Desktop\tau_crystal\tau_crystal\mobile\android\comcapsule\app\build\intermediates\incremental\release\mergeReleaseResources\merged.dir\values-ro\values-ro.xml
2025-09-24T19:26:08Z C:\Users\Cody\Desktop\tau_crystal\tau_crystal\mobile\android\comcapsule\app\build\intermediates\incremental\release\mergeReleaseResources\merged.dir\values-uk\values-uk.xml
2025-09-24T19:26:08Z C:\Users\Cody\Desktop\tau_crystal\tau_crystal\mobile\android\comcapsule\app\build\intermediates\incremental\release\mergeReleaseResources\merged.dir\values-ur\values-ur.xml
2025-09-24T19:26:08Z C:\Users\Cody\Desktop\tau_crystal\tau_crystal\mobile\android\comcapsule\app\build\intermediates\incremental\release\mergeReleaseResources\merged.dir\values-uz\values-uz.xml
2025-09-24T19:26:08Z C:\Users\Cody\Desktop\tau_crystal\tau_crystal\mobile\android\comcapsule\app\build\intermediates\incremental\release\mergeReleaseResources\merged.dir\values-v21\values-v21.xml
2025-09-24T19:26:08Z C:\Users\Cody\Desktop\tau_crystal\tau_crystal\mobile\android\comcapsule\app\build\intermediates\incremental\release\mergeReleaseResources\merged.dir\values-vi\values-vi.xml
2025-09-24T19:26:08Z C:\Users\Cody\Desktop\tau_crystal\tau_crystal\mobile\android\comcapsule\app\build\intermediates\incremental\release\mergeReleaseResources\merged.dir\values-zh-rHK\values-zh-rHK.xml
2025-09-24T19:26:08Z C:\Users\Cody\Desktop\tau_crystal\tau_crystal\mobile\android\comcapsule\app\build\intermediates\incremental\release\mergeReleaseResources\merged.dir\values-zh-rTW\values-zh-rTW.xml
2025-09-24T19:26:08Z C:\Users\Cody\Desktop\tau_crystal\tau_crystal\mobile\android\comcapsule\app\build\intermediates\incremental\release\mergeReleaseResources\merged.dir\values-zu\values-zu.xml
2025-09-24T19:26:08Z C:\Users\Cody\Desktop\tau_crystal\tau_crystal\mobile\android\comcapsule\app\build\intermediates\nested_resources_validation_report\release\generateReleaseResources\nestedResourcesValidationReport.txt
2025-09-24T19:26:08Z C:\Users\Cody\Desktop\tau_crystal\tau_crystal\mobile\android\comcapsule\app\build\intermediates\source_set_path_map\release\mapReleaseSourceSetPaths\file-map.txt
2025-09-24T19:26:09Z C:\Users\Cody\Desktop\tau_crystal\tau_crystal\mobile\android\comcapsule\app\build\intermediates\incremental\release\mergeReleaseResources\compile-file-map.properties
2025-09-24T19:26:09Z C:\Users\Cody\Desktop\tau_crystal\tau_crystal\mobile\android\comcapsule\app\build\intermediates\incremental\release\mergeReleaseResources\merged.dir\values-be\values-be.xml
2025-09-24T19:26:09Z C:\Users\Cody\Desktop\tau_crystal\tau_crystal\mobile\android\comcapsule\app\build\intermediates\incremental\release\mergeReleaseResources\merged.dir\values-bg\values-bg.xml
2025-09-24T19:26:09Z C:\Users\Cody\Desktop\tau_crystal\tau_crystal\mobile\android\comcapsule\app\build\intermediates\incremental\release\mergeReleaseResources\merged.dir\values-bn\values-bn.xml
2025-09-24T19:26:09Z C:\Users\Cody\Desktop\tau_crystal\tau_crystal\mobile\android\comcapsule\app\build\intermediates\incremental\release\mergeReleaseResources\merged.dir\values-bs\values-bs.xml
2025-09-24T19:26:09Z C:\Users\Cody\Desktop\tau_crystal\tau_crystal\mobile\android\comcapsule\app\build\intermediates\incremental\release\mergeReleaseResources\merged.dir\values-ca\values-ca.xml
2025-09-24T19:26:09Z C:\Users\Cody\Desktop\tau_crystal\tau_crystal\mobile\android\comcapsule\app\build\intermediates\incremental\release\mergeReleaseResources\merged.dir\values-cs\values-cs.xml
2025-09-24T19:26:09Z C:\Users\Cody\Desktop\tau_crystal\tau_crystal\mobile\android\comcapsule\app\build\intermediates\incremental\release\mergeReleaseResources\merged.dir\values-da\values-da.xml
2025-09-24T19:26:09Z C:\Users\Cody\Desktop\tau_crystal\tau_crystal\mobile\android\comcapsule\app\build\intermediates\incremental\release\mergeReleaseResources\merged.dir\values-en-rAU\values-en-rAU.xml
2025-09-24T19:26:09Z C:\Users\Cody\Desktop\tau_crystal\tau_crystal\mobile\android\comcapsule\app\build\intermediates\incremental\release\mergeReleaseResources\merged.dir\values-en-rCA\values-en-rCA.xml
2025-09-24T19:26:09Z C:\Users\Cody\Desktop\tau_crystal\tau_crystal\mobile\android\comcapsule\app\build\intermediates\incremental\release\mergeReleaseResources\merged.dir\values-en-rGB\values-en-rGB.xml
2025-09-24T19:26:09Z C:\Users\Cody\Desktop\tau_crystal\tau_crystal\mobile\android\comcapsule\app\build\intermediates\incremental\release\mergeReleaseResources\merged.dir\values-en-rXC\values-en-rXC.xml
2025-09-24T19:26:09Z C:\Users\Cody\Desktop\tau_crystal\tau_crystal\mobile\android\comcapsule\app\build\intermediates\incremental\release\mergeReleaseResources\merged.dir\values-fi\values-fi.xml
2025-09-24T19:26:09Z C:\Users\Cody\Desktop\tau_crystal\tau_crystal\mobile\android\comcapsule\app\build\intermediates\incremental\release\mergeReleaseResources\merged.dir\values-fr\values-fr.xml
2025-09-24T19:26:09Z C:\Users\Cody\Desktop\tau_crystal\tau_crystal\mobile\android\comcapsule\app\build\intermediates\incremental\release\mergeReleaseResources\merged.dir\values-gl\values-gl.xml
2025-09-24T19:26:09Z C:\Users\Cody\Desktop\tau_crystal\tau_crystal\mobile\android\comcapsule\app\build\intermediates\incremental\release\mergeReleaseResources\merged.dir\values-gu\values-gu.xml
2025-09-24T19:26:09Z C:\Users\Cody\Desktop\tau_crystal\tau_crystal\mobile\android\comcapsule\app\build\intermediates\incremental\release\mergeReleaseResources\merged.dir\values-ka\values-ka.xml
2025-09-24T19:26:09Z C:\Users\Cody\Desktop\tau_crystal\tau_crystal\mobile\android\comcapsule\app\build\intermediates\incremental\release\mergeReleaseResources\merged.dir\values-kk\values-kk.xml
2025-09-24T19:26:09Z C:\Users\Cody\Desktop\tau_crystal\tau_crystal\mobile\android\comcapsule\app\build\intermediates\incremental\release\mergeReleaseResources\merged.dir\values-km\values-km.xml
2025-09-24T19:26:09Z C:\Users\Cody\Desktop\tau_crystal\tau_crystal\mobile\android\comcapsule\app\build\intermediates\incremental\release\mergeReleaseResources\merged.dir\values-kn\values-kn.xml
2025-09-24T19:26:09Z C:\Users\Cody\Desktop\tau_crystal\tau_crystal\mobile\android\comcapsule\app\build\intermediates\incremental\release\mergeReleaseResources\merged.dir\values-ko\values-ko.xml
2025-09-24T19:26:09Z C:\Users\Cody\Desktop\tau_crystal\tau_crystal\mobile\android\comcapsule\app\build\intermediates\incremental\release\mergeReleaseResources\merged.dir\values-ky\values-ky.xml
2025-09-24T19:26:09Z C:\Users\Cody\Desktop\tau_crystal\tau_crystal\mobile\android\comcapsule\app\build\intermediates\incremental\release\mergeReleaseResources\merged.dir\values-nl\values-nl.xml
2025-09-24T19:26:09Z C:\Users\Cody\Desktop\tau_crystal\tau_crystal\mobile\android\comcapsule\app\build\intermediates\incremental\release\mergeReleaseResources\merged.dir\values-or\values-or.xml
2025-09-24T19:26:09Z C:\Users\Cody\Desktop\tau_crystal\tau_crystal\mobile\android\comcapsule\app\build\intermediates\incremental\release\mergeReleaseResources\merged.dir\values-pa\values-pa.xml
2025-09-24T19:26:09Z C:\Users\Cody\Desktop\tau_crystal\tau_crystal\mobile\android\comcapsule\app\build\intermediates\incremental\release\mergeReleaseResources\merged.dir\values-pl\values-pl.xml
2025-09-24T19:26:09Z C:\Users\Cody\Desktop\tau_crystal\tau_crystal\mobile\android\comcapsule\app\build\intermediates\incremental\release\mergeReleaseResources\merged.dir\values-pt-rBR\values-pt-rBR.xml
2025-09-24T19:26:09Z C:\Users\Cody\Desktop\tau_crystal\tau_crystal\mobile\android\comcapsule\app\build\intermediates\incremental\release\mergeReleaseResources\merged.dir\values-ru\values-ru.xml
2025-09-24T19:26:09Z C:\Users\Cody\Desktop\tau_crystal\tau_crystal\mobile\android\comcapsule\app\build\intermediates\incremental\release\mergeReleaseResources\merged.dir\values-si\values-si.xml
2025-09-24T19:26:09Z C:\Users\Cody\Desktop\tau_crystal\tau_crystal\mobile\android\comcapsule\app\build\intermediates\incremental\release\mergeReleaseResources\merged.dir\values-sk\values-sk.xml
2025-09-24T19:26:09Z C:\Users\Cody\Desktop\tau_crystal\tau_crystal\mobile\android\comcapsule\app\build\intermediates\incremental\release\mergeReleaseResources\merged.dir\values-sl\values-sl.xml
2025-09-24T19:26:09Z C:\Users\Cody\Desktop\tau_crystal\tau_crystal\mobile\android\comcapsule\app\build\intermediates\incremental\release\mergeReleaseResources\merged.dir\values-sq\values-sq.xml
2025-09-24T19:26:09Z C:\Users\Cody\Desktop\tau_crystal\tau_crystal\mobile\android\comcapsule\app\build\intermediates\incremental\release\mergeReleaseResources\merged.dir\values-sr\values-sr.xml
2025-09-24T19:26:09Z C:\Users\Cody\Desktop\tau_crystal\tau_crystal\mobile\android\comcapsule\app\build\intermediates\incremental\release\mergeReleaseResources\merged.dir\values-sv\values-sv.xml
2025-09-24T19:26:09Z C:\Users\Cody\Desktop\tau_crystal\tau_crystal\mobile\android\comcapsule\app\build\intermediates\incremental\release\mergeReleaseResources\merged.dir\values-sw\values-sw.xml
2025-09-24T19:26:09Z C:\Users\Cody\Desktop\tau_crystal\tau_crystal\mobile\android\comcapsule\app\build\intermediates\incremental\release\mergeReleaseResources\merged.dir\values-ta\values-ta.xml
2025-09-24T19:26:09Z C:\Users\Cody\Desktop\tau_crystal\tau_crystal\mobile\android\comcapsule\app\build\intermediates\incremental\release\mergeReleaseResources\merged.dir\values-te\values-te.xml
2025-09-24T19:26:09Z C:\Users\Cody\Desktop\tau_crystal\tau_crystal\mobile\android\comcapsule\app\build\intermediates\incremental\release\mergeReleaseResources\merged.dir\values-th\values-th.xml
2025-09-24T19:26:09Z C:\Users\Cody\Desktop\tau_crystal\tau_crystal\mobile\android\comcapsule\app\build\intermediates\incremental\release\mergeReleaseResources\merged.dir\values-tl\values-tl.xml
2025-09-24T19:26:09Z C:\Users\Cody\Desktop\tau_crystal\tau_crystal\mobile\android\comcapsule\app\build\intermediates\incremental\release\mergeReleaseResources\merged.dir\values-tr\values-tr.xml
2025-09-24T19:26:09Z C:\Users\Cody\Desktop\tau_crystal\tau_crystal\mobile\android\comcapsule\app\build\intermediates\incremental\release\mergeReleaseResources\merged.dir\values-v30\values-v30.xml
2025-09-24T19:26:09Z C:\Users\Cody\Desktop\tau_crystal\tau_crystal\mobile\android\comcapsule\app\build\intermediates\incremental\release\mergeReleaseResources\merged.dir\values-zh-rCN\values-zh-rCN.xml
2025-09-24T19:26:09Z C:\Users\Cody\Desktop\tau_crystal\tau_crystal\mobile\android\comcapsule\app\build\intermediates\incremental\release\mergeReleaseResources\merger.xml
2025-09-24T19:26:09Z C:\Users\Cody\Desktop\tau_crystal\tau_crystal\mobile\android\comcapsule\app\build\intermediates\incremental\release\packageReleaseResources\compile-file-map.properties
2025-09-24T19:26:09Z C:\Users\Cody\Desktop\tau_crystal\tau_crystal\mobile\android\comcapsule\app\build\intermediates\incremental\release\packageReleaseResources\merged.dir\values\values.xml
2025-09-24T19:26:09Z C:\Users\Cody\Desktop\tau_crystal\tau_crystal\mobile\android\comcapsule\app\build\intermediates\incremental\release\packageReleaseResources\merger.xml
2025-09-24T19:26:09Z C:\Users\Cody\Desktop\tau_crystal\tau_crystal\mobile\android\comcapsule\app\build\intermediates\local_only_symbol_list\release\parseReleaseLocalResources\R-def.txt
2025-09-24T19:26:09Z C:\Users\Cody\Desktop\tau_crystal\tau_crystal\mobile\android\comcapsule\app\build\intermediates\merged_res\release\mergeReleaseResources\drawable_ic_launcher_background.xml.flat
2025-09-24T19:26:09Z C:\Users\Cody\Desktop\tau_crystal\tau_crystal\mobile\android\comcapsule\app\build\intermediates\merged_res\release\mergeReleaseResources\drawable_ic_launcher_foreground.xml.flat
2025-09-24T19:26:09Z C:\Users\Cody\Desktop\tau_crystal\tau_crystal\mobile\android\comcapsule\app\build\intermediates\merged_res\release\mergeReleaseResources\mipmap-anydpi_ic_launcher.xml.flat
2025-09-24T19:26:09Z C:\Users\Cody\Desktop\tau_crystal\tau_crystal\mobile\android\comcapsule\app\build\intermediates\merged_res\release\mergeReleaseResources\mipmap-anydpi_ic_launcher_round.xml.flat
2025-09-24T19:26:09Z C:\Users\Cody\Desktop\tau_crystal\tau_crystal\mobile\android\comcapsule\app\build\intermediates\merged_res\release\mergeReleaseResources\mipmap-hdpi_ic_launcher.webp.flat
2025-09-24T19:26:09Z C:\Users\Cody\Desktop\tau_crystal\tau_crystal\mobile\android\comcapsule\app\build\intermediates\merged_res\release\mergeReleaseResources\mipmap-hdpi_ic_launcher_round.webp.flat
2025-09-24T19:26:09Z C:\Users\Cody\Desktop\tau_crystal\tau_crystal\mobile\android\comcapsule\app\build\intermediates\merged_res\release\mergeReleaseResources\mipmap-mdpi_ic_launcher.webp.flat
2025-09-24T19:26:09Z C:\Users\Cody\Desktop\tau_crystal\tau_crystal\mobile\android\comcapsule\app\build\intermediates\merged_res\release\mergeReleaseResources\mipmap-mdpi_ic_launcher_round.webp.flat
2025-09-24T19:26:09Z C:\Users\Cody\Desktop\tau_crystal\tau_crystal\mobile\android\comcapsule\app\build\intermediates\merged_res\release\mergeReleaseResources\mipmap-xhdpi_ic_launcher.webp.flat
2025-09-24T19:26:09Z C:\Users\Cody\Desktop\tau_crystal\tau_crystal\mobile\android\comcapsule\app\build\intermediates\merged_res\release\mergeReleaseResources\mipmap-xhdpi_ic_launcher_round.webp.flat
2025-09-24T19:26:09Z C:\Users\Cody\Desktop\tau_crystal\tau_crystal\mobile\android\comcapsule\app\build\intermediates\merged_res\release\mergeReleaseResources\mipmap-xxhdpi_ic_launcher.webp.flat
2025-09-24T19:26:09Z C:\Users\Cody\Desktop\tau_crystal\tau_crystal\mobile\android\comcapsule\app\build\intermediates\merged_res\release\mergeReleaseResources\mipmap-xxhdpi_ic_launcher_round.webp.flat
2025-09-24T19:26:09Z C:\Users\Cody\Desktop\tau_crystal\tau_crystal\mobile\android\comcapsule\app\build\intermediates\merged_res\release\mergeReleaseResources\mipmap-xxxhdpi_ic_launcher.webp.flat
2025-09-24T19:26:09Z C:\Users\Cody\Desktop\tau_crystal\tau_crystal\mobile\android\comcapsule\app\build\intermediates\merged_res\release\mergeReleaseResources\mipmap-xxxhdpi_ic_launcher_round.webp.flat
2025-09-24T19:26:09Z C:\Users\Cody\Desktop\tau_crystal\tau_crystal\mobile\android\comcapsule\app\build\intermediates\merged_res\release\mergeReleaseResources\values_values.arsc.flat
2025-09-24T19:26:09Z C:\Users\Cody\Desktop\tau_crystal\tau_crystal\mobile\android\comcapsule\app\build\intermediates\merged_res\release\mergeReleaseResources\values-af_values-af.arsc.flat
2025-09-24T19:26:09Z C:\Users\Cody\Desktop\tau_crystal\tau_crystal\mobile\android\comcapsule\app\build\intermediates\merged_res\release\mergeReleaseResources\values-am_values-am.arsc.flat
2025-09-24T19:26:09Z C:\Users\Cody\Desktop\tau_crystal\tau_crystal\mobile\android\comcapsule\app\build\intermediates\merged_res\release\mergeReleaseResources\values-ar_values-ar.arsc.flat
2025-09-24T19:26:09Z C:\Users\Cody\Desktop\tau_crystal\tau_crystal\mobile\android\comcapsule\app\build\intermediates\merged_res\release\mergeReleaseResources\values-as_values-as.arsc.flat
2025-09-24T19:26:09Z C:\Users\Cody\Desktop\tau_crystal\tau_crystal\mobile\android\comcapsule\app\build\intermediates\merged_res\release\mergeReleaseResources\values-az_values-az.arsc.flat
2025-09-24T19:26:09Z C:\Users\Cody\Desktop\tau_crystal\tau_crystal\mobile\android\comcapsule\app\build\intermediates\merged_res\release\mergeReleaseResources\values-b+sr+Latn_values-b+sr+Latn.arsc.flat
2025-09-24T19:26:09Z C:\Users\Cody\Desktop\tau_crystal\tau_crystal\mobile\android\comcapsule\app\build\intermediates\merged_res\release\mergeReleaseResources\values-be_values-be.arsc.flat
2025-09-24T19:26:09Z C:\Users\Cody\Desktop\tau_crystal\tau_crystal\mobile\android\comcapsule\app\build\intermediates\merged_res\release\mergeReleaseResources\values-bg_values-bg.arsc.flat
2025-09-24T19:26:09Z C:\Users\Cody\Desktop\tau_crystal\tau_crystal\mobile\android\comcapsule\app\build\intermediates\merged_res\release\mergeReleaseResources\values-bn_values-bn.arsc.flat
2025-09-24T19:26:09Z C:\Users\Cody\Desktop\tau_crystal\tau_crystal\mobile\android\comcapsule\app\build\intermediates\merged_res\release\mergeReleaseResources\values-bs_values-bs.arsc.flat
2025-09-24T19:26:09Z C:\Users\Cody\Desktop\tau_crystal\tau_crystal\mobile\android\comcapsule\app\build\intermediates\merged_res\release\mergeReleaseResources\values-ca_values-ca.arsc.flat
2025-09-24T19:26:09Z C:\Users\Cody\Desktop\tau_crystal\tau_crystal\mobile\android\comcapsule\app\build\intermediates\merged_res\release\mergeReleaseResources\values-cs_values-cs.arsc.flat
2025-09-24T19:26:09Z C:\Users\Cody\Desktop\tau_crystal\tau_crystal\mobile\android\comcapsule\app\build\intermediates\merged_res\release\mergeReleaseResources\values-da_values-da.arsc.flat
2025-09-24T19:26:09Z C:\Users\Cody\Desktop\tau_crystal\tau_crystal\mobile\android\comcapsule\app\build\intermediates\merged_res\release\mergeReleaseResources\values-de_values-de.arsc.flat
2025-09-24T19:26:09Z C:\Users\Cody\Desktop\tau_crystal\tau_crystal\mobile\android\comcapsule\app\build\intermediates\merged_res\release\mergeReleaseResources\values-el_values-el.arsc.flat
2025-09-24T19:26:09Z C:\Users\Cody\Desktop\tau_crystal\tau_crystal\mobile\android\comcapsule\app\build\intermediates\merged_res\release\mergeReleaseResources\values-en-rAU_values-en-rAU.arsc.flat
2025-09-24T19:26:09Z C:\Users\Cody\Desktop\tau_crystal\tau_crystal\mobile\android\comcapsule\app\build\intermediates\merged_res\release\mergeReleaseResources\values-en-rCA_values-en-rCA.arsc.flat
2025-09-24T19:26:09Z C:\Users\Cody\Desktop\tau_crystal\tau_crystal\mobile\android\comcapsule\app\build\intermediates\merged_res\release\mergeReleaseResources\values-en-rGB_values-en-rGB.arsc.flat
2025-09-24T19:26:09Z C:\Users\Cody\Desktop\tau_crystal\tau_crystal\mobile\android\comcapsule\app\build\intermediates\merged_res\release\mergeReleaseResources\values-en-rIN_values-en-rIN.arsc.flat
2025-09-24T19:26:09Z C:\Users\Cody\Desktop\tau_crystal\tau_crystal\mobile\android\comcapsule\app\build\intermediates\merged_res\release\mergeReleaseResources\values-en-rXC_values-en-rXC.arsc.flat
2025-09-24T19:26:09Z C:\Users\Cody\Desktop\tau_crystal\tau_crystal\mobile\android\comcapsule\app\build\intermediates\merged_res\release\mergeReleaseResources\values-es_values-es.arsc.flat
2025-09-24T19:26:09Z C:\Users\Cody\Desktop\tau_crystal\tau_crystal\mobile\android\comcapsule\app\build\intermediates\merged_res\release\mergeReleaseResources\values-es-rUS_values-es-rUS.arsc.flat
2025-09-24T19:26:09Z C:\Users\Cody\Desktop\tau_crystal\tau_crystal\mobile\android\comcapsule\app\build\intermediates\merged_res\release\mergeReleaseResources\values-et_values-et.arsc.flat
2025-09-24T19:26:09Z C:\Users\Cody\Desktop\tau_crystal\tau_crystal\mobile\android\comcapsule\app\build\intermediates\merged_res\release\mergeReleaseResources\values-eu_values-eu.arsc.flat
2025-09-24T19:26:09Z C:\Users\Cody\Desktop\tau_crystal\tau_crystal\mobile\android\comcapsule\app\build\intermediates\merged_res\release\mergeReleaseResources\values-fa_values-fa.arsc.flat
2025-09-24T19:26:09Z C:\Users\Cody\Desktop\tau_crystal\tau_crystal\mobile\android\comcapsule\app\build\intermediates\merged_res\release\mergeReleaseResources\values-fi_values-fi.arsc.flat
2025-09-24T19:26:09Z C:\Users\Cody\Desktop\tau_crystal\tau_crystal\mobile\android\comcapsule\app\build\intermediates\merged_res\release\mergeReleaseResources\values-fr_values-fr.arsc.flat
2025-09-24T19:26:09Z C:\Users\Cody\Desktop\tau_crystal\tau_crystal\mobile\android\comcapsule\app\build\intermediates\merged_res\release\mergeReleaseResources\values-fr-rCA_values-fr-rCA.arsc.flat
2025-09-24T19:26:09Z C:\Users\Cody\Desktop\tau_crystal\tau_crystal\mobile\android\comcapsule\app\build\intermediates\merged_res\release\mergeReleaseResources\values-gl_values-gl.arsc.flat
2025-09-24T19:26:09Z C:\Users\Cody\Desktop\tau_crystal\tau_crystal\mobile\android\comcapsule\app\build\intermediates\merged_res\release\mergeReleaseResources\values-gu_values-gu.arsc.flat
2025-09-24T19:26:09Z C:\Users\Cody\Desktop\tau_crystal\tau_crystal\mobile\android\comcapsule\app\build\intermediates\merged_res\release\mergeReleaseResources\values-hi_values-hi.arsc.flat
2025-09-24T19:26:09Z C:\Users\Cody\Desktop\tau_crystal\tau_crystal\mobile\android\comcapsule\app\build\intermediates\merged_res\release\mergeReleaseResources\values-hr_values-hr.arsc.flat
2025-09-24T19:26:09Z C:\Users\Cody\Desktop\tau_crystal\tau_crystal\mobile\android\comcapsule\app\build\intermediates\merged_res\release\mergeReleaseResources\values-hu_values-hu.arsc.flat
2025-09-24T19:26:09Z C:\Users\Cody\Desktop\tau_crystal\tau_crystal\mobile\android\comcapsule\app\build\intermediates\merged_res\release\mergeReleaseResources\values-hy_values-hy.arsc.flat
2025-09-24T19:26:09Z C:\Users\Cody\Desktop\tau_crystal\tau_crystal\mobile\android\comcapsule\app\build\intermediates\merged_res\release\mergeReleaseResources\values-in_values-in.arsc.flat
2025-09-24T19:26:09Z C:\Users\Cody\Desktop\tau_crystal\tau_crystal\mobile\android\comcapsule\app\build\intermediates\merged_res\release\mergeReleaseResources\values-is_values-is.arsc.flat
2025-09-24T19:26:09Z C:\Users\Cody\Desktop\tau_crystal\tau_crystal\mobile\android\comcapsule\app\build\intermediates\merged_res\release\mergeReleaseResources\values-it_values-it.arsc.flat
2025-09-24T19:26:09Z C:\Users\Cody\Desktop\tau_crystal\tau_crystal\mobile\android\comcapsule\app\build\intermediates\merged_res\release\mergeReleaseResources\values-iw_values-iw.arsc.flat
2025-09-24T19:26:09Z C:\Users\Cody\Desktop\tau_crystal\tau_crystal\mobile\android\comcapsule\app\build\intermediates\merged_res\release\mergeReleaseResources\values-ja_values-ja.arsc.flat
2025-09-24T19:26:09Z C:\Users\Cody\Desktop\tau_crystal\tau_crystal\mobile\android\comcapsule\app\build\intermediates\merged_res\release\mergeReleaseResources\values-ka_values-ka.arsc.flat
2025-09-24T19:26:09Z C:\Users\Cody\Desktop\tau_crystal\tau_crystal\mobile\android\comcapsule\app\build\intermediates\merged_res\release\mergeReleaseResources\values-kk_values-kk.arsc.flat
2025-09-24T19:26:09Z C:\Users\Cody\Desktop\tau_crystal\tau_crystal\mobile\android\comcapsule\app\build\intermediates\merged_res\release\mergeReleaseResources\values-km_values-km.arsc.flat
2025-09-24T19:26:09Z C:\Users\Cody\Desktop\tau_crystal\tau_crystal\mobile\android\comcapsule\app\build\intermediates\merged_res\release\mergeReleaseResources\values-kn_values-kn.arsc.flat
2025-09-24T19:26:09Z C:\Users\Cody\Desktop\tau_crystal\tau_crystal\mobile\android\comcapsule\app\build\intermediates\merged_res\release\mergeReleaseResources\values-ko_values-ko.arsc.flat
2025-09-24T19:26:09Z C:\Users\Cody\Desktop\tau_crystal\tau_crystal\mobile\android\comcapsule\app\build\intermediates\merged_res\release\mergeReleaseResources\values-ky_values-ky.arsc.flat
2025-09-24T19:26:09Z C:\Users\Cody\Desktop\tau_crystal\tau_crystal\mobile\android\comcapsule\app\build\intermediates\merged_res\release\mergeReleaseResources\values-lo_values-lo.arsc.flat
2025-09-24T19:26:09Z C:\Users\Cody\Desktop\tau_crystal\tau_crystal\mobile\android\comcapsule\app\build\intermediates\merged_res\release\mergeReleaseResources\values-lt_values-lt.arsc.flat
2025-09-24T19:26:09Z C:\Users\Cody\Desktop\tau_crystal\tau_crystal\mobile\android\comcapsule\app\build\intermediates\merged_res\release\mergeReleaseResources\values-lv_values-lv.arsc.flat
2025-09-24T19:26:09Z C:\Users\Cody\Desktop\tau_crystal\tau_crystal\mobile\android\comcapsule\app\build\intermediates\merged_res\release\mergeReleaseResources\values-mk_values-mk.arsc.flat
2025-09-24T19:26:09Z C:\Users\Cody\Desktop\tau_crystal\tau_crystal\mobile\android\comcapsule\app\build\intermediates\merged_res\release\mergeReleaseResources\values-ml_values-ml.arsc.flat
2025-09-24T19:26:09Z C:\Users\Cody\Desktop\tau_crystal\tau_crystal\mobile\android\comcapsule\app\build\intermediates\merged_res\release\mergeReleaseResources\values-mn_values-mn.arsc.flat
2025-09-24T19:26:09Z C:\Users\Cody\Desktop\tau_crystal\tau_crystal\mobile\android\comcapsule\app\build\intermediates\merged_res\release\mergeReleaseResources\values-mr_values-mr.arsc.flat
2025-09-24T19:26:09Z C:\Users\Cody\Desktop\tau_crystal\tau_crystal\mobile\android\comcapsule\app\build\intermediates\merged_res\release\mergeReleaseResources\values-ms_values-ms.arsc.flat
2025-09-24T19:26:09Z C:\Users\Cody\Desktop\tau_crystal\tau_crystal\mobile\android\comcapsule\app\build\intermediates\merged_res\release\mergeReleaseResources\values-my_values-my.arsc.flat
2025-09-24T19:26:09Z C:\Users\Cody\Desktop\tau_crystal\tau_crystal\mobile\android\comcapsule\app\build\intermediates\merged_res\release\mergeReleaseResources\values-nb_values-nb.arsc.flat
2025-09-24T19:26:09Z C:\Users\Cody\Desktop\tau_crystal\tau_crystal\mobile\android\comcapsule\app\build\intermediates\merged_res\release\mergeReleaseResources\values-ne_values-ne.arsc.flat
2025-09-24T19:26:09Z C:\Users\Cody\Desktop\tau_crystal\tau_crystal\mobile\android\comcapsule\app\build\intermediates\merged_res\release\mergeReleaseResources\values-nl_values-nl.arsc.flat
2025-09-24T19:26:09Z C:\Users\Cody\Desktop\tau_crystal\tau_crystal\mobile\android\comcapsule\app\build\intermediates\merged_res\release\mergeReleaseResources\values-or_values-or.arsc.flat
2025-09-24T19:26:09Z C:\Users\Cody\Desktop\tau_crystal\tau_crystal\mobile\android\comcapsule\app\build\intermediates\merged_res\release\mergeReleaseResources\values-pa_values-pa.arsc.flat
2025-09-24T19:26:09Z C:\Users\Cody\Desktop\tau_crystal\tau_crystal\mobile\android\comcapsule\app\build\intermediates\merged_res\release\mergeReleaseResources\values-pl_values-pl.arsc.flat
2025-09-24T19:26:09Z C:\Users\Cody\Desktop\tau_crystal\tau_crystal\mobile\android\comcapsule\app\build\intermediates\merged_res\release\mergeReleaseResources\values-pt_values-pt.arsc.flat
2025-09-24T19:26:09Z C:\Users\Cody\Desktop\tau_crystal\tau_crystal\mobile\android\comcapsule\app\build\intermediates\merged_res\release\mergeReleaseResources\values-pt-rBR_values-pt-rBR.arsc.flat
2025-09-24T19:26:09Z C:\Users\Cody\Desktop\tau_crystal\tau_crystal\mobile\android\comcapsule\app\build\intermediates\merged_res\release\mergeReleaseResources\values-pt-rPT_values-pt-rPT.arsc.flat
2025-09-24T19:26:09Z C:\Users\Cody\Desktop\tau_crystal\tau_crystal\mobile\android\comcapsule\app\build\intermediates\merged_res\release\mergeReleaseResources\values-ro_values-ro.arsc.flat
2025-09-24T19:26:09Z C:\Users\Cody\Desktop\tau_crystal\tau_crystal\mobile\android\comcapsule\app\build\intermediates\merged_res\release\mergeReleaseResources\values-ru_values-ru.arsc.flat
2025-09-24T19:26:09Z C:\Users\Cody\Desktop\tau_crystal\tau_crystal\mobile\android\comcapsule\app\build\intermediates\merged_res\release\mergeReleaseResources\values-si_values-si.arsc.flat
2025-09-24T19:26:09Z C:\Users\Cody\Desktop\tau_crystal\tau_crystal\mobile\android\comcapsule\app\build\intermediates\merged_res\release\mergeReleaseResources\values-sk_values-sk.arsc.flat
2025-09-24T19:26:09Z C:\Users\Cody\Desktop\tau_crystal\tau_crystal\mobile\android\comcapsule\app\build\intermediates\merged_res\release\mergeReleaseResources\values-sl_values-sl.arsc.flat
2025-09-24T19:26:09Z C:\Users\Cody\Desktop\tau_crystal\tau_crystal\mobile\android\comcapsule\app\build\intermediates\merged_res\release\mergeReleaseResources\values-sq_values-sq.arsc.flat
2025-09-24T19:26:09Z C:\Users\Cody\Desktop\tau_crystal\tau_crystal\mobile\android\comcapsule\app\build\intermediates\merged_res\release\mergeReleaseResources\values-sr_values-sr.arsc.flat
2025-09-24T19:26:09Z C:\Users\Cody\Desktop\tau_crystal\tau_crystal\mobile\android\comcapsule\app\build\intermediates\merged_res\release\mergeReleaseResources\values-sv_values-sv.arsc.flat
2025-09-24T19:26:09Z C:\Users\Cody\Desktop\tau_crystal\tau_crystal\mobile\android\comcapsule\app\build\intermediates\merged_res\release\mergeReleaseResources\values-sw_values-sw.arsc.flat
2025-09-24T19:26:09Z C:\Users\Cody\Desktop\tau_crystal\tau_crystal\mobile\android\comcapsule\app\build\intermediates\merged_res\release\mergeReleaseResources\values-ta_values-ta.arsc.flat
2025-09-24T19:26:09Z C:\Users\Cody\Desktop\tau_crystal\tau_crystal\mobile\android\comcapsule\app\build\intermediates\merged_res\release\mergeReleaseResources\values-te_values-te.arsc.flat
2025-09-24T19:26:09Z C:\Users\Cody\Desktop\tau_crystal\tau_crystal\mobile\android\comcapsule\app\build\intermediates\merged_res\release\mergeReleaseResources\values-th_values-th.arsc.flat
2025-09-24T19:26:09Z C:\Users\Cody\Desktop\tau_crystal\tau_crystal\mobile\android\comcapsule\app\build\intermediates\merged_res\release\mergeReleaseResources\values-tl_values-tl.arsc.flat
2025-09-24T19:26:09Z C:\Users\Cody\Desktop\tau_crystal\tau_crystal\mobile\android\comcapsule\app\build\intermediates\merged_res\release\mergeReleaseResources\values-tr_values-tr.arsc.flat
2025-09-24T19:26:09Z C:\Users\Cody\Desktop\tau_crystal\tau_crystal\mobile\android\comcapsule\app\build\intermediates\merged_res\release\mergeReleaseResources\values-uk_values-uk.arsc.flat
2025-09-24T19:26:09Z C:\Users\Cody\Desktop\tau_crystal\tau_crystal\mobile\android\comcapsule\app\build\intermediates\merged_res\release\mergeReleaseResources\values-ur_values-ur.arsc.flat
2025-09-24T19:26:09Z C:\Users\Cody\Desktop\tau_crystal\tau_crystal\mobile\android\comcapsule\app\build\intermediates\merged_res\release\mergeReleaseResources\values-uz_values-uz.arsc.flat
2025-09-24T19:26:09Z C:\Users\Cody\Desktop\tau_crystal\tau_crystal\mobile\android\comcapsule\app\build\intermediates\merged_res\release\mergeReleaseResources\values-v21_values-v21.arsc.flat
2025-09-24T19:26:09Z C:\Users\Cody\Desktop\tau_crystal\tau_crystal\mobile\android\comcapsule\app\build\intermediates\merged_res\release\mergeReleaseResources\values-v30_values-v30.arsc.flat
2025-09-24T19:26:09Z C:\Users\Cody\Desktop\tau_crystal\tau_crystal\mobile\android\comcapsule\app\build\intermediates\merged_res\release\mergeReleaseResources\values-vi_values-vi.arsc.flat
2025-09-24T19:26:09Z C:\Users\Cody\Desktop\tau_crystal\tau_crystal\mobile\android\comcapsule\app\build\intermediates\merged_res\release\mergeReleaseResources\values-zh-rCN_values-zh-rCN.arsc.flat
2025-09-24T19:26:09Z C:\Users\Cody\Desktop\tau_crystal\tau_crystal\mobile\android\comcapsule\app\build\intermediates\merged_res\release\mergeReleaseResources\values-zh-rHK_values-zh-rHK.arsc.flat
2025-09-24T19:26:09Z C:\Users\Cody\Desktop\tau_crystal\tau_crystal\mobile\android\comcapsule\app\build\intermediates\merged_res\release\mergeReleaseResources\values-zh-rTW_values-zh-rTW.arsc.flat
2025-09-24T19:26:09Z C:\Users\Cody\Desktop\tau_crystal\tau_crystal\mobile\android\comcapsule\app\build\intermediates\merged_res\release\mergeReleaseResources\values-zu_values-zu.arsc.flat
2025-09-24T19:26:09Z C:\Users\Cody\Desktop\tau_crystal\tau_crystal\mobile\android\comcapsule\app\build\intermediates\merged_res\release\mergeReleaseResources\xml_backup_rules.xml.flat
2025-09-24T19:26:09Z C:\Users\Cody\Desktop\tau_crystal\tau_crystal\mobile\android\comcapsule\app\build\intermediates\merged_res\release\mergeReleaseResources\xml_data_extraction_rules.xml.flat
2025-09-24T19:26:09Z C:\Users\Cody\Desktop\tau_crystal\tau_crystal\mobile\android\comcapsule\app\build\intermediates\merged_res_blame_folder\release\mergeReleaseResources\out\multi-v2\mergeReleaseResources.json
2025-09-24T19:26:09Z C:\Users\Cody\Desktop\tau_crystal\tau_crystal\mobile\android\comcapsule\app\build\intermediates\merged_res_blame_folder\release\mergeReleaseResources\out\multi-v2\values.json
2025-09-24T19:26:09Z C:\Users\Cody\Desktop\tau_crystal\tau_crystal\mobile\android\comcapsule\app\build\intermediates\merged_res_blame_folder\release\mergeReleaseResources\out\multi-v2\values-af.json
2025-09-24T19:26:09Z C:\Users\Cody\Desktop\tau_crystal\tau_crystal\mobile\android\comcapsule\app\build\intermediates\merged_res_blame_folder\release\mergeReleaseResources\out\multi-v2\values-am.json
2025-09-24T19:26:09Z C:\Users\Cody\Desktop\tau_crystal\tau_crystal\mobile\android\comcapsule\app\build\intermediates\merged_res_blame_folder\release\mergeReleaseResources\out\multi-v2\values-ar.json
2025-09-24T19:26:09Z C:\Users\Cody\Desktop\tau_crystal\tau_crystal\mobile\android\comcapsule\app\build\intermediates\merged_res_blame_folder\release\mergeReleaseResources\out\multi-v2\values-as.json
2025-09-24T19:26:09Z C:\Users\Cody\Desktop\tau_crystal\tau_crystal\mobile\android\comcapsule\app\build\intermediates\merged_res_blame_folder\release\mergeReleaseResources\out\multi-v2\values-az.json
2025-09-24T19:26:09Z C:\Users\Cody\Desktop\tau_crystal\tau_crystal\mobile\android\comcapsule\app\build\intermediates\merged_res_blame_folder\release\mergeReleaseResources\out\multi-v2\values-b+sr+Latn.json
2025-09-24T19:26:09Z C:\Users\Cody\Desktop\tau_crystal\tau_crystal\mobile\android\comcapsule\app\build\intermediates\merged_res_blame_folder\release\mergeReleaseResources\out\multi-v2\values-be.json
2025-09-24T19:26:09Z C:\Users\Cody\Desktop\tau_crystal\tau_crystal\mobile\android\comcapsule\app\build\intermediates\merged_res_blame_folder\release\mergeReleaseResources\out\multi-v2\values-bg.json
2025-09-24T19:26:09Z C:\Users\Cody\Desktop\tau_crystal\tau_crystal\mobile\android\comcapsule\app\build\intermediates\merged_res_blame_folder\release\mergeReleaseResources\out\multi-v2\values-bn.json
2025-09-24T19:26:09Z C:\Users\Cody\Desktop\tau_crystal\tau_crystal\mobile\android\comcapsule\app\build\intermediates\merged_res_blame_folder\release\mergeReleaseResources\out\multi-v2\values-bs.json
2025-09-24T19:26:09Z C:\Users\Cody\Desktop\tau_crystal\tau_crystal\mobile\android\comcapsule\app\build\intermediates\merged_res_blame_folder\release\mergeReleaseResources\out\multi-v2\values-ca.json
2025-09-24T19:26:09Z C:\Users\Cody\Desktop\tau_crystal\tau_crystal\mobile\android\comcapsule\app\build\intermediates\merged_res_blame_folder\release\mergeReleaseResources\out\multi-v2\values-cs.json
2025-09-24T19:26:09Z C:\Users\Cody\Desktop\tau_crystal\tau_crystal\mobile\android\comcapsule\app\build\intermediates\merged_res_blame_folder\release\mergeReleaseResources\out\multi-v2\values-da.json
2025-09-24T19:26:09Z C:\Users\Cody\Desktop\tau_crystal\tau_crystal\mobile\android\comcapsule\app\build\intermediates\merged_res_blame_folder\release\mergeReleaseResources\out\multi-v2\values-de.json
2025-09-24T19:26:09Z C:\Users\Cody\Desktop\tau_crystal\tau_crystal\mobile\android\comcapsule\app\build\intermediates\merged_res_blame_folder\release\mergeReleaseResources\out\multi-v2\values-el.json
2025-09-24T19:26:09Z C:\Users\Cody\Desktop\tau_crystal\tau_crystal\mobile\android\comcapsule\app\build\intermediates\merged_res_blame_folder\release\mergeReleaseResources\out\multi-v2\values-en-rAU.json
2025-09-24T19:26:09Z C:\Users\Cody\Desktop\tau_crystal\tau_crystal\mobile\android\comcapsule\app\build\intermediates\merged_res_blame_folder\release\mergeReleaseResources\out\multi-v2\values-en-rCA.json
2025-09-24T19:26:09Z C:\Users\Cody\Desktop\tau_crystal\tau_crystal\mobile\android\comcapsule\app\build\intermediates\merged_res_blame_folder\release\mergeReleaseResources\out\multi-v2\values-en-rGB.json
2025-09-24T19:26:09Z C:\Users\Cody\Desktop\tau_crystal\tau_crystal\mobile\android\comcapsule\app\build\intermediates\merged_res_blame_folder\release\mergeReleaseResources\out\multi-v2\values-en-rIN.json
2025-09-24T19:26:09Z C:\Users\Cody\Desktop\tau_crystal\tau_crystal\mobile\android\comcapsule\app\build\intermediates\merged_res_blame_folder\release\mergeReleaseResources\out\multi-v2\values-en-rXC.json
2025-09-24T19:26:09Z C:\Users\Cody\Desktop\tau_crystal\tau_crystal\mobile\android\comcapsule\app\build\intermediates\merged_res_blame_folder\release\mergeReleaseResources\out\multi-v2\values-es.json
2025-09-24T19:26:09Z C:\Users\Cody\Desktop\tau_crystal\tau_crystal\mobile\android\comcapsule\app\build\intermediates\merged_res_blame_folder\release\mergeReleaseResources\out\multi-v2\values-es-rUS.json
2025-09-24T19:26:09Z C:\Users\Cody\Desktop\tau_crystal\tau_crystal\mobile\android\comcapsule\app\build\intermediates\merged_res_blame_folder\release\mergeReleaseResources\out\multi-v2\values-et.json
2025-09-24T19:26:09Z C:\Users\Cody\Desktop\tau_crystal\tau_crystal\mobile\android\comcapsule\app\build\intermediates\merged_res_blame_folder\release\mergeReleaseResources\out\multi-v2\values-eu.json
2025-09-24T19:26:09Z C:\Users\Cody\Desktop\tau_crystal\tau_crystal\mobile\android\comcapsule\app\build\intermediates\merged_res_blame_folder\release\mergeReleaseResources\out\multi-v2\values-fa.json
2025-09-24T19:26:09Z C:\Users\Cody\Desktop\tau_crystal\tau_crystal\mobile\android\comcapsule\app\build\intermediates\merged_res_blame_folder\release\mergeReleaseResources\out\multi-v2\values-fi.json
2025-09-24T19:26:09Z C:\Users\Cody\Desktop\tau_crystal\tau_crystal\mobile\android\comcapsule\app\build\intermediates\merged_res_blame_folder\release\mergeReleaseResources\out\multi-v2\values-fr.json
2025-09-24T19:26:09Z C:\Users\Cody\Desktop\tau_crystal\tau_crystal\mobile\android\comcapsule\app\build\intermediates\merged_res_blame_folder\release\mergeReleaseResources\out\multi-v2\values-fr-rCA.json
2025-09-24T19:26:09Z C:\Users\Cody\Desktop\tau_crystal\tau_crystal\mobile\android\comcapsule\app\build\intermediates\merged_res_blame_folder\release\mergeReleaseResources\out\multi-v2\values-gl.json
2025-09-24T19:26:09Z C:\Users\Cody\Desktop\tau_crystal\tau_crystal\mobile\android\comcapsule\app\build\intermediates\merged_res_blame_folder\release\mergeReleaseResources\out\multi-v2\values-gu.json
2025-09-24T19:26:09Z C:\Users\Cody\Desktop\tau_crystal\tau_crystal\mobile\android\comcapsule\app\build\intermediates\merged_res_blame_folder\release\mergeReleaseResources\out\multi-v2\values-hi.json
2025-09-24T19:26:09Z C:\Users\Cody\Desktop\tau_crystal\tau_crystal\mobile\android\comcapsule\app\build\intermediates\merged_res_blame_folder\release\mergeReleaseResources\out\multi-v2\values-hr.json
2025-09-24T19:26:09Z C:\Users\Cody\Desktop\tau_crystal\tau_crystal\mobile\android\comcapsule\app\build\intermediates\merged_res_blame_folder\release\mergeReleaseResources\out\multi-v2\values-hu.json
2025-09-24T19:26:09Z C:\Users\Cody\Desktop\tau_crystal\tau_crystal\mobile\android\comcapsule\app\build\intermediates\merged_res_blame_folder\release\mergeReleaseResources\out\multi-v2\values-hy.json
2025-09-24T19:26:09Z C:\Users\Cody\Desktop\tau_crystal\tau_crystal\mobile\android\comcapsule\app\build\intermediates\merged_res_blame_folder\release\mergeReleaseResources\out\multi-v2\values-in.json
2025-09-24T19:26:09Z C:\Users\Cody\Desktop\tau_crystal\tau_crystal\mobile\android\comcapsule\app\build\intermediates\merged_res_blame_folder\release\mergeReleaseResources\out\multi-v2\values-is.json
2025-09-24T19:26:09Z C:\Users\Cody\Desktop\tau_crystal\tau_crystal\mobile\android\comcapsule\app\build\intermediates\merged_res_blame_folder\release\mergeReleaseResources\out\multi-v2\values-it.json
2025-09-24T19:26:09Z C:\Users\Cody\Desktop\tau_crystal\tau_crystal\mobile\android\comcapsule\app\build\intermediates\merged_res_blame_folder\release\mergeReleaseResources\out\multi-v2\values-iw.json
2025-09-24T19:26:09Z C:\Users\Cody\Desktop\tau_crystal\tau_crystal\mobile\android\comcapsule\app\build\intermediates\merged_res_blame_folder\release\mergeReleaseResources\out\multi-v2\values-ja.json
2025-09-24T19:26:09Z C:\Users\Cody\Desktop\tau_crystal\tau_crystal\mobile\android\comcapsule\app\build\intermediates\merged_res_blame_folder\release\mergeReleaseResources\out\multi-v2\values-ka.json
2025-09-24T19:26:09Z C:\Users\Cody\Desktop\tau_crystal\tau_crystal\mobile\android\comcapsule\app\build\intermediates\merged_res_blame_folder\release\mergeReleaseResources\out\multi-v2\values-kk.json
2025-09-24T19:26:09Z C:\Users\Cody\Desktop\tau_crystal\tau_crystal\mobile\android\comcapsule\app\build\intermediates\merged_res_blame_folder\release\mergeReleaseResources\out\multi-v2\values-km.json
2025-09-24T19:26:09Z C:\Users\Cody\Desktop\tau_crystal\tau_crystal\mobile\android\comcapsule\app\build\intermediates\merged_res_blame_folder\release\mergeReleaseResources\out\multi-v2\values-kn.json
2025-09-24T19:26:09Z C:\Users\Cody\Desktop\tau_crystal\tau_crystal\mobile\android\comcapsule\app\build\intermediates\merged_res_blame_folder\release\mergeReleaseResources\out\multi-v2\values-ko.json
2025-09-24T19:26:09Z C:\Users\Cody\Desktop\tau_crystal\tau_crystal\mobile\android\comcapsule\app\build\intermediates\merged_res_blame_folder\release\mergeReleaseResources\out\multi-v2\values-ky.json
2025-09-24T19:26:09Z C:\Users\Cody\Desktop\tau_crystal\tau_crystal\mobile\android\comcapsule\app\build\intermediates\merged_res_blame_folder\release\mergeReleaseResources\out\multi-v2\values-lo.json
2025-09-24T19:26:09Z C:\Users\Cody\Desktop\tau_crystal\tau_crystal\mobile\android\comcapsule\app\build\intermediates\merged_res_blame_folder\release\mergeReleaseResources\out\multi-v2\values-lt.json
2025-09-24T19:26:09Z C:\Users\Cody\Desktop\tau_crystal\tau_crystal\mobile\android\comcapsule\app\build\intermediates\merged_res_blame_folder\release\mergeReleaseResources\out\multi-v2\values-lv.json
2025-09-24T19:26:09Z C:\Users\Cody\Desktop\tau_crystal\tau_crystal\mobile\android\comcapsule\app\build\intermediates\merged_res_blame_folder\release\mergeReleaseResources\out\multi-v2\values-mk.json
2025-09-24T19:26:09Z C:\Users\Cody\Desktop\tau_crystal\tau_crystal\mobile\android\comcapsule\app\build\intermediates\merged_res_blame_folder\release\mergeReleaseResources\out\multi-v2\values-ml.json
2025-09-24T19:26:09Z C:\Users\Cody\Desktop\tau_crystal\tau_crystal\mobile\android\comcapsule\app\build\intermediates\merged_res_blame_folder\release\mergeReleaseResources\out\multi-v2\values-mn.json
2025-09-24T19:26:09Z C:\Users\Cody\Desktop\tau_crystal\tau_crystal\mobile\android\comcapsule\app\build\intermediates\merged_res_blame_folder\release\mergeReleaseResources\out\multi-v2\values-mr.json
2025-09-24T19:26:09Z C:\Users\Cody\Desktop\tau_crystal\tau_crystal\mobile\android\comcapsule\app\build\intermediates\merged_res_blame_folder\release\mergeReleaseResources\out\multi-v2\values-ms.json
2025-09-24T19:26:09Z C:\Users\Cody\Desktop\tau_crystal\tau_crystal\mobile\android\comcapsule\app\build\intermediates\merged_res_blame_folder\release\mergeReleaseResources\out\multi-v2\values-my.json
2025-09-24T19:26:09Z C:\Users\Cody\Desktop\tau_crystal\tau_crystal\mobile\android\comcapsule\app\build\intermediates\merged_res_blame_folder\release\mergeReleaseResources\out\multi-v2\values-nb.json
2025-09-24T19:26:09Z C:\Users\Cody\Desktop\tau_crystal\tau_crystal\mobile\android\comcapsule\app\build\intermediates\merged_res_blame_folder\release\mergeReleaseResources\out\multi-v2\values-ne.json
2025-09-24T19:26:09Z C:\Users\Cody\Desktop\tau_crystal\tau_crystal\mobile\android\comcapsule\app\build\intermediates\merged_res_blame_folder\release\mergeReleaseResources\out\multi-v2\values-nl.json
2025-09-24T19:26:09Z C:\Users\Cody\Desktop\tau_crystal\tau_crystal\mobile\android\comcapsule\app\build\intermediates\merged_res_blame_folder\release\mergeReleaseResources\out\multi-v2\values-or.json
2025-09-24T19:26:09Z C:\Users\Cody\Desktop\tau_crystal\tau_crystal\mobile\android\comcapsule\app\build\intermediates\merged_res_blame_folder\release\mergeReleaseResources\out\multi-v2\values-pa.json
2025-09-24T19:26:09Z C:\Users\Cody\Desktop\tau_crystal\tau_crystal\mobile\android\comcapsule\app\build\intermediates\merged_res_blame_folder\release\mergeReleaseResources\out\multi-v2\values-pl.json
2025-09-24T19:26:09Z C:\Users\Cody\Desktop\tau_crystal\tau_crystal\mobile\android\comcapsule\app\build\intermediates\merged_res_blame_folder\release\mergeReleaseResources\out\multi-v2\values-pt.json
2025-09-24T19:26:09Z C:\Users\Cody\Desktop\tau_crystal\tau_crystal\mobile\android\comcapsule\app\build\intermediates\merged_res_blame_folder\release\mergeReleaseResources\out\multi-v2\values-pt-rBR.json
2025-09-24T19:26:09Z C:\Users\Cody\Desktop\tau_crystal\tau_crystal\mobile\android\comcapsule\app\build\intermediates\merged_res_blame_folder\release\mergeReleaseResources\out\multi-v2\values-pt-rPT.json
2025-09-24T19:26:09Z C:\Users\Cody\Desktop\tau_crystal\tau_crystal\mobile\android\comcapsule\app\build\intermediates\merged_res_blame_folder\release\mergeReleaseResources\out\multi-v2\values-ro.json
2025-09-24T19:26:09Z C:\Users\Cody\Desktop\tau_crystal\tau_crystal\mobile\android\comcapsule\app\build\intermediates\merged_res_blame_folder\release\mergeReleaseResources\out\multi-v2\values-ru.json
2025-09-24T19:26:09Z C:\Users\Cody\Desktop\tau_crystal\tau_crystal\mobile\android\comcapsule\app\build\intermediates\merged_res_blame_folder\release\mergeReleaseResources\out\multi-v2\values-si.json
2025-09-24T19:26:09Z C:\Users\Cody\Desktop\tau_crystal\tau_crystal\mobile\android\comcapsule\app\build\intermediates\merged_res_blame_folder\release\mergeReleaseResources\out\multi-v2\values-sk.json
2025-09-24T19:26:09Z C:\Users\Cody\Desktop\tau_crystal\tau_crystal\mobile\android\comcapsule\app\build\intermediates\merged_res_blame_folder\release\mergeReleaseResources\out\multi-v2\values-sl.json
2025-09-24T19:26:09Z C:\Users\Cody\Desktop\tau_crystal\tau_crystal\mobile\android\comcapsule\app\build\intermediates\merged_res_blame_folder\release\mergeReleaseResources\out\multi-v2\values-sq.json
2025-09-24T19:26:09Z C:\Users\Cody\Desktop\tau_crystal\tau_crystal\mobile\android\comcapsule\app\build\intermediates\merged_res_blame_folder\release\mergeReleaseResources\out\multi-v2\values-sr.json
2025-09-24T19:26:09Z C:\Users\Cody\Desktop\tau_crystal\tau_crystal\mobile\android\comcapsule\app\build\intermediates\merged_res_blame_folder\release\mergeReleaseResources\out\multi-v2\values-sv.json
2025-09-24T19:26:09Z C:\Users\Cody\Desktop\tau_crystal\tau_crystal\mobile\android\comcapsule\app\build\intermediates\merged_res_blame_folder\release\mergeReleaseResources\out\multi-v2\values-sw.json
2025-09-24T19:26:09Z C:\Users\Cody\Desktop\tau_crystal\tau_crystal\mobile\android\comcapsule\app\build\intermediates\merged_res_blame_folder\release\mergeReleaseResources\out\multi-v2\values-ta.json
2025-09-24T19:26:09Z C:\Users\Cody\Desktop\tau_crystal\tau_crystal\mobile\android\comcapsule\app\build\intermediates\merged_res_blame_folder\release\mergeReleaseResources\out\multi-v2\values-te.json
2025-09-24T19:26:09Z C:\Users\Cody\Desktop\tau_crystal\tau_crystal\mobile\android\comcapsule\app\build\intermediates\merged_res_blame_folder\release\mergeReleaseResources\out\multi-v2\values-th.json
2025-09-24T19:26:09Z C:\Users\Cody\Desktop\tau_crystal\tau_crystal\mobile\android\comcapsule\app\build\intermediates\merged_res_blame_folder\release\mergeReleaseResources\out\multi-v2\values-tl.json
2025-09-24T19:26:09Z C:\Users\Cody\Desktop\tau_crystal\tau_crystal\mobile\android\comcapsule\app\build\intermediates\merged_res_blame_folder\release\mergeReleaseResources\out\multi-v2\values-tr.json
2025-09-24T19:26:09Z C:\Users\Cody\Desktop\tau_crystal\tau_crystal\mobile\android\comcapsule\app\build\intermediates\merged_res_blame_folder\release\mergeReleaseResources\out\multi-v2\values-uk.json
2025-09-24T19:26:09Z C:\Users\Cody\Desktop\tau_crystal\tau_crystal\mobile\android\comcapsule\app\build\intermediates\merged_res_blame_folder\release\mergeReleaseResources\out\multi-v2\values-ur.json
2025-09-24T19:26:09Z C:\Users\Cody\Desktop\tau_crystal\tau_crystal\mobile\android\comcapsule\app\build\intermediates\merged_res_blame_folder\release\mergeReleaseResources\out\multi-v2\values-uz.json
2025-09-24T19:26:09Z C:\Users\Cody\Desktop\tau_crystal\tau_crystal\mobile\android\comcapsule\app\build\intermediates\merged_res_blame_folder\release\mergeReleaseResources\out\multi-v2\values-v21.json
2025-09-24T19:26:09Z C:\Users\Cody\Desktop\tau_crystal\tau_crystal\mobile\android\comcapsule\app\build\intermediates\merged_res_blame_folder\release\mergeReleaseResources\out\multi-v2\values-v30.json
2025-09-24T19:26:09Z C:\Users\Cody\Desktop\tau_crystal\tau_crystal\mobile\android\comcapsule\app\build\intermediates\merged_res_blame_folder\release\mergeReleaseResources\out\multi-v2\values-vi.json
2025-09-24T19:26:09Z C:\Users\Cody\Desktop\tau_crystal\tau_crystal\mobile\android\comcapsule\app\build\intermediates\merged_res_blame_folder\release\mergeReleaseResources\out\multi-v2\values-zh-rCN.json
2025-09-24T19:26:09Z C:\Users\Cody\Desktop\tau_crystal\tau_crystal\mobile\android\comcapsule\app\build\intermediates\merged_res_blame_folder\release\mergeReleaseResources\out\multi-v2\values-zh-rHK.json
2025-09-24T19:26:09Z C:\Users\Cody\Desktop\tau_crystal\tau_crystal\mobile\android\comcapsule\app\build\intermediates\merged_res_blame_folder\release\mergeReleaseResources\out\multi-v2\values-zh-rTW.json
2025-09-24T19:26:09Z C:\Users\Cody\Desktop\tau_crystal\tau_crystal\mobile\android\comcapsule\app\build\intermediates\merged_res_blame_folder\release\mergeReleaseResources\out\multi-v2\values-zu.json
2025-09-24T19:26:09Z C:\Users\Cody\Desktop\tau_crystal\tau_crystal\mobile\android\comcapsule\app\build\intermediates\merged_res_blame_folder\release\mergeReleaseResources\out\single\mergeReleaseResources.json
2025-09-24T19:26:09Z C:\Users\Cody\Desktop\tau_crystal\tau_crystal\mobile\android\comcapsule\app\build\intermediates\navigation_json\release\extractDeepLinksRelease\navigation.json
2025-09-24T19:26:09Z C:\Users\Cody\Desktop\tau_crystal\tau_crystal\mobile\android\comcapsule\app\build\intermediates\packaged_res\release\packageReleaseResources\values\values.xml
2025-09-24T19:26:09Z C:\Users\Cody\Desktop\tau_crystal\tau_crystal\mobile\android\comcapsule\app\build\intermediates\version_control_info_file\release\extractReleaseVersionControlInfo\version-control-info.textproto
2025-09-24T19:26:09Z C:\Users\Cody\Desktop\tau_crystal\tau_crystal\mobile\android\comcapsule\app\build\kotlinToolingMetadata\kotlin-tooling-metadata.json
2025-09-24T19:26:10Z C:\Users\Cody\Desktop\tau_crystal\tau_crystal\mobile\android\comcapsule\app\build\intermediates\annotation_processor_list\release\javaPreCompileRelease\annotationProcessors.json
2025-09-24T19:26:33Z C:\Users\Cody\Desktop\tau_crystal\tau_crystal\mobile\android\comcapsule\app\build\intermediates\incremental\mergeReleaseShaders\merger.xml
2025-09-24T19:26:34Z C:\Users\Cody\Desktop\tau_crystal\tau_crystal\mobile\android\comcapsule\app\build\intermediates\app_metadata\release\writeReleaseAppMetadata\app-metadata.properties
2025-09-24T19:26:34Z C:\Users\Cody\Desktop\tau_crystal\tau_crystal\mobile\android\comcapsule\app\build\intermediates\incremental\mergeReleaseAssets\merger.xml
2025-09-24T19:26:34Z C:\Users\Cody\Desktop\tau_crystal\tau_crystal\mobile\android\comcapsule\app\build\intermediates\incremental\mergeReleaseJniLibFolders\merger.xml
2025-09-24T19:26:34Z C:\Users\Cody\Desktop\tau_crystal\tau_crystal\mobile\android\comcapsule\app\build\intermediates\merged_art_profile\release\mergeReleaseArtProfile\baseline-prof.txt
2025-09-24T19:26:34Z C:\Users\Cody\Desktop\tau_crystal\tau_crystal\mobile\android\comcapsule\app\build\intermediates\merged_native_libs\release\mergeReleaseNativeLibs\out\lib\arm64-v8a\libandroidx.graphics.path.so
2025-09-24T19:26:34Z C:\Users\Cody\Desktop\tau_crystal\tau_crystal\mobile\android\comcapsule\app\build\intermediates\merged_native_libs\release\mergeReleaseNativeLibs\out\lib\armeabi-v7a\libandroidx.graphics.path.so
2025-09-24T19:26:34Z C:\Users\Cody\Desktop\tau_crystal\tau_crystal\mobile\android\comcapsule\app\build\intermediates\merged_native_libs\release\mergeReleaseNativeLibs\out\lib\x86\libandroidx.graphics.path.so
2025-09-24T19:26:34Z C:\Users\Cody\Desktop\tau_crystal\tau_crystal\mobile\android\comcapsule\app\build\intermediates\merged_native_libs\release\mergeReleaseNativeLibs\out\lib\x86_64\libandroidx.graphics.path.so
2025-09-24T19:26:34Z C:\Users\Cody\Desktop\tau_crystal\tau_crystal\mobile\android\comcapsule\app\build\intermediates\stripped_native_libs\release\stripReleaseDebugSymbols\out\lib\arm64-v8a\libandroidx.graphics.path.so
2025-09-24T19:26:34Z C:\Users\Cody\Desktop\tau_crystal\tau_crystal\mobile\android\comcapsule\app\build\intermediates\stripped_native_libs\release\stripReleaseDebugSymbols\out\lib\armeabi-v7a\libandroidx.graphics.path.so
2025-09-24T19:26:34Z C:\Users\Cody\Desktop\tau_crystal\tau_crystal\mobile\android\comcapsule\app\build\intermediates\stripped_native_libs\release\stripReleaseDebugSymbols\out\lib\x86\libandroidx.graphics.path.so
2025-09-24T19:26:34Z C:\Users\Cody\Desktop\tau_crystal\tau_crystal\mobile\android\comcapsule\app\build\intermediates\stripped_native_libs\release\stripReleaseDebugSymbols\out\lib\x86_64\libandroidx.graphics.path.so
2025-09-24T19:26:35Z C:\Users\Cody\Desktop\tau_crystal\tau_crystal\mobile\android\comcapsule\app\build\intermediates\bundle_dependency_report\release\configureReleaseDependencies\dependencies.pb
2025-09-24T19:26:35Z C:\Users\Cody\Desktop\tau_crystal\tau_crystal\mobile\android\comcapsule\app\build\intermediates\metadata_library_dependencies_report\release\collectReleaseDependencies\dependencies.pb
2025-09-24T19:26:36Z C:\Users\Cody\Desktop\tau_crystal\tau_crystal\mobile\android\comcapsule\app\build\intermediates\external_libs_dex\release\mergeExtDexRelease\classes2.dex
2025-09-24T19:26:37Z C:\Users\Cody\Desktop\tau_crystal\tau_crystal\mobile\android\comcapsule\app\build\intermediates\external_libs_dex\release\mergeExtDexRelease\classes.dex
2025-09-24T19:26:42Z C:\Users\Cody\Desktop\tau_crystal\tau_crystal\mobile\android\comcapsule\app\build\tmp\kotlin-classes\release\com\capsule\ComposableSingletons$MainActivityKt$lambda-1$1.class
2025-09-24T19:26:42Z C:\Users\Cody\Desktop\tau_crystal\tau_crystal\mobile\android\comcapsule\app\build\tmp\kotlin-classes\release\com\capsule\ComposableSingletons$MainActivityKt$lambda-10$1.class
2025-09-24T19:26:42Z C:\Users\Cody\Desktop\tau_crystal\tau_crystal\mobile\android\comcapsule\app\build\tmp\kotlin-classes\release\com\capsule\ComposableSingletons$MainActivityKt$lambda-11$1.class
2025-09-24T19:26:42Z C:\Users\Cody\Desktop\tau_crystal\tau_crystal\mobile\android\comcapsule\app\build\tmp\kotlin-classes\release\com\capsule\ComposableSingletons$MainActivityKt$lambda-12$1.class
2025-09-24T19:26:42Z C:\Users\Cody\Desktop\tau_crystal\tau_crystal\mobile\android\comcapsule\app\build\tmp\kotlin-classes\release\com\capsule\ComposableSingletons$MainActivityKt$lambda-13$1.class
2025-09-24T19:26:42Z C:\Users\Cody\Desktop\tau_crystal\tau_crystal\mobile\android\comcapsule\app\build\tmp\kotlin-classes\release\com\capsule\ComposableSingletons$MainActivityKt$lambda-2$1.class
2025-09-24T19:26:42Z C:\Users\Cody\Desktop\tau_crystal\tau_crystal\mobile\android\comcapsule\app\build\tmp\kotlin-classes\release\com\capsule\ComposableSingletons$MainActivityKt$lambda-3$1.class
2025-09-24T19:26:42Z C:\Users\Cody\Desktop\tau_crystal\tau_crystal\mobile\android\comcapsule\app\build\tmp\kotlin-classes\release\com\capsule\ComposableSingletons$MainActivityKt$lambda-4$1.class
2025-09-24T19:26:42Z C:\Users\Cody\Desktop\tau_crystal\tau_crystal\mobile\android\comcapsule\app\build\tmp\kotlin-classes\release\com\capsule\ComposableSingletons$MainActivityKt$lambda-5$1.class
2025-09-24T19:26:42Z C:\Users\Cody\Desktop\tau_crystal\tau_crystal\mobile\android\comcapsule\app\build\tmp\kotlin-classes\release\com\capsule\ComposableSingletons$MainActivityKt$lambda-6$1.class
2025-09-24T19:26:42Z C:\Users\Cody\Desktop\tau_crystal\tau_crystal\mobile\android\comcapsule\app\build\tmp\kotlin-classes\release\com\capsule\ComposableSingletons$MainActivityKt$lambda-7$1.class
2025-09-24T19:26:42Z C:\Users\Cody\Desktop\tau_crystal\tau_crystal\mobile\android\comcapsule\app\build\tmp\kotlin-classes\release\com\capsule\ComposableSingletons$MainActivityKt$lambda-8$1.class
2025-09-24T19:26:42Z C:\Users\Cody\Desktop\tau_crystal\tau_crystal\mobile\android\comcapsule\app\build\tmp\kotlin-classes\release\com\capsule\ComposableSingletons$MainActivityKt$lambda-9$1.class
2025-09-24T19:26:42Z C:\Users\Cody\Desktop\tau_crystal\tau_crystal\mobile\android\comcapsule\app\build\tmp\kotlin-classes\release\com\capsule\ComposableSingletons$MainActivityKt.class
2025-09-24T19:26:42Z C:\Users\Cody\Desktop\tau_crystal\tau_crystal\mobile\android\comcapsule\app\build\tmp\kotlin-classes\release\com\capsule\Json.class
2025-09-24T19:26:42Z C:\Users\Cody\Desktop\tau_crystal\tau_crystal\mobile\android\comcapsule\app\build\tmp\kotlin-classes\release\com\capsule\MainActivity$Companion.class
2025-09-24T19:26:42Z C:\Users\Cody\Desktop\tau_crystal\tau_crystal\mobile\android\comcapsule\app\build\tmp\kotlin-classes\release\com\capsule\MainActivity$keyFingerprintSha256$1.class
2025-09-24T19:26:42Z C:\Users\Cody\Desktop\tau_crystal\tau_crystal\mobile\android\comcapsule\app\build\tmp\kotlin-classes\release\com\capsule\MainActivity$onCreate$1$1$1$1$1.class
2025-09-24T19:26:42Z C:\Users\Cody\Desktop\tau_crystal\tau_crystal\mobile\android\comcapsule\app\build\tmp\kotlin-classes\release\com\capsule\MainActivity$onCreate$1$1$1$2$1.class
2025-09-24T19:26:42Z C:\Users\Cody\Desktop\tau_crystal\tau_crystal\mobile\android\comcapsule\app\build\tmp\kotlin-classes\release\com\capsule\MainActivity$onCreate$1$1$1$2$2.class
2025-09-24T19:26:42Z C:\Users\Cody\Desktop\tau_crystal\tau_crystal\mobile\android\comcapsule\app\build\tmp\kotlin-classes\release\com\capsule\MainActivity$onCreate$1$1$1$3$1.class
2025-09-24T19:26:42Z C:\Users\Cody\Desktop\tau_crystal\tau_crystal\mobile\android\comcapsule\app\build\tmp\kotlin-classes\release\com\capsule\MainActivity$onCreate$1$1$1$3$2$1.class
2025-09-24T19:26:42Z C:\Users\Cody\Desktop\tau_crystal\tau_crystal\mobile\android\comcapsule\app\build\tmp\kotlin-classes\release\com\capsule\MainActivity$onCreate$1$1$1$4$1.class
2025-09-24T19:26:42Z C:\Users\Cody\Desktop\tau_crystal\tau_crystal\mobile\android\comcapsule\app\build\tmp\kotlin-classes\release\com\capsule\MainActivity$onCreate$1$1$1$4$2.class
2025-09-24T19:26:42Z C:\Users\Cody\Desktop\tau_crystal\tau_crystal\mobile\android\comcapsule\app\build\tmp\kotlin-classes\release\com\capsule\MainActivity$onCreate$1$1$1$6$1$1.class
2025-09-24T19:26:42Z C:\Users\Cody\Desktop\tau_crystal\tau_crystal\mobile\android\comcapsule\app\build\tmp\kotlin-classes\release\com\capsule\MainActivity$onCreate$1$1$1$6$1$2.class
2025-09-24T19:26:42Z C:\Users\Cody\Desktop\tau_crystal\tau_crystal\mobile\android\comcapsule\app\build\tmp\kotlin-classes\release\com\capsule\MainActivity$onCreate$1$1$1$6$2$1.class
2025-09-24T19:26:42Z C:\Users\Cody\Desktop\tau_crystal\tau_crystal\mobile\android\comcapsule\app\build\tmp\kotlin-classes\release\com\capsule\MainActivity$onCreate$1$1$1$6$2$2.class
2025-09-24T19:26:42Z C:\Users\Cody\Desktop\tau_crystal\tau_crystal\mobile\android\comcapsule\app\build\tmp\kotlin-classes\release\com\capsule\MainActivity$onCreate$1$1$1$6$3.class
2025-09-24T19:26:42Z C:\Users\Cody\Desktop\tau_crystal\tau_crystal\mobile\android\comcapsule\app\build\tmp\kotlin-classes\release\com\capsule\MainActivity$onCreate$1$1$1$6$4$1.class
2025-09-24T19:26:42Z C:\Users\Cody\Desktop\tau_crystal\tau_crystal\mobile\android\comcapsule\app\build\tmp\kotlin-classes\release\com\capsule\MainActivity$onCreate$1$1.class
2025-09-24T19:26:42Z C:\Users\Cody\Desktop\tau_crystal\tau_crystal\mobile\android\comcapsule\app\build\tmp\kotlin-classes\release\com\capsule\MainActivity$onCreate$1.class
2025-09-24T19:26:42Z C:\Users\Cody\Desktop\tau_crystal\tau_crystal\mobile\android\comcapsule\app\build\tmp\kotlin-classes\release\com\capsule\MainActivity$toHex$1.class
2025-09-24T19:26:42Z C:\Users\Cody\Desktop\tau_crystal\tau_crystal\mobile\android\comcapsule\app\build\tmp\kotlin-classes\release\com\capsule\MainActivity.class
2025-09-24T19:26:42Z C:\Users\Cody\Desktop\tau_crystal\tau_crystal\mobile\android\comcapsule\app\build\tmp\kotlin-classes\release\META-INF\app_release.kotlin_module
2025-09-24T19:26:43Z C:\Users\Cody\Desktop\tau_crystal\tau_crystal\mobile\android\comcapsule\app\build\intermediates\desugar_graph\release\dexBuilderRelease\out\currentProject\dirs_bucket_0\graph.bin
2025-09-24T19:26:43Z C:\Users\Cody\Desktop\tau_crystal\tau_crystal\mobile\android\comcapsule\app\build\intermediates\desugar_graph\release\dexBuilderRelease\out\currentProject\dirs_bucket_1\graph.bin
2025-09-24T19:26:43Z C:\Users\Cody\Desktop\tau_crystal\tau_crystal\mobile\android\comcapsule\app\build\intermediates\desugar_graph\release\dexBuilderRelease\out\currentProject\dirs_bucket_2\graph.bin
2025-09-24T19:26:43Z C:\Users\Cody\Desktop\tau_crystal\tau_crystal\mobile\android\comcapsule\app\build\intermediates\desugar_graph\release\dexBuilderRelease\out\currentProject\dirs_bucket_3\graph.bin
2025-09-24T19:26:43Z C:\Users\Cody\Desktop\tau_crystal\tau_crystal\mobile\android\comcapsule\app\build\intermediates\desugar_graph\release\dexBuilderRelease\out\currentProject\jar_933253689dc3f2cc4954ed99db26cd2496831f590f2c864ed7b0ebac9b61049a_bucket_0\graph.bin
2025-09-24T19:26:43Z C:\Users\Cody\Desktop\tau_crystal\tau_crystal\mobile\android\comcapsule\app\build\intermediates\desugar_graph\release\dexBuilderRelease\out\currentProject\jar_933253689dc3f2cc4954ed99db26cd2496831f590f2c864ed7b0ebac9b61049a_bucket_1\graph.bin
2025-09-24T19:26:43Z C:\Users\Cody\Desktop\tau_crystal\tau_crystal\mobile\android\comcapsule\app\build\intermediates\desugar_graph\release\dexBuilderRelease\out\currentProject\jar_933253689dc3f2cc4954ed99db26cd2496831f590f2c864ed7b0ebac9b61049a_bucket_2\graph.bin
2025-09-24T19:26:43Z C:\Users\Cody\Desktop\tau_crystal\tau_crystal\mobile\android\comcapsule\app\build\intermediates\desugar_graph\release\dexBuilderRelease\out\currentProject\jar_933253689dc3f2cc4954ed99db26cd2496831f590f2c864ed7b0ebac9b61049a_bucket_3\graph.bin
2025-09-24T19:26:43Z C:\Users\Cody\Desktop\tau_crystal\tau_crystal\mobile\android\comcapsule\app\build\intermediates\dex_archive_input_jar_hashes\release\dexBuilderRelease\out
2025-09-24T19:26:43Z C:\Users\Cody\Desktop\tau_crystal\tau_crystal\mobile\android\comcapsule\app\build\intermediates\dex_number_of_buckets_file\release\dexBuilderRelease\out
2025-09-24T19:26:43Z C:\Users\Cody\Desktop\tau_crystal\tau_crystal\mobile\android\comcapsule\app\build\intermediates\java_res\release\processReleaseJavaRes\out\kotlin-tooling-metadata.json
2025-09-24T19:26:43Z C:\Users\Cody\Desktop\tau_crystal\tau_crystal\mobile\android\comcapsule\app\build\intermediates\java_res\release\processReleaseJavaRes\out\META-INF\app_release.kotlin_module
2025-09-24T19:26:43Z C:\Users\Cody\Desktop\tau_crystal\tau_crystal\mobile\android\comcapsule\app\build\intermediates\project_dex_archive\release\dexBuilderRelease\out\0de2ef9fb39d65a83150fc619a4475cee2fbbd41861fcd680bd4fc519f059547_0.jar
2025-09-24T19:26:43Z C:\Users\Cody\Desktop\tau_crystal\tau_crystal\mobile\android\comcapsule\app\build\intermediates\project_dex_archive\release\dexBuilderRelease\out\0de2ef9fb39d65a83150fc619a4475cee2fbbd41861fcd680bd4fc519f059547_1.jar
2025-09-24T19:26:43Z C:\Users\Cody\Desktop\tau_crystal\tau_crystal\mobile\android\comcapsule\app\build\intermediates\project_dex_archive\release\dexBuilderRelease\out\0de2ef9fb39d65a83150fc619a4475cee2fbbd41861fcd680bd4fc519f059547_2.jar
2025-09-24T19:26:43Z C:\Users\Cody\Desktop\tau_crystal\tau_crystal\mobile\android\comcapsule\app\build\intermediates\project_dex_archive\release\dexBuilderRelease\out\0de2ef9fb39d65a83150fc619a4475cee2fbbd41861fcd680bd4fc519f059547_3.jar
2025-09-24T19:26:43Z C:\Users\Cody\Desktop\tau_crystal\tau_crystal\mobile\android\comcapsule\app\build\intermediates\project_dex_archive\release\dexBuilderRelease\out\com\capsule\ComposableSingletons$MainActivityKt$lambda-1$1.dex
2025-09-24T19:26:43Z C:\Users\Cody\Desktop\tau_crystal\tau_crystal\mobile\android\comcapsule\app\build\intermediates\project_dex_archive\release\dexBuilderRelease\out\com\capsule\ComposableSingletons$MainActivityKt$lambda-10$1.dex
2025-09-24T19:26:43Z C:\Users\Cody\Desktop\tau_crystal\tau_crystal\mobile\android\comcapsule\app\build\intermediates\project_dex_archive\release\dexBuilderRelease\out\com\capsule\ComposableSingletons$MainActivityKt$lambda-11$1.dex
2025-09-24T19:26:43Z C:\Users\Cody\Desktop\tau_crystal\tau_crystal\mobile\android\comcapsule\app\build\intermediates\project_dex_archive\release\dexBuilderRelease\out\com\capsule\ComposableSingletons$MainActivityKt$lambda-12$1.dex
2025-09-24T19:26:43Z C:\Users\Cody\Desktop\tau_crystal\tau_crystal\mobile\android\comcapsule\app\build\intermediates\project_dex_archive\release\dexBuilderRelease\out\com\capsule\ComposableSingletons$MainActivityKt$lambda-13$1.dex
2025-09-24T19:26:43Z C:\Users\Cody\Desktop\tau_crystal\tau_crystal\mobile\android\comcapsule\app\build\intermediates\project_dex_archive\release\dexBuilderRelease\out\com\capsule\ComposableSingletons$MainActivityKt$lambda-2$1.dex
2025-09-24T19:26:43Z C:\Users\Cody\Desktop\tau_crystal\tau_crystal\mobile\android\comcapsule\app\build\intermediates\project_dex_archive\release\dexBuilderRelease\out\com\capsule\ComposableSingletons$MainActivityKt$lambda-3$1.dex
2025-09-24T19:26:43Z C:\Users\Cody\Desktop\tau_crystal\tau_crystal\mobile\android\comcapsule\app\build\intermediates\project_dex_archive\release\dexBuilderRelease\out\com\capsule\ComposableSingletons$MainActivityKt$lambda-4$1.dex
2025-09-24T19:26:43Z C:\Users\Cody\Desktop\tau_crystal\tau_crystal\mobile\android\comcapsule\app\build\intermediates\project_dex_archive\release\dexBuilderRelease\out\com\capsule\ComposableSingletons$MainActivityKt$lambda-5$1.dex
2025-09-24T19:26:43Z C:\Users\Cody\Desktop\tau_crystal\tau_crystal\mobile\android\comcapsule\app\build\intermediates\project_dex_archive\release\dexBuilderRelease\out\com\capsule\ComposableSingletons$MainActivityKt$lambda-6$1.dex
2025-09-24T19:26:43Z C:\Users\Cody\Desktop\tau_crystal\tau_crystal\mobile\android\comcapsule\app\build\intermediates\project_dex_archive\release\dexBuilderRelease\out\com\capsule\ComposableSingletons$MainActivityKt$lambda-7$1.dex
2025-09-24T19:26:43Z C:\Users\Cody\Desktop\tau_crystal\tau_crystal\mobile\android\comcapsule\app\build\intermediates\project_dex_archive\release\dexBuilderRelease\out\com\capsule\ComposableSingletons$MainActivityKt$lambda-8$1.dex
2025-09-24T19:26:43Z C:\Users\Cody\Desktop\tau_crystal\tau_crystal\mobile\android\comcapsule\app\build\intermediates\project_dex_archive\release\dexBuilderRelease\out\com\capsule\ComposableSingletons$MainActivityKt$lambda-9$1.dex
2025-09-24T19:26:43Z C:\Users\Cody\Desktop\tau_crystal\tau_crystal\mobile\android\comcapsule\app\build\intermediates\project_dex_archive\release\dexBuilderRelease\out\com\capsule\ComposableSingletons$MainActivityKt.dex
2025-09-24T19:26:43Z C:\Users\Cody\Desktop\tau_crystal\tau_crystal\mobile\android\comcapsule\app\build\intermediates\project_dex_archive\release\dexBuilderRelease\out\com\capsule\Json.dex
2025-09-24T19:26:43Z C:\Users\Cody\Desktop\tau_crystal\tau_crystal\mobile\android\comcapsule\app\build\intermediates\project_dex_archive\release\dexBuilderRelease\out\com\capsule\MainActivity$Companion.dex
2025-09-24T19:26:43Z C:\Users\Cody\Desktop\tau_crystal\tau_crystal\mobile\android\comcapsule\app\build\intermediates\project_dex_archive\release\dexBuilderRelease\out\com\capsule\MainActivity$keyFingerprintSha256$1.dex
2025-09-24T19:26:43Z C:\Users\Cody\Desktop\tau_crystal\tau_crystal\mobile\android\comcapsule\app\build\intermediates\project_dex_archive\release\dexBuilderRelease\out\com\capsule\MainActivity$onCreate$1$1$1$1$1.dex
2025-09-24T19:26:43Z C:\Users\Cody\Desktop\tau_crystal\tau_crystal\mobile\android\comcapsule\app\build\intermediates\project_dex_archive\release\dexBuilderRelease\out\com\capsule\MainActivity$onCreate$1$1$1$2$1.dex
2025-09-24T19:26:43Z C:\Users\Cody\Desktop\tau_crystal\tau_crystal\mobile\android\comcapsule\app\build\intermediates\project_dex_archive\release\dexBuilderRelease\out\com\capsule\MainActivity$onCreate$1$1$1$2$2.dex
2025-09-24T19:26:43Z C:\Users\Cody\Desktop\tau_crystal\tau_crystal\mobile\android\comcapsule\app\build\intermediates\project_dex_archive\release\dexBuilderRelease\out\com\capsule\MainActivity$onCreate$1$1$1$3$1.dex
2025-09-24T19:26:43Z C:\Users\Cody\Desktop\tau_crystal\tau_crystal\mobile\android\comcapsule\app\build\intermediates\project_dex_archive\release\dexBuilderRelease\out\com\capsule\MainActivity$onCreate$1$1$1$3$2$1.dex
2025-09-24T19:26:43Z C:\Users\Cody\Desktop\tau_crystal\tau_crystal\mobile\android\comcapsule\app\build\intermediates\project_dex_archive\release\dexBuilderRelease\out\com\capsule\MainActivity$onCreate$1$1$1$4$1.dex
2025-09-24T19:26:43Z C:\Users\Cody\Desktop\tau_crystal\tau_crystal\mobile\android\comcapsule\app\build\intermediates\project_dex_archive\release\dexBuilderRelease\out\com\capsule\MainActivity$onCreate$1$1$1$4$2.dex
2025-09-24T19:26:43Z C:\Users\Cody\Desktop\tau_crystal\tau_crystal\mobile\android\comcapsule\app\build\intermediates\project_dex_archive\release\dexBuilderRelease\out\com\capsule\MainActivity$onCreate$1$1$1$6$1$1.dex
2025-09-24T19:26:43Z C:\Users\Cody\Desktop\tau_crystal\tau_crystal\mobile\android\comcapsule\app\build\intermediates\project_dex_archive\release\dexBuilderRelease\out\com\capsule\MainActivity$onCreate$1$1$1$6$1$2.dex
2025-09-24T19:26:43Z C:\Users\Cody\Desktop\tau_crystal\tau_crystal\mobile\android\comcapsule\app\build\intermediates\project_dex_archive\release\dexBuilderRelease\out\com\capsule\MainActivity$onCreate$1$1$1$6$2$1.dex
2025-09-24T19:26:43Z C:\Users\Cody\Desktop\tau_crystal\tau_crystal\mobile\android\comcapsule\app\build\intermediates\project_dex_archive\release\dexBuilderRelease\out\com\capsule\MainActivity$onCreate$1$1$1$6$2$2.dex
2025-09-24T19:26:43Z C:\Users\Cody\Desktop\tau_crystal\tau_crystal\mobile\android\comcapsule\app\build\intermediates\project_dex_archive\release\dexBuilderRelease\out\com\capsule\MainActivity$onCreate$1$1$1$6$3.dex
2025-09-24T19:26:43Z C:\Users\Cody\Desktop\tau_crystal\tau_crystal\mobile\android\comcapsule\app\build\intermediates\project_dex_archive\release\dexBuilderRelease\out\com\capsule\MainActivity$onCreate$1$1$1$6$4$1.dex
2025-09-24T19:26:43Z C:\Users\Cody\Desktop\tau_crystal\tau_crystal\mobile\android\comcapsule\app\build\intermediates\project_dex_archive\release\dexBuilderRelease\out\com\capsule\MainActivity$onCreate$1$1.dex
2025-09-24T19:26:43Z C:\Users\Cody\Desktop\tau_crystal\tau_crystal\mobile\android\comcapsule\app\build\intermediates\project_dex_archive\release\dexBuilderRelease\out\com\capsule\MainActivity$onCreate$1.dex
2025-09-24T19:26:43Z C:\Users\Cody\Desktop\tau_crystal\tau_crystal\mobile\android\comcapsule\app\build\intermediates\project_dex_archive\release\dexBuilderRelease\out\com\capsule\MainActivity$toHex$1.dex
2025-09-24T19:26:43Z C:\Users\Cody\Desktop\tau_crystal\tau_crystal\mobile\android\comcapsule\app\build\intermediates\project_dex_archive\release\dexBuilderRelease\out\com\capsule\MainActivity.dex
2025-09-24T19:26:43Z C:\Users\Cody\Desktop\tau_crystal\tau_crystal\mobile\android\comcapsule\app\build\kotlin\compileReleaseKotlin\cacheable\caches-jvm\inputs\source-to-output.tab
2025-09-24T19:26:43Z C:\Users\Cody\Desktop\tau_crystal\tau_crystal\mobile\android\comcapsule\app\build\kotlin\compileReleaseKotlin\cacheable\caches-jvm\inputs\source-to-output.tab.keystream
2025-09-24T19:26:43Z C:\Users\Cody\Desktop\tau_crystal\tau_crystal\mobile\android\comcapsule\app\build\kotlin\compileReleaseKotlin\cacheable\caches-jvm\inputs\source-to-output.tab.keystream.len
2025-09-24T19:26:43Z C:\Users\Cody\Desktop\tau_crystal\tau_crystal\mobile\android\comcapsule\app\build\kotlin\compileReleaseKotlin\cacheable\caches-jvm\inputs\source-to-output.tab.len
2025-09-24T19:26:43Z C:\Users\Cody\Desktop\tau_crystal\tau_crystal\mobile\android\comcapsule\app\build\kotlin\compileReleaseKotlin\cacheable\caches-jvm\inputs\source-to-output.tab.values.at
2025-09-24T19:26:43Z C:\Users\Cody\Desktop\tau_crystal\tau_crystal\mobile\android\comcapsule\app\build\kotlin\compileReleaseKotlin\cacheable\caches-jvm\inputs\source-to-output.tab_i
2025-09-24T19:26:43Z C:\Users\Cody\Desktop\tau_crystal\tau_crystal\mobile\android\comcapsule\app\build\kotlin\compileReleaseKotlin\cacheable\caches-jvm\inputs\source-to-output.tab_i.len
2025-09-24T19:26:43Z C:\Users\Cody\Desktop\tau_crystal\tau_crystal\mobile\android\comcapsule\app\build\kotlin\compileReleaseKotlin\cacheable\caches-jvm\jvm\kotlin\class-attributes.tab
2025-09-24T19:26:43Z C:\Users\Cody\Desktop\tau_crystal\tau_crystal\mobile\android\comcapsule\app\build\kotlin\compileReleaseKotlin\cacheable\caches-jvm\jvm\kotlin\class-attributes.tab.keystream
2025-09-24T19:26:43Z C:\Users\Cody\Desktop\tau_crystal\tau_crystal\mobile\android\comcapsule\app\build\kotlin\compileReleaseKotlin\cacheable\caches-jvm\jvm\kotlin\class-attributes.tab.keystream.len
2025-09-24T19:26:43Z C:\Users\Cody\Desktop\tau_crystal\tau_crystal\mobile\android\comcapsule\app\build\kotlin\compileReleaseKotlin\cacheable\caches-jvm\jvm\kotlin\class-attributes.tab.len
2025-09-24T19:26:43Z C:\Users\Cody\Desktop\tau_crystal\tau_crystal\mobile\android\comcapsule\app\build\kotlin\compileReleaseKotlin\cacheable\caches-jvm\jvm\kotlin\class-attributes.tab.values.at
2025-09-24T19:26:43Z C:\Users\Cody\Desktop\tau_crystal\tau_crystal\mobile\android\comcapsule\app\build\kotlin\compileReleaseKotlin\cacheable\caches-jvm\jvm\kotlin\class-attributes.tab_i
2025-09-24T19:26:43Z C:\Users\Cody\Desktop\tau_crystal\tau_crystal\mobile\android\comcapsule\app\build\kotlin\compileReleaseKotlin\cacheable\caches-jvm\jvm\kotlin\class-attributes.tab_i.len
2025-09-24T19:26:43Z C:\Users\Cody\Desktop\tau_crystal\tau_crystal\mobile\android\comcapsule\app\build\kotlin\compileReleaseKotlin\cacheable\caches-jvm\jvm\kotlin\class-fq-name-to-source.tab
2025-09-24T19:26:43Z C:\Users\Cody\Desktop\tau_crystal\tau_crystal\mobile\android\comcapsule\app\build\kotlin\compileReleaseKotlin\cacheable\caches-jvm\jvm\kotlin\class-fq-name-to-source.tab.keystream
2025-09-24T19:26:43Z C:\Users\Cody\Desktop\tau_crystal\tau_crystal\mobile\android\comcapsule\app\build\kotlin\compileReleaseKotlin\cacheable\caches-jvm\jvm\kotlin\class-fq-name-to-source.tab.keystream.len
2025-09-24T19:26:43Z C:\Users\Cody\Desktop\tau_crystal\tau_crystal\mobile\android\comcapsule\app\build\kotlin\compileReleaseKotlin\cacheable\caches-jvm\jvm\kotlin\class-fq-name-to-source.tab.len
2025-09-24T19:26:43Z C:\Users\Cody\Desktop\tau_crystal\tau_crystal\mobile\android\comcapsule\app\build\kotlin\compileReleaseKotlin\cacheable\caches-jvm\jvm\kotlin\class-fq-name-to-source.tab.values.at
2025-09-24T19:26:43Z C:\Users\Cody\Desktop\tau_crystal\tau_crystal\mobile\android\comcapsule\app\build\kotlin\compileReleaseKotlin\cacheable\caches-jvm\jvm\kotlin\class-fq-name-to-source.tab_i
2025-09-24T19:26:43Z C:\Users\Cody\Desktop\tau_crystal\tau_crystal\mobile\android\comcapsule\app\build\kotlin\compileReleaseKotlin\cacheable\caches-jvm\jvm\kotlin\class-fq-name-to-source.tab_i.len
2025-09-24T19:26:43Z C:\Users\Cody\Desktop\tau_crystal\tau_crystal\mobile\android\comcapsule\app\build\kotlin\compileReleaseKotlin\cacheable\caches-jvm\jvm\kotlin\internal-name-to-source.tab
2025-09-24T19:26:43Z C:\Users\Cody\Desktop\tau_crystal\tau_crystal\mobile\android\comcapsule\app\build\kotlin\compileReleaseKotlin\cacheable\caches-jvm\jvm\kotlin\internal-name-to-source.tab.keystream
2025-09-24T19:26:43Z C:\Users\Cody\Desktop\tau_crystal\tau_crystal\mobile\android\comcapsule\app\build\kotlin\compileReleaseKotlin\cacheable\caches-jvm\jvm\kotlin\internal-name-to-source.tab.keystream.len
2025-09-24T19:26:43Z C:\Users\Cody\Desktop\tau_crystal\tau_crystal\mobile\android\comcapsule\app\build\kotlin\compileReleaseKotlin\cacheable\caches-jvm\jvm\kotlin\internal-name-to-source.tab.len
2025-09-24T19:26:43Z C:\Users\Cody\Desktop\tau_crystal\tau_crystal\mobile\android\comcapsule\app\build\kotlin\compileReleaseKotlin\cacheable\caches-jvm\jvm\kotlin\internal-name-to-source.tab.values.at
2025-09-24T19:26:43Z C:\Users\Cody\Desktop\tau_crystal\tau_crystal\mobile\android\comcapsule\app\build\kotlin\compileReleaseKotlin\cacheable\caches-jvm\jvm\kotlin\internal-name-to-source.tab_i
2025-09-24T19:26:43Z C:\Users\Cody\Desktop\tau_crystal\tau_crystal\mobile\android\comcapsule\app\build\kotlin\compileReleaseKotlin\cacheable\caches-jvm\jvm\kotlin\internal-name-to-source.tab_i.len
2025-09-24T19:26:43Z C:\Users\Cody\Desktop\tau_crystal\tau_crystal\mobile\android\comcapsule\app\build\kotlin\compileReleaseKotlin\cacheable\caches-jvm\jvm\kotlin\proto.tab
2025-09-24T19:26:43Z C:\Users\Cody\Desktop\tau_crystal\tau_crystal\mobile\android\comcapsule\app\build\kotlin\compileReleaseKotlin\cacheable\caches-jvm\jvm\kotlin\proto.tab.keystream
2025-09-24T19:26:43Z C:\Users\Cody\Desktop\tau_crystal\tau_crystal\mobile\android\comcapsule\app\build\kotlin\compileReleaseKotlin\cacheable\caches-jvm\jvm\kotlin\proto.tab.keystream.len
2025-09-24T19:26:43Z C:\Users\Cody\Desktop\tau_crystal\tau_crystal\mobile\android\comcapsule\app\build\kotlin\compileReleaseKotlin\cacheable\caches-jvm\jvm\kotlin\proto.tab.len
2025-09-24T19:26:43Z C:\Users\Cody\Desktop\tau_crystal\tau_crystal\mobile\android\comcapsule\app\build\kotlin\compileReleaseKotlin\cacheable\caches-jvm\jvm\kotlin\proto.tab.values.at
2025-09-24T19:26:43Z C:\Users\Cody\Desktop\tau_crystal\tau_crystal\mobile\android\comcapsule\app\build\kotlin\compileReleaseKotlin\cacheable\caches-jvm\jvm\kotlin\proto.tab_i
2025-09-24T19:26:43Z C:\Users\Cody\Desktop\tau_crystal\tau_crystal\mobile\android\comcapsule\app\build\kotlin\compileReleaseKotlin\cacheable\caches-jvm\jvm\kotlin\proto.tab_i.len
2025-09-24T19:26:43Z C:\Users\Cody\Desktop\tau_crystal\tau_crystal\mobile\android\comcapsule\app\build\kotlin\compileReleaseKotlin\cacheable\caches-jvm\jvm\kotlin\source-to-classes.tab
2025-09-24T19:26:43Z C:\Users\Cody\Desktop\tau_crystal\tau_crystal\mobile\android\comcapsule\app\build\kotlin\compileReleaseKotlin\cacheable\caches-jvm\jvm\kotlin\source-to-classes.tab.keystream
2025-09-24T19:26:43Z C:\Users\Cody\Desktop\tau_crystal\tau_crystal\mobile\android\comcapsule\app\build\kotlin\compileReleaseKotlin\cacheable\caches-jvm\jvm\kotlin\source-to-classes.tab.keystream.len
2025-09-24T19:26:43Z C:\Users\Cody\Desktop\tau_crystal\tau_crystal\mobile\android\comcapsule\app\build\kotlin\compileReleaseKotlin\cacheable\caches-jvm\jvm\kotlin\source-to-classes.tab.len
2025-09-24T19:26:43Z C:\Users\Cody\Desktop\tau_crystal\tau_crystal\mobile\android\comcapsule\app\build\kotlin\compileReleaseKotlin\cacheable\caches-jvm\jvm\kotlin\source-to-classes.tab.values.at
2025-09-24T19:26:43Z C:\Users\Cody\Desktop\tau_crystal\tau_crystal\mobile\android\comcapsule\app\build\kotlin\compileReleaseKotlin\cacheable\caches-jvm\jvm\kotlin\source-to-classes.tab_i
2025-09-24T19:26:43Z C:\Users\Cody\Desktop\tau_crystal\tau_crystal\mobile\android\comcapsule\app\build\kotlin\compileReleaseKotlin\cacheable\caches-jvm\jvm\kotlin\source-to-classes.tab_i.len
2025-09-24T19:26:43Z C:\Users\Cody\Desktop\tau_crystal\tau_crystal\mobile\android\comcapsule\app\build\kotlin\compileReleaseKotlin\cacheable\caches-jvm\jvm\kotlin\subtypes.tab
2025-09-24T19:26:43Z C:\Users\Cody\Desktop\tau_crystal\tau_crystal\mobile\android\comcapsule\app\build\kotlin\compileReleaseKotlin\cacheable\caches-jvm\jvm\kotlin\subtypes.tab.keystream
2025-09-24T19:26:43Z C:\Users\Cody\Desktop\tau_crystal\tau_crystal\mobile\android\comcapsule\app\build\kotlin\compileReleaseKotlin\cacheable\caches-jvm\jvm\kotlin\subtypes.tab.keystream.len
2025-09-24T19:26:43Z C:\Users\Cody\Desktop\tau_crystal\tau_crystal\mobile\android\comcapsule\app\build\kotlin\compileReleaseKotlin\cacheable\caches-jvm\jvm\kotlin\subtypes.tab.len
2025-09-24T19:26:43Z C:\Users\Cody\Desktop\tau_crystal\tau_crystal\mobile\android\comcapsule\app\build\kotlin\compileReleaseKotlin\cacheable\caches-jvm\jvm\kotlin\subtypes.tab.values.at
2025-09-24T19:26:43Z C:\Users\Cody\Desktop\tau_crystal\tau_crystal\mobile\android\comcapsule\app\build\kotlin\compileReleaseKotlin\cacheable\caches-jvm\jvm\kotlin\subtypes.tab_i
2025-09-24T19:26:43Z C:\Users\Cody\Desktop\tau_crystal\tau_crystal\mobile\android\comcapsule\app\build\kotlin\compileReleaseKotlin\cacheable\caches-jvm\jvm\kotlin\subtypes.tab_i.len
2025-09-24T19:26:43Z C:\Users\Cody\Desktop\tau_crystal\tau_crystal\mobile\android\comcapsule\app\build\kotlin\compileReleaseKotlin\cacheable\caches-jvm\jvm\kotlin\supertypes.tab
2025-09-24T19:26:43Z C:\Users\Cody\Desktop\tau_crystal\tau_crystal\mobile\android\comcapsule\app\build\kotlin\compileReleaseKotlin\cacheable\caches-jvm\jvm\kotlin\supertypes.tab.keystream
2025-09-24T19:26:43Z C:\Users\Cody\Desktop\tau_crystal\tau_crystal\mobile\android\comcapsule\app\build\kotlin\compileReleaseKotlin\cacheable\caches-jvm\jvm\kotlin\supertypes.tab.keystream.len
2025-09-24T19:26:43Z C:\Users\Cody\Desktop\tau_crystal\tau_crystal\mobile\android\comcapsule\app\build\kotlin\compileReleaseKotlin\cacheable\caches-jvm\jvm\kotlin\supertypes.tab.len
2025-09-24T19:26:43Z C:\Users\Cody\Desktop\tau_crystal\tau_crystal\mobile\android\comcapsule\app\build\kotlin\compileReleaseKotlin\cacheable\caches-jvm\jvm\kotlin\supertypes.tab.values.at
2025-09-24T19:26:43Z C:\Users\Cody\Desktop\tau_crystal\tau_crystal\mobile\android\comcapsule\app\build\kotlin\compileReleaseKotlin\cacheable\caches-jvm\jvm\kotlin\supertypes.tab_i
2025-09-24T19:26:43Z C:\Users\Cody\Desktop\tau_crystal\tau_crystal\mobile\android\comcapsule\app\build\kotlin\compileReleaseKotlin\cacheable\caches-jvm\jvm\kotlin\supertypes.tab_i.len
2025-09-24T19:26:43Z C:\Users\Cody\Desktop\tau_crystal\tau_crystal\mobile\android\comcapsule\app\build\kotlin\compileReleaseKotlin\cacheable\caches-jvm\lookups\counters.tab
2025-09-24T19:26:43Z C:\Users\Cody\Desktop\tau_crystal\tau_crystal\mobile\android\comcapsule\app\build\kotlin\compileReleaseKotlin\cacheable\caches-jvm\lookups\file-to-id.tab
2025-09-24T19:26:43Z C:\Users\Cody\Desktop\tau_crystal\tau_crystal\mobile\android\comcapsule\app\build\kotlin\compileReleaseKotlin\cacheable\caches-jvm\lookups\file-to-id.tab.keystream
2025-09-24T19:26:43Z C:\Users\Cody\Desktop\tau_crystal\tau_crystal\mobile\android\comcapsule\app\build\kotlin\compileReleaseKotlin\cacheable\caches-jvm\lookups\file-to-id.tab.keystream.len
2025-09-24T19:26:43Z C:\Users\Cody\Desktop\tau_crystal\tau_crystal\mobile\android\comcapsule\app\build\kotlin\compileReleaseKotlin\cacheable\caches-jvm\lookups\file-to-id.tab.len
2025-09-24T19:26:43Z C:\Users\Cody\Desktop\tau_crystal\tau_crystal\mobile\android\comcapsule\app\build\kotlin\compileReleaseKotlin\cacheable\caches-jvm\lookups\file-to-id.tab.values.at
2025-09-24T19:26:43Z C:\Users\Cody\Desktop\tau_crystal\tau_crystal\mobile\android\comcapsule\app\build\kotlin\compileReleaseKotlin\cacheable\caches-jvm\lookups\file-to-id.tab_i
2025-09-24T19:26:43Z C:\Users\Cody\Desktop\tau_crystal\tau_crystal\mobile\android\comcapsule\app\build\kotlin\compileReleaseKotlin\cacheable\caches-jvm\lookups\file-to-id.tab_i.len
2025-09-24T19:26:43Z C:\Users\Cody\Desktop\tau_crystal\tau_crystal\mobile\android\comcapsule\app\build\kotlin\compileReleaseKotlin\cacheable\caches-jvm\lookups\id-to-file.tab
2025-09-24T19:26:43Z C:\Users\Cody\Desktop\tau_crystal\tau_crystal\mobile\android\comcapsule\app\build\kotlin\compileReleaseKotlin\cacheable\caches-jvm\lookups\id-to-file.tab.keystream
2025-09-24T19:26:43Z C:\Users\Cody\Desktop\tau_crystal\tau_crystal\mobile\android\comcapsule\app\build\kotlin\compileReleaseKotlin\cacheable\caches-jvm\lookups\id-to-file.tab.keystream.len
2025-09-24T19:26:43Z C:\Users\Cody\Desktop\tau_crystal\tau_crystal\mobile\android\comcapsule\app\build\kotlin\compileReleaseKotlin\cacheable\caches-jvm\lookups\id-to-file.tab.len
2025-09-24T19:26:43Z C:\Users\Cody\Desktop\tau_crystal\tau_crystal\mobile\android\comcapsule\app\build\kotlin\compileReleaseKotlin\cacheable\caches-jvm\lookups\id-to-file.tab.values.at
2025-09-24T19:26:43Z C:\Users\Cody\Desktop\tau_crystal\tau_crystal\mobile\android\comcapsule\app\build\kotlin\compileReleaseKotlin\cacheable\caches-jvm\lookups\id-to-file.tab_i.len
2025-09-24T19:26:43Z C:\Users\Cody\Desktop\tau_crystal\tau_crystal\mobile\android\comcapsule\app\build\kotlin\compileReleaseKotlin\cacheable\caches-jvm\lookups\lookups.tab
2025-09-24T19:26:43Z C:\Users\Cody\Desktop\tau_crystal\tau_crystal\mobile\android\comcapsule\app\build\kotlin\compileReleaseKotlin\cacheable\caches-jvm\lookups\lookups.tab.keystream
2025-09-24T19:26:43Z C:\Users\Cody\Desktop\tau_crystal\tau_crystal\mobile\android\comcapsule\app\build\kotlin\compileReleaseKotlin\cacheable\caches-jvm\lookups\lookups.tab.keystream.len
2025-09-24T19:26:43Z C:\Users\Cody\Desktop\tau_crystal\tau_crystal\mobile\android\comcapsule\app\build\kotlin\compileReleaseKotlin\cacheable\caches-jvm\lookups\lookups.tab.len
2025-09-24T19:26:43Z C:\Users\Cody\Desktop\tau_crystal\tau_crystal\mobile\android\comcapsule\app\build\kotlin\compileReleaseKotlin\cacheable\caches-jvm\lookups\lookups.tab.values.at
2025-09-24T19:26:43Z C:\Users\Cody\Desktop\tau_crystal\tau_crystal\mobile\android\comcapsule\app\build\kotlin\compileReleaseKotlin\cacheable\caches-jvm\lookups\lookups.tab_i
2025-09-24T19:26:43Z C:\Users\Cody\Desktop\tau_crystal\tau_crystal\mobile\android\comcapsule\app\build\kotlin\compileReleaseKotlin\cacheable\caches-jvm\lookups\lookups.tab_i.len
2025-09-24T19:26:43Z C:\Users\Cody\Desktop\tau_crystal\tau_crystal\mobile\android\comcapsule\app\build\kotlin\compileReleaseKotlin\cacheable\last-build.bin
2025-09-24T19:26:43Z C:\Users\Cody\Desktop\tau_crystal\tau_crystal\mobile\android\comcapsule\app\build\kotlin\compileReleaseKotlin\classpath-snapshot\shrunk-classpath-snapshot.bin
2025-09-24T19:26:43Z C:\Users\Cody\Desktop\tau_crystal\tau_crystal\mobile\android\comcapsule\app\build\kotlin\compileReleaseKotlin\local-state\build-history.bin
2025-09-24T19:26:45Z C:\Users\Cody\Desktop\tau_crystal\tau_crystal\mobile\android\comcapsule\app\build\intermediates\dex\release\mergeDexRelease\classes2.dex
2025-09-24T19:26:45Z C:\Users\Cody\Desktop\tau_crystal\tau_crystal\mobile\android\comcapsule\app\build\intermediates\incremental\release-mergeJavaRes\merge-state
2025-09-24T19:26:45Z C:\Users\Cody\Desktop\tau_crystal\tau_crystal\mobile\android\comcapsule\app\build\intermediates\incremental\release-mergeJavaRes\zip-cache\_o+FFNP16kIiw+Zo6R0XBAul88A=
2025-09-24T19:26:45Z C:\Users\Cody\Desktop\tau_crystal\tau_crystal\mobile\android\comcapsule\app\build\intermediates\incremental\release-mergeJavaRes\zip-cache\03C7Lx4X9bDzOYXtHsi702lXvUQ=
2025-09-24T19:26:45Z C:\Users\Cody\Desktop\tau_crystal\tau_crystal\mobile\android\comcapsule\app\build\intermediates\incremental\release-mergeJavaRes\zip-cache\0hkg_B+PgHFVjpAko9XevGk5i_4=
2025-09-24T19:26:45Z C:\Users\Cody\Desktop\tau_crystal\tau_crystal\mobile\android\comcapsule\app\build\intermediates\incremental\release-mergeJavaRes\zip-cache\15deRLQXlYthntogUsKsL2tjwzc=
2025-09-24T19:26:45Z C:\Users\Cody\Desktop\tau_crystal\tau_crystal\mobile\android\comcapsule\app\build\intermediates\incremental\release-mergeJavaRes\zip-cache\197iYBAkr0COiKBC0lfG9ufhni8=
2025-09-24T19:26:45Z C:\Users\Cody\Desktop\tau_crystal\tau_crystal\mobile\android\comcapsule\app\build\intermediates\incremental\release-mergeJavaRes\zip-cache\3KwSoOoJO+4wE4vNbLsVS+74Rqg=
2025-09-24T19:26:45Z C:\Users\Cody\Desktop\tau_crystal\tau_crystal\mobile\android\comcapsule\app\build\intermediates\incremental\release-mergeJavaRes\zip-cache\4lOKd4uWQbBDLnouv_inbQDxfpk=
2025-09-24T19:26:45Z C:\Users\Cody\Desktop\tau_crystal\tau_crystal\mobile\android\comcapsule\app\build\intermediates\incremental\release-mergeJavaRes\zip-cache\68oNtYl0ieXMj+wKhKzC7di0HgM=
2025-09-24T19:26:45Z C:\Users\Cody\Desktop\tau_crystal\tau_crystal\mobile\android\comcapsule\app\build\intermediates\incremental\release-mergeJavaRes\zip-cache\6eZLLMz2G_x6y3HtpFbxRmww_gY=
2025-09-24T19:26:45Z C:\Users\Cody\Desktop\tau_crystal\tau_crystal\mobile\android\comcapsule\app\build\intermediates\incremental\release-mergeJavaRes\zip-cache\89aj5cegNCsWjxa5okxini2i_xc=
2025-09-24T19:26:45Z C:\Users\Cody\Desktop\tau_crystal\tau_crystal\mobile\android\comcapsule\app\build\intermediates\incremental\release-mergeJavaRes\zip-cache\8N5bZP6mHtvatzJroVn8PVqdmLc=
2025-09-24T19:26:45Z C:\Users\Cody\Desktop\tau_crystal\tau_crystal\mobile\android\comcapsule\app\build\intermediates\incremental\release-mergeJavaRes\zip-cache\a+xD5azZimxjo_OO0RoPhkZZs7Y=
2025-09-24T19:26:45Z C:\Users\Cody\Desktop\tau_crystal\tau_crystal\mobile\android\comcapsule\app\build\intermediates\incremental\release-mergeJavaRes\zip-cache\aJETRyg0cZFHo7ewIBRRKVJeYc4=
2025-09-24T19:26:45Z C:\Users\Cody\Desktop\tau_crystal\tau_crystal\mobile\android\comcapsule\app\build\intermediates\incremental\release-mergeJavaRes\zip-cache\BKIvl+xQ8MFFfBJaV3xyg6t1Vjo=
2025-09-24T19:26:45Z C:\Users\Cody\Desktop\tau_crystal\tau_crystal\mobile\android\comcapsule\app\build\intermediates\incremental\release-mergeJavaRes\zip-cache\Bp35f4veFys4GNXceDN9OIo6aQo=
2025-09-24T19:26:45Z C:\Users\Cody\Desktop\tau_crystal\tau_crystal\mobile\android\comcapsule\app\build\intermediates\incremental\release-mergeJavaRes\zip-cache\Bz8Mt8wcYljPqioInwihgMoslgE=
2025-09-24T19:26:45Z C:\Users\Cody\Desktop\tau_crystal\tau_crystal\mobile\android\comcapsule\app\build\intermediates\incremental\release-mergeJavaRes\zip-cache\cf9ocex3vrSR0R9OwWxt5iQCOZk=
2025-09-24T19:26:45Z C:\Users\Cody\Desktop\tau_crystal\tau_crystal\mobile\android\comcapsule\app\build\intermediates\incremental\release-mergeJavaRes\zip-cache\DujsETKMz2bYDfNjVVz8bqH5qRs=
2025-09-24T19:26:45Z C:\Users\Cody\Desktop\tau_crystal\tau_crystal\mobile\android\comcapsule\app\build\intermediates\incremental\release-mergeJavaRes\zip-cache\edbBvcTCni6fPhVjYbvcs0o3tIM=
2025-09-24T19:26:45Z C:\Users\Cody\Desktop\tau_crystal\tau_crystal\mobile\android\comcapsule\app\build\intermediates\incremental\release-mergeJavaRes\zip-cache\fghIDCFX9rZZlfIVGTX8Nox8v7U=
2025-09-24T19:26:45Z C:\Users\Cody\Desktop\tau_crystal\tau_crystal\mobile\android\comcapsule\app\build\intermediates\incremental\release-mergeJavaRes\zip-cache\FIv061dTX+VjgZ_VB5uWQiLJJnM=
2025-09-24T19:26:45Z C:\Users\Cody\Desktop\tau_crystal\tau_crystal\mobile\android\comcapsule\app\build\intermediates\incremental\release-mergeJavaRes\zip-cache\FRxVc8AzsaUnsN_b5H1HRf0Bnn8=
2025-09-24T19:26:45Z C:\Users\Cody\Desktop\tau_crystal\tau_crystal\mobile\android\comcapsule\app\build\intermediates\incremental\release-mergeJavaRes\zip-cache\G6E4OvZVuuuE58nBhHJQgYvlieI=
2025-09-24T19:26:45Z C:\Users\Cody\Desktop\tau_crystal\tau_crystal\mobile\android\comcapsule\app\build\intermediates\incremental\release-mergeJavaRes\zip-cache\H_P6RMDxKznvQ9fTx2cYs2UtWmI=
2025-09-24T19:26:45Z C:\Users\Cody\Desktop\tau_crystal\tau_crystal\mobile\android\comcapsule\app\build\intermediates\incremental\release-mergeJavaRes\zip-cache\H1Uu6rMxXxEZRzGUl+WOluaz2cg=
2025-09-24T19:26:45Z C:\Users\Cody\Desktop\tau_crystal\tau_crystal\mobile\android\comcapsule\app\build\intermediates\incremental\release-mergeJavaRes\zip-cache\Hu9Ak5a38fVOpXODhqb9LLF7UkA=
2025-09-24T19:26:45Z C:\Users\Cody\Desktop\tau_crystal\tau_crystal\mobile\android\comcapsule\app\build\intermediates\incremental\release-mergeJavaRes\zip-cache\INlpyVlvkYnm6smB4fP9KBISAXQ=
2025-09-24T19:26:45Z C:\Users\Cody\Desktop\tau_crystal\tau_crystal\mobile\android\comcapsule\app\build\intermediates\incremental\release-mergeJavaRes\zip-cache\Je_mgIsq7DZspdxNWuznk0FOgyA=
2025-09-24T19:26:45Z C:\Users\Cody\Desktop\tau_crystal\tau_crystal\mobile\android\comcapsule\app\build\intermediates\incremental\release-mergeJavaRes\zip-cache\m3KZbZJOP_5WS0ksjMdUwJ4s1mA=
2025-09-24T19:26:45Z C:\Users\Cody\Desktop\tau_crystal\tau_crystal\mobile\android\comcapsule\app\build\intermediates\incremental\release-mergeJavaRes\zip-cache\O8+JcGXivego5AwgBTQZgjjUGxE=
2025-09-24T19:26:45Z C:\Users\Cody\Desktop\tau_crystal\tau_crystal\mobile\android\comcapsule\app\build\intermediates\incremental\release-mergeJavaRes\zip-cache\ovAxstYo+YKuZmMUvz05iLpC93E=
2025-09-24T19:26:45Z C:\Users\Cody\Desktop\tau_crystal\tau_crystal\mobile\android\comcapsule\app\build\intermediates\incremental\release-mergeJavaRes\zip-cache\pUhuUIA71Ijx3U9HeL43tjh2_30=
2025-09-24T19:26:45Z C:\Users\Cody\Desktop\tau_crystal\tau_crystal\mobile\android\comcapsule\app\build\intermediates\incremental\release-mergeJavaRes\zip-cache\qifAZSq4+Zf9QV6M7YFxSxQLvPc=
2025-09-24T19:26:45Z C:\Users\Cody\Desktop\tau_crystal\tau_crystal\mobile\android\comcapsule\app\build\intermediates\incremental\release-mergeJavaRes\zip-cache\R61rDT68eGJEu9A6Q16g9ED9k4Q=
2025-09-24T19:26:45Z C:\Users\Cody\Desktop\tau_crystal\tau_crystal\mobile\android\comcapsule\app\build\intermediates\incremental\release-mergeJavaRes\zip-cache\RIisBpkyOU69B9ChzsLTXHuS2LA=
2025-09-24T19:26:45Z C:\Users\Cody\Desktop\tau_crystal\tau_crystal\mobile\android\comcapsule\app\build\intermediates\incremental\release-mergeJavaRes\zip-cache\s+Jh_Z1yPl6m4TFVBzOhv+YyFNA=
2025-09-24T19:26:45Z C:\Users\Cody\Desktop\tau_crystal\tau_crystal\mobile\android\comcapsule\app\build\intermediates\incremental\release-mergeJavaRes\zip-cache\Sf3jxDvmEYncqC6QijMmjmTke9c=
2025-09-24T19:26:45Z C:\Users\Cody\Desktop\tau_crystal\tau_crystal\mobile\android\comcapsule\app\build\intermediates\incremental\release-mergeJavaRes\zip-cache\sfrWrXcZn2BGYqHeMROiWkJUYvo=
2025-09-24T19:26:45Z C:\Users\Cody\Desktop\tau_crystal\tau_crystal\mobile\android\comcapsule\app\build\intermediates\incremental\release-mergeJavaRes\zip-cache\SIbchG8jKpuPpsXYBMDFvg1Ahr0=
2025-09-24T19:26:45Z C:\Users\Cody\Desktop\tau_crystal\tau_crystal\mobile\android\comcapsule\app\build\intermediates\incremental\release-mergeJavaRes\zip-cache\SoM5WAShxi533VfJ5uLV_SewCnU=
2025-09-24T19:26:45Z C:\Users\Cody\Desktop\tau_crystal\tau_crystal\mobile\android\comcapsule\app\build\intermediates\incremental\release-mergeJavaRes\zip-cache\SxmdX8Kyj_CMMm1+ofv5A1N_CRY=
2025-09-24T19:26:45Z C:\Users\Cody\Desktop\tau_crystal\tau_crystal\mobile\android\comcapsule\app\build\intermediates\incremental\release-mergeJavaRes\zip-cache\T1b9zBH_yPh3x7OuOBpf_4twSgY=
2025-09-24T19:26:45Z C:\Users\Cody\Desktop\tau_crystal\tau_crystal\mobile\android\comcapsule\app\build\intermediates\incremental\release-mergeJavaRes\zip-cache\tDgr0fTpxPAotoWYUudZdJFJwBo=
2025-09-24T19:26:45Z C:\Users\Cody\Desktop\tau_crystal\tau_crystal\mobile\android\comcapsule\app\build\intermediates\incremental\release-mergeJavaRes\zip-cache\tHNfYq5Rq9642cX+nHbkAWqI_UE=
2025-09-24T19:26:45Z C:\Users\Cody\Desktop\tau_crystal\tau_crystal\mobile\android\comcapsule\app\build\intermediates\incremental\release-mergeJavaRes\zip-cache\ubE0wajgjZSnXhGI4Lf24MCf8TY=
2025-09-24T19:26:45Z C:\Users\Cody\Desktop\tau_crystal\tau_crystal\mobile\android\comcapsule\app\build\intermediates\incremental\release-mergeJavaRes\zip-cache\V4CvZ9EtdX1Nl3ZzWiab_yiHVVg=
2025-09-24T19:26:45Z C:\Users\Cody\Desktop\tau_crystal\tau_crystal\mobile\android\comcapsule\app\build\intermediates\incremental\release-mergeJavaRes\zip-cache\vEZDdSdxai4erIoB2TCHA_sBPXw=
2025-09-24T19:26:45Z C:\Users\Cody\Desktop\tau_crystal\tau_crystal\mobile\android\comcapsule\app\build\intermediates\incremental\release-mergeJavaRes\zip-cache\vhz_fkOEKkINi3WryPBuwxY7D2Q=
2025-09-24T19:26:45Z C:\Users\Cody\Desktop\tau_crystal\tau_crystal\mobile\android\comcapsule\app\build\intermediates\incremental\release-mergeJavaRes\zip-cache\VkeFhsDaay5HmdF1RBJO+++Pfbo=
2025-09-24T19:26:45Z C:\Users\Cody\Desktop\tau_crystal\tau_crystal\mobile\android\comcapsule\app\build\intermediates\incremental\release-mergeJavaRes\zip-cache\xtgp+pHx2Yp79sXYAHfCZBEdo+Q=
2025-09-24T19:26:45Z C:\Users\Cody\Desktop\tau_crystal\tau_crystal\mobile\android\comcapsule\app\build\intermediates\incremental\release-mergeJavaRes\zip-cache\y6tRWdI5F5lg5EURBNhB7641nCA=
2025-09-24T19:26:45Z C:\Users\Cody\Desktop\tau_crystal\tau_crystal\mobile\android\comcapsule\app\build\intermediates\incremental\release-mergeJavaRes\zip-cache\YDEbasAQ7vbFAF7_5l_idMM9Efc=
2025-09-24T19:26:45Z C:\Users\Cody\Desktop\tau_crystal\tau_crystal\mobile\android\comcapsule\app\build\intermediates\incremental\release-mergeJavaRes\zip-cache\YWc+_wlRvoLGdacI5RLoHLfvTwU=
2025-09-24T19:26:45Z C:\Users\Cody\Desktop\tau_crystal\tau_crystal\mobile\android\comcapsule\app\build\intermediates\incremental\release-mergeJavaRes\zip-cache\YwoCR1FH8cj29qomg8kfx9fsg68=
2025-09-24T19:26:45Z C:\Users\Cody\Desktop\tau_crystal\tau_crystal\mobile\android\comcapsule\app\build\intermediates\incremental\release-mergeJavaRes\zip-cache\ztVlxjvrJRnMEhkdKBIIY_HeNXU=
2025-09-24T19:26:45Z C:\Users\Cody\Desktop\tau_crystal\tau_crystal\mobile\android\comcapsule\app\build\intermediates\incremental\release-mergeJavaRes\zip-cache\zyIhKOSiZS4lwTqiF5iKh0YdWco=
2025-09-24T19:26:45Z C:\Users\Cody\Desktop\tau_crystal\tau_crystal\mobile\android\comcapsule\app\build\intermediates\merged_java_res\release\mergeReleaseJavaResource\base.jar
2025-09-24T19:26:46Z C:\Users\Cody\Desktop\tau_crystal\tau_crystal\mobile\android\comcapsule\app\build\intermediates\binary_art_profile\release\compileReleaseArtProfile\baseline.prof
2025-09-24T19:26:46Z C:\Users\Cody\Desktop\tau_crystal\tau_crystal\mobile\android\comcapsule\app\build\intermediates\binary_art_profile_metadata\release\compileReleaseArtProfile\baseline.profm
2025-09-24T19:26:46Z C:\Users\Cody\Desktop\tau_crystal\tau_crystal\mobile\android\comcapsule\app\build\intermediates\combined_art_profile\release\compileReleaseArtProfile\baseline-prof.txt
2025-09-24T19:26:46Z C:\Users\Cody\Desktop\tau_crystal\tau_crystal\mobile\android\comcapsule\app\build\intermediates\dex\release\mergeDexRelease\classes.dex
2025-09-24T19:26:46Z C:\Users\Cody\Desktop\tau_crystal\tau_crystal\mobile\android\comcapsule\app\build\intermediates\dex_metadata_directory\release\compileReleaseArtProfile\0\.dm
2025-09-24T19:26:46Z C:\Users\Cody\Desktop\tau_crystal\tau_crystal\mobile\android\comcapsule\app\build\intermediates\dex_metadata_directory\release\compileReleaseArtProfile\1\.dm
2025-09-24T19:26:46Z C:\Users\Cody\Desktop\tau_crystal\tau_crystal\mobile\android\comcapsule\app\build\intermediates\dex_metadata_directory\release\compileReleaseArtProfile\dex-metadata-map.properties
2025-09-24T19:26:46Z C:\Users\Cody\Desktop\tau_crystal\tau_crystal\mobile\android\comcapsule\app\build\outputs\apk\release\baselineProfiles\0\app-release.dm
2025-09-24T19:26:46Z C:\Users\Cody\Desktop\tau_crystal\tau_crystal\mobile\android\comcapsule\app\build\outputs\apk\release\baselineProfiles\1\app-release.dm
2025-09-24T19:26:53Z C:\Users\Cody\Desktop\tau_crystal\tau_crystal\mobile\android\comcapsule\app\build\intermediates\default_proguard_files\global\proguard-android.txt-8.6.1
2025-09-24T19:26:53Z C:\Users\Cody\Desktop\tau_crystal\tau_crystal\mobile\android\comcapsule\app\build\intermediates\default_proguard_files\global\proguard-android-optimize.txt-8.6.1
2025-09-24T19:26:53Z C:\Users\Cody\Desktop\tau_crystal\tau_crystal\mobile\android\comcapsule\app\build\intermediates\default_proguard_files\global\proguard-defaults.txt-8.6.1
2025-09-24T19:27:43Z C:\Users\Cody\Desktop\tau_crystal\tau_crystal\mobile\android\comcapsule\app\build\intermediates\lint-cache\lintVitalAnalyzeRelease\lint-cache-version.txt
2025-09-24T19:27:43Z C:\Users\Cody\Desktop\tau_crystal\tau_crystal\mobile\android\comcapsule\app\build\intermediates\sdk_dependency_data\release\sdkReleaseDependencyData\sdkDependencyData.pb
2025-09-24T19:27:43Z C:\Users\Cody\Desktop\tau_crystal\tau_crystal\mobile\android\comcapsule\app\build\intermediates\signing_config_versions\release\writeReleaseSigningConfigVersions\signing-config-versions.json
2025-09-24T19:27:43Z C:\Users\Cody\Desktop\tau_crystal\tau_crystal\mobile\android\comcapsule\app\build\outputs\sdk-dependencies\release\sdkDependencies.txt
2025-09-24T19:27:52Z C:\Users\Cody\Desktop\tau_crystal\tau_crystal\mobile\android\comcapsule\app\build\intermediates\lint-cache\lintVitalAnalyzeRelease\maven.google\master-index.xml
2025-09-24T19:27:52Z C:\Users\Cody\Desktop\tau_crystal\tau_crystal\mobile\android\comcapsule\app\build\intermediates\lint-cache\lintVitalAnalyzeRelease\sdk_index\snapshot.gz
2025-09-24T19:27:53Z C:\Users\Cody\Desktop\tau_crystal\tau_crystal\mobile\android\comcapsule\app\build\intermediates\lint-cache\lintVitalAnalyzeRelease\maven.google\androidx\core\group-index.xml
2025-09-24T19:27:53Z C:\Users\Cody\Desktop\tau_crystal\tau_crystal\mobile\android\comcapsule\app\build\intermediates\lint-cache\lintVitalAnalyzeRelease\maven.google\androidx\test\espresso\group-index.xml
2025-09-24T19:27:53Z C:\Users\Cody\Desktop\tau_crystal\tau_crystal\mobile\android\comcapsule\app\build\intermediates\lint-cache\lintVitalAnalyzeRelease\maven.google\androidx\test\ext\group-index.xml
2025-09-24T19:27:54Z C:\Users\Cody\Desktop\tau_crystal\tau_crystal\mobile\android\comcapsule\app\build\intermediates\lint-cache\lintVitalAnalyzeRelease\maven.google\androidx\activity\group-index.xml
2025-09-24T19:27:54Z C:\Users\Cody\Desktop\tau_crystal\tau_crystal\mobile\android\comcapsule\app\build\intermediates\lint-cache\lintVitalAnalyzeRelease\maven.google\androidx\compose\group-index.xml
2025-09-24T19:27:54Z C:\Users\Cody\Desktop\tau_crystal\tau_crystal\mobile\android\comcapsule\app\build\intermediates\lint-cache\lintVitalAnalyzeRelease\maven.google\androidx\lifecycle\group-index.xml
2025-09-24T19:27:55Z C:\Users\Cody\Desktop\tau_crystal\tau_crystal\mobile\android\comcapsule\app\build\intermediates\lint-cache\lintVitalAnalyzeRelease\maven.google\androidx\compose\material3\group-index.xml
2025-09-24T19:27:55Z C:\Users\Cody\Desktop\tau_crystal\tau_crystal\mobile\android\comcapsule\app\build\intermediates\lint-cache\lintVitalAnalyzeRelease\maven.google\com\android\application\group-index.xml
2025-09-24T19:27:55Z C:\Users\Cody\Desktop\tau_crystal\tau_crystal\mobile\android\comcapsule\app\build\intermediates\lint-cache\lintVitalReportRelease\lint-cache-version.txt
2025-09-24T19:32:48Z C:\Users\Cody\Desktop\tau_crystal\tau_crystal\mobile\android\comcapsule\app\build\intermediates\bundle_manifest\release\processApplicationManifestReleaseForBundle\AndroidManifest.xml
2025-09-24T19:32:48Z C:\Users\Cody\Desktop\tau_crystal\tau_crystal\mobile\android\comcapsule\app\build\intermediates\compatible_screen_manifest\release\createReleaseCompatibleScreenManifests\output-metadata.json
2025-09-24T19:32:48Z C:\Users\Cody\Desktop\tau_crystal\tau_crystal\mobile\android\comcapsule\app\build\intermediates\merged_manifests\release\processReleaseManifest\AndroidManifest.xml
2025-09-24T19:32:48Z C:\Users\Cody\Desktop\tau_crystal\tau_crystal\mobile\android\comcapsule\app\build\intermediates\merged_manifests\release\processReleaseManifest\output-metadata.json
2025-09-24T19:32:48Z C:\Users\Cody\Desktop\tau_crystal\tau_crystal\mobile\android\comcapsule\app\build\intermediates\packaged_manifests\release\processReleaseManifestForPackage\AndroidManifest.xml
2025-09-24T19:32:48Z C:\Users\Cody\Desktop\tau_crystal\tau_crystal\mobile\android\comcapsule\app\build\intermediates\packaged_manifests\release\processReleaseManifestForPackage\output-metadata.json
2025-09-24T19:32:49Z C:\Users\Cody\Desktop\tau_crystal\tau_crystal\mobile\android\comcapsule\app\build\intermediates\compile_and_runtime_not_namespaced_r_class_jar\release\processReleaseResources\R.jar
2025-09-24T19:32:49Z C:\Users\Cody\Desktop\tau_crystal\tau_crystal\mobile\android\comcapsule\app\build\intermediates\linked_resources_binary_format\release\processReleaseResources\linked-resources-binary-format-release.ap_
2025-09-24T19:32:49Z C:\Users\Cody\Desktop\tau_crystal\tau_crystal\mobile\android\comcapsule\app\build\intermediates\linked_resources_binary_format\release\processReleaseResources\output-metadata.json
2025-09-24T19:32:49Z C:\Users\Cody\Desktop\tau_crystal\tau_crystal\mobile\android\comcapsule\app\build\intermediates\optimized_processed_res\release\optimizeReleaseResources\resources-release-optimize.ap_
2025-09-24T19:32:49Z C:\Users\Cody\Desktop\tau_crystal\tau_crystal\mobile\android\comcapsule\app\build\intermediates\runtime_symbol_list\release\processReleaseResources\R.txt
2025-09-24T19:32:49Z C:\Users\Cody\Desktop\tau_crystal\tau_crystal\mobile\android\comcapsule\app\build\intermediates\stable_resource_ids_file\release\processReleaseResources\stableIds.txt
2025-09-24T19:32:49Z C:\Users\Cody\Desktop\tau_crystal\tau_crystal\mobile\android\comcapsule\app\build\intermediates\symbol_list_with_package_name\release\processReleaseResources\package-aware-r.txt
2025-09-24T19:32:50Z C:\Users\Cody\Desktop\tau_crystal\tau_crystal\mobile\android\comcapsule\app\build\intermediates\incremental\packageRelease\tmp\release\dex-renamer-state.txt
2025-09-24T19:32:50Z C:\Users\Cody\Desktop\tau_crystal\tau_crystal\mobile\android\comcapsule\app\build\intermediates\intermediary_bundle\release\packageReleaseBundle\intermediary-bundle.aab
2025-09-24T19:32:50Z C:\Users\Cody\Desktop\tau_crystal\tau_crystal\mobile\android\comcapsule\app\build\intermediates\linked_resources_for_bundle_proto_format\release\bundleReleaseResources\linked-resources-proto-format.ap_
2025-09-24T19:32:50Z C:\Users\Cody\Desktop\tau_crystal\tau_crystal\mobile\android\comcapsule\app\build\intermediates\module_bundle\release\buildReleasePreBundle\base.zip
2025-09-24T19:32:50Z C:\Users\Cody\Desktop\tau_crystal\tau_crystal\mobile\android\comcapsule\app\build\intermediates\optimized_processed_res\release\optimizeReleaseResources\output-metadata.json
2025-09-24T19:32:51Z C:\Users\Cody\Desktop\tau_crystal\tau_crystal\mobile\android\comcapsule\app\build\intermediates\apk_ide_redirect_file\release\createReleaseApkListingFileRedirect\redirect.txt
2025-09-24T19:32:51Z C:\Users\Cody\Desktop\tau_crystal\tau_crystal\mobile\android\comcapsule\app\build\intermediates\bundle_ide_model\release\produceReleaseBundleIdeListingFile\output-metadata.json
2025-09-24T19:32:51Z C:\Users\Cody\Desktop\tau_crystal\tau_crystal\mobile\android\comcapsule\app\build\intermediates\bundle_ide_redirect_file\release\createReleaseBundleListingFileRedirect\redirect.txt
2025-09-24T19:32:51Z C:\Users\Cody\Desktop\tau_crystal\tau_crystal\mobile\android\comcapsule\app\build\intermediates\incremental\packageRelease\tmp\release\zip-cache\androidResources
2025-09-24T19:32:51Z C:\Users\Cody\Desktop\tau_crystal\tau_crystal\mobile\android\comcapsule\app\build\intermediates\incremental\packageRelease\tmp\release\zip-cache\javaResources0
2025-09-24T19:32:51Z C:\Users\Cody\Desktop\tau_crystal\tau_crystal\mobile\android\comcapsule\app\build\outputs\apk\release\app-release.apk
2025-09-24T19:32:51Z C:\Users\Cody\Desktop\tau_crystal\tau_crystal\mobile\android\comcapsule\app\build\outputs\apk\release\output-metadata.json
2025-09-24T19:32:51Z C:\Users\Cody\Desktop\tau_crystal\tau_crystal\mobile\android\comcapsule\app\build\outputs\bundle\release\app-release.aab
2025-09-24T19:32:54Z C:\Users\Cody\Desktop\tau_crystal\tau_crystal\mobile\android\comcapsule\app\build\intermediates\lint_vital_intermediate_text_report\release\lintVitalReportRelease\lint-results-release.txt
2025-09-24T19:32:54Z C:\Users\Cody\Desktop\tau_crystal\tau_crystal\mobile\android\comcapsule\app\build\intermediates\lint_vital_return_value\release\lintVitalReportRelease\return-value-release.txt
2025-09-24T19:34:48Z C:\Users\Cody\Desktop\tau_crystal\tau_crystal\mobile\android\comcapsule\app\build\intermediates\incremental\lintVitalAnalyzeRelease\module.xml
2025-09-24T19:34:48Z C:\Users\Cody\Desktop\tau_crystal\tau_crystal\mobile\android\comcapsule\app\build\intermediates\incremental\lintVitalAnalyzeRelease\release.xml
2025-09-24T19:34:48Z C:\Users\Cody\Desktop\tau_crystal\tau_crystal\mobile\android\comcapsule\app\build\intermediates\incremental\lintVitalAnalyzeRelease\release-artifact-dependencies.xml
2025-09-24T19:34:48Z C:\Users\Cody\Desktop\tau_crystal\tau_crystal\mobile\android\comcapsule\app\build\intermediates\incremental\lintVitalAnalyzeRelease\release-artifact-libraries.xml
2025-09-24T19:34:48Z C:\Users\Cody\Desktop\tau_crystal\tau_crystal\mobile\android\comcapsule\app\build\intermediates\lint_vital_report_lint_model\release\generateReleaseLintVitalReportModel\module.xml
2025-09-24T19:34:48Z C:\Users\Cody\Desktop\tau_crystal\tau_crystal\mobile\android\comcapsule\app\build\intermediates\lint_vital_report_lint_model\release\generateReleaseLintVitalReportModel\release.xml
2025-09-24T19:34:48Z C:\Users\Cody\Desktop\tau_crystal\tau_crystal\mobile\android\comcapsule\app\build\intermediates\lint_vital_report_lint_model\release\generateReleaseLintVitalReportModel\release-artifact-dependencies.xml
2025-09-24T19:34:48Z C:\Users\Cody\Desktop\tau_crystal\tau_crystal\mobile\android\comcapsule\app\build\intermediates\lint_vital_report_lint_model\release\generateReleaseLintVitalReportModel\release-artifact-libraries.xml
2025-09-24T19:34:48Z C:\Users\Cody\Desktop\tau_crystal\tau_crystal\mobile\android\comcapsule\app\build\intermediates\manifest_merge_blame_file\release\processReleaseMainManifest\manifest-merger-blame-release-report.txt
2025-09-24T19:34:48Z C:\Users\Cody\Desktop\tau_crystal\tau_crystal\mobile\android\comcapsule\app\build\intermediates\merged_manifest\release\processReleaseMainManifest\AndroidManifest.xml
2025-09-24T19:34:48Z C:\Users\Cody\Desktop\tau_crystal\tau_crystal\mobile\android\comcapsule\app\build\outputs\logs\manifest-merger-release-report.txt
2025-09-24T19:34:51Z C:\Users\Cody\Desktop\tau_crystal\tau_crystal\mobile\android\comcapsule\app\build\intermediates\lint_vital_partial_results\release\lintVitalAnalyzeRelease\out\lint-resources.xml
2025-09-24T20:47:24Z C:\Users\Cody\Desktop\tau_crystal\tau_crystal\mobile\android\comcapsule\.idea\workspace.xml
2025-09-24T21:01:21Z C:\Users\Cody\Desktop\tau_crystal\tau_crystal\zip_debug.sh
2025-09-25T15:54:45Z C:\Users\Cody\Desktop\tau_crystal\tau_crystal\.cache\deviation_norm.txt
2025-09-25T15:55:17Z C:\Users\Cody\Desktop\tau_crystal\tau_crystal\.cache\barcode_jump.txt
2025-09-25T16:03:49Z C:\Users\Cody\Desktop\tau_crystal\tau_crystal\.tau_ledger\heegner\zone_reference.json
2025-09-25T16:03:49Z C:\Users\Cody\Desktop\tau_crystal\tau_crystal\.tau_ledger\hysteresis\barcode_ref.json
2025-09-25T16:03:49Z C:\Users\Cody\Desktop\tau_crystal\tau_crystal\.tau_ledger\runtime\current_entropy.json
2025-09-25T16:03:49Z C:\Users\Cody\Desktop\tau_crystal\tau_crystal\.tau_ledger\runtime\virtualalloc_maps.tsv
2025-09-25T16:05:04Z C:\Users\Cody\Desktop\tau_crystal\tau_crystal\.git\objects\14\944acf2e5e076d53e05ad9049aba8c92a27933
2025-09-25T16:05:04Z C:\Users\Cody\Desktop\tau_crystal\tau_crystal\.git\objects\54\c9698e2ded03d8cf7b2057d53f71c3d97b896a
2025-09-25T16:05:04Z C:\Users\Cody\Desktop\tau_crystal\tau_crystal\.git\objects\83\33b77b32fd67b77445650d9b04c2dbb3d93792
2025-09-25T16:05:04Z C:\Users\Cody\Desktop\tau_crystal\tau_crystal\.git\objects\97\721f2f3bb21e0c331ef721c478bbfcc30148e0
2025-09-25T16:05:04Z C:\Users\Cody\Desktop\tau_crystal\tau_crystal\.git\objects\bb\3d4a9b5cba83a755dd622d24f2e5c761ffcfc1
2025-09-25T16:14:28Z C:\Users\Cody\Desktop\tau_crystal\tau_crystal\.tau_ledger\stability\thresholds.json
2025-09-25T16:18:18Z C:\Users\Cody\Desktop\tau_crystal\tau_crystal\.cache\trace_thresholds.log
2025-09-25T16:18:19Z C:\Users\Cody\Desktop\tau_crystal\tau_crystal\.cache\trace_baseline.log
2025-09-25T16:20:08Z C:\Users\Cody\Desktop\tau_crystal\tau_crystal\.tau_ledger\stability\thresholds.seal.json
2025-09-25T16:23:49Z C:\Users\Cody\Desktop\tau_crystal\tau_crystal\scripts\arith\guard_frozen.sh
2025-09-25T16:23:49Z C:\Users\Cody\Desktop\tau_crystal\tau_crystal\scripts\arithmetic\compute_rank.sh
2025-09-25T16:23:49Z C:\Users\Cody\Desktop\tau_crystal\tau_crystal\scripts\assure\adversarial_recount.sh
2025-09-25T16:23:49Z C:\Users\Cody\Desktop\tau_crystal\tau_crystal\scripts\assure\mirror_world_compare.sh
2025-09-25T16:23:49Z C:\Users\Cody\Desktop\tau_crystal\tau_crystal\scripts\assure\poison_canary.sh
2025-09-25T16:23:49Z C:\Users\Cody\Desktop\tau_crystal\tau_crystal\scripts\assure\weekly_driver.sh
2025-09-25T16:23:49Z C:\Users\Cody\Desktop\tau_crystal\tau_crystal\scripts\atlas\_intlib.sh
2025-09-25T16:23:49Z C:\Users\Cody\Desktop\tau_crystal\tau_crystal\scripts\atlas\_parity_numeric.sh
2025-09-25T16:23:49Z C:\Users\Cody\Desktop\tau_crystal\tau_crystal\scripts\atlas\add_curve.sh
2025-09-25T16:23:49Z C:\Users\Cody\Desktop\tau_crystal\tau_crystal\scripts\atlas\adversarial_lottery.sh
2025-09-25T16:23:49Z C:\Users\Cody\Desktop\tau_crystal\tau_crystal\scripts\atlas\build_atlas.sh
2025-09-25T16:23:49Z C:\Users\Cody\Desktop\tau_crystal\tau_crystal\scripts\atlas\build_curve.sh
2025-09-25T16:23:49Z C:\Users\Cody\Desktop\tau_crystal\tau_crystal\scripts\atlas\flag_double_zero.sh
2025-09-25T16:23:49Z C:\Users\Cody\Desktop\tau_crystal\tau_crystal\scripts\atlas\post_enrich.sh
2025-09-25T16:23:49Z C:\Users\Cody\Desktop\tau_crystal\tau_crystal\scripts\automorphic\galois_rho.sh
2025-09-25T16:23:49Z C:\Users\Cody\Desktop\tau_crystal\tau_crystal\scripts\automorphic\guard_emit.sh
2025-09-25T16:23:49Z C:\Users\Cody\Desktop\tau_crystal\tau_crystal\scripts\automorphic\hecke_mint.sh
2025-09-25T16:23:49Z C:\Users\Cody\Desktop\tau_crystal\tau_crystal\scripts\automorphic\mint_motive.sh
2025-09-25T16:23:49Z C:\Users\Cody\Desktop\tau_crystal\tau_crystal\scripts\automorphic\publish_automorphic.sh
2025-09-25T16:23:49Z C:\Users\Cody\Desktop\tau_crystal\tau_crystal\scripts\automorphic\zero_critical.sh
2025-09-25T16:23:49Z C:\Users\Cody\Desktop\tau_crystal\tau_crystal\scripts\automorphic\zero_hunt.sh
2025-09-25T16:23:49Z C:\Users\Cody\Desktop\tau_crystal\tau_crystal\scripts\cache\stamp_cache_into_manifest.sh
2025-09-25T16:23:49Z C:\Users\Cody\Desktop\tau_crystal\tau_crystal\scripts\capsule\merkle_lib.sh
2025-09-25T16:23:49Z C:\Users\Cody\Desktop\tau_crystal\tau_crystal\scripts\capsule\seal_capsule.sh
2025-09-25T16:23:49Z C:\Users\Cody\Desktop\tau_crystal\tau_crystal\scripts\capsules\verify.sh
2025-09-25T16:23:49Z C:\Users\Cody\Desktop\tau_crystal\tau_crystal\scripts\capsules\write_index.sh
2025-09-25T16:23:49Z C:\Users\Cody\Desktop\tau_crystal\tau_crystal\scripts\cert\gen_cert.sh
2025-09-25T16:23:49Z C:\Users\Cody\Desktop\tau_crystal\tau_crystal\scripts\ci\atlas_append_only.sh
2025-09-25T16:23:49Z C:\Users\Cody\Desktop\tau_crystal\tau_crystal\scripts\ci\check_barcode_regression.sh
2025-09-25T16:23:49Z C:\Users\Cody\Desktop\tau_crystal\tau_crystal\scripts\ci\ci_doctor.sh
2025-09-25T16:23:49Z C:\Users\Cody\Desktop\tau_crystal\tau_crystal\scripts\ci\ci_doctor_min.sh
2025-09-25T16:23:49Z C:\Users\Cody\Desktop\tau_crystal\tau_crystal\scripts\ci\morpho_ci.sh
2025-09-25T16:23:49Z C:\Users\Cody\Desktop\tau_crystal\tau_crystal\scripts\ci\morpho_release_steps.sh
2025-09-25T16:23:49Z C:\Users\Cody\Desktop\tau_crystal\tau_crystal\scripts\ci\rank_stamp_gate.sh
2025-09-25T16:23:49Z C:\Users\Cody\Desktop\tau_crystal\tau_crystal\scripts\coho\build_morphism_map.sh
2025-09-25T16:23:49Z C:\Users\Cody\Desktop\tau_crystal\tau_crystal\scripts\coho\coho_v2.sh
2025-09-25T16:23:49Z C:\Users\Cody\Desktop\tau_crystal\tau_crystal\scripts\coho\commit_coho_tag.sh
2025-09-25T16:23:49Z C:\Users\Cody\Desktop\tau_crystal\tau_crystal\scripts\coho\delta_from_mapping.sh
2025-09-25T16:23:49Z C:\Users\Cody\Desktop\tau_crystal\tau_crystal\scripts\coho\fix_and_tag.sh
2025-09-25T16:23:49Z C:\Users\Cody\Desktop\tau_crystal\tau_crystal\scripts\coho\gate_v2.sh
2025-09-25T16:23:49Z C:\Users\Cody\Desktop\tau_crystal\tau_crystal\scripts\coho\launch_cohom_verifiers.sh
2025-09-25T16:23:49Z C:\Users\Cody\Desktop\tau_crystal\tau_crystal\scripts\coho\leaf_vector_from_receipt.sh
2025-09-25T16:23:49Z C:\Users\Cody\Desktop\tau_crystal\tau_crystal\scripts\coho\lib_json.sh
2025-09-25T16:23:49Z C:\Users\Cody\Desktop\tau_crystal\tau_crystal\scripts\coho\morphism_live.sh
2025-09-25T16:23:49Z C:\Users\Cody\Desktop\tau_crystal\tau_crystal\scripts\coho\morphism_tau_tanh.sh
2025-09-25T16:23:49Z C:\Users\Cody\Desktop\tau_crystal\tau_crystal\scripts\coho\prove_v2.sh
2025-09-25T16:23:49Z C:\Users\Cody\Desktop\tau_crystal\tau_crystal\scripts\coho\report_v2.sh
2025-09-25T16:23:49Z C:\Users\Cody\Desktop\tau_crystal\tau_crystal\scripts\coho\run_all_v2.sh
2025-09-25T16:23:49Z C:\Users\Cody\Desktop\tau_crystal\tau_crystal\scripts\coho\stamp_v2.sh
2025-09-25T16:23:49Z C:\Users\Cody\Desktop\tau_crystal\tau_crystal\scripts\coho\stamp_witness.sh
2025-09-25T16:23:49Z C:\Users\Cody\Desktop\tau_crystal\tau_crystal\scripts\coho\tau_cert_from_leaves.sh
2025-09-25T16:23:49Z C:\Users\Cody\Desktop\tau_crystal\tau_crystal\scripts\coho\watch_obstructions.sh
2025-09-25T16:23:49Z C:\Users\Cody\Desktop\tau_crystal\tau_crystal\scripts\cohomology\h1_receipt_cech.sh
2025-09-25T16:23:49Z C:\Users\Cody\Desktop\tau_crystal\tau_crystal\scripts\coin\citecoin.sh
2025-09-25T16:23:49Z C:\Users\Cody\Desktop\tau_crystal\tau_crystal\scripts\coin\mint_coin.sh
2025-09-25T16:23:49Z C:\Users\Cody\Desktop\tau_crystal\tau_crystal\scripts\coin\tau_verify.sh
2025-09-25T16:23:49Z C:\Users\Cody\Desktop\tau_crystal\tau_crystal\scripts\conduct\all.sh
2025-09-25T16:23:49Z C:\Users\Cody\Desktop\tau_crystal\tau_crystal\scripts\crypto\sha256_stamp.sh
2025-09-25T16:23:49Z C:\Users\Cody\Desktop\tau_crystal\tau_crystal\scripts\dashboard\build.sh
2025-09-25T16:23:49Z C:\Users\Cody\Desktop\tau_crystal\tau_crystal\scripts\dashboard\deploy_bolt.sh
2025-09-25T16:23:49Z C:\Users\Cody\Desktop\tau_crystal\tau_crystal\scripts\dashboard\mint_receipt.sh
2025-09-25T16:23:49Z C:\Users\Cody\Desktop\tau_crystal\tau_crystal\scripts\dashboard\mirror_neon.sh
2025-09-25T16:23:49Z C:\Users\Cody\Desktop\tau_crystal\tau_crystal\scripts\dev\_green_core.sh
2025-09-25T16:23:49Z C:\Users\Cody\Desktop\tau_crystal\tau_crystal\scripts\dev\run_green_hold.sh
2025-09-25T16:23:49Z C:\Users\Cody\Desktop\tau_crystal\tau_crystal\scripts\dev\run_green_logged.sh
2025-09-25T16:23:49Z C:\Users\Cody\Desktop\tau_crystal\tau_crystal\scripts\discovery\batch_all.sh
2025-09-25T16:23:49Z C:\Users\Cody\Desktop\tau_crystal\tau_crystal\scripts\discovery\confirm.sh
2025-09-25T16:23:49Z C:\Users\Cody\Desktop\tau_crystal\tau_crystal\scripts\discovery\double_zero.sh
2025-09-25T16:23:49Z C:\Users\Cody\Desktop\tau_crystal\tau_crystal\scripts\discovery\extract_ap_satake.sh
2025-09-25T16:23:49Z C:\Users\Cody\Desktop\tau_crystal\tau_crystal\scripts\discovery\modular_curve_scan.sh
2025-09-25T16:23:49Z C:\Users\Cody\Desktop\tau_crystal\tau_crystal\scripts\discovery\promote_best.sh
2025-09-25T16:23:49Z C:\Users\Cody\Desktop\tau_crystal\tau_crystal\scripts\discovery\publish_witness.sh
2025-09-25T16:23:49Z C:\Users\Cody\Desktop\tau_crystal\tau_crystal\scripts\discovery\score_faces.sh
2025-09-25T16:23:49Z C:\Users\Cody\Desktop\tau_crystal\tau_crystal\scripts\dynamics\tanh_lineage_lock.sh
2025-09-25T16:23:49Z C:\Users\Cody\Desktop\tau_crystal\tau_crystal\scripts\enclave\enclave_verify.sh
2025-09-25T16:23:49Z C:\Users\Cody\Desktop\tau_crystal\tau_crystal\scripts\enclave\stamp_enclave_into_manifest.sh
2025-09-25T16:23:49Z C:\Users\Cody\Desktop\tau_crystal\tau_crystal\scripts\entropy\build_entropy_witness.sh
2025-09-25T16:23:49Z C:\Users\Cody\Desktop\tau_crystal\tau_crystal\scripts\entropy\stamp_entropy_into_manifest.sh
2025-09-25T16:23:49Z C:\Users\Cody\Desktop\tau_crystal\tau_crystal\scripts\entropy\verify_entropy.sh
2025-09-25T16:23:49Z C:\Users\Cody\Desktop\tau_crystal\tau_crystal\scripts\etale\monodromy_track.sh
2025-09-25T16:23:49Z C:\Users\Cody\Desktop\tau_crystal\tau_crystal\scripts\evolver\stamp_evolver_into_manifest.sh
2025-09-25T16:23:49Z C:\Users\Cody\Desktop\tau_crystal\tau_crystal\scripts\experimental\bootstrap_mu.sh
2025-09-25T16:23:49Z C:\Users\Cody\Desktop\tau_crystal\tau_crystal\scripts\experimental\bsd_rank1_hunt.sh
2025-09-25T16:23:49Z C:\Users\Cody\Desktop\tau_crystal\tau_crystal\scripts\experimental\fft_bsd.sh
2025-09-25T16:23:49Z C:\Users\Cody\Desktop\tau_crystal\tau_crystal\scripts\experimental\iwasawa_mu.sh
2025-09-25T16:23:49Z C:\Users\Cody\Desktop\tau_crystal\tau_crystal\scripts\experimental\json_guard.sh
2025-09-25T16:23:49Z C:\Users\Cody\Desktop\tau_crystal\tau_crystal\scripts\experimental\stamp_all.sh
2025-09-25T16:23:49Z C:\Users\Cody\Desktop\tau_crystal\tau_crystal\scripts\experimental\symsquare_dynamic.sh
2025-09-25T16:23:49Z C:\Users\Cody\Desktop\tau_crystal\tau_crystal\scripts\experimental\symsquare_zero.sh
2025-09-25T16:23:49Z C:\Users\Cody\Desktop\tau_crystal\tau_crystal\scripts\export\assure_repo_coin.sh
2025-09-25T16:23:49Z C:\Users\Cody\Desktop\tau_crystal\tau_crystal\scripts\export\mint_llm_tree.sh
2025-09-25T16:23:49Z C:\Users\Cody\Desktop\tau_crystal\tau_crystal\scripts\export\mint_repo_coin.sh
2025-09-25T16:23:49Z C:\Users\Cody\Desktop\tau_crystal\tau_crystal\scripts\federate\build_xref_index.sh
2025-09-25T16:23:49Z C:\Users\Cody\Desktop\tau_crystal\tau_crystal\scripts\federate\stamp_xref_into_manifest.sh
2025-09-25T16:23:49Z C:\Users\Cody\Desktop\tau_crystal\tau_crystal\scripts\federate\verify_xref_index.sh
2025-09-25T16:23:49Z C:\Users\Cody\Desktop\tau_crystal\tau_crystal\scripts\fermion\build_receipts.sh
2025-09-25T16:23:49Z C:\Users\Cody\Desktop\tau_crystal\tau_crystal\scripts\fermion\init.sh
2025-09-25T16:23:49Z C:\Users\Cody\Desktop\tau_crystal\tau_crystal\scripts\flow\ci_rg.sh
2025-09-25T16:23:49Z C:\Users\Cody\Desktop\tau_crystal\tau_crystal\scripts\flow\run_rgflow.sh
2025-09-25T16:23:49Z C:\Users\Cody\Desktop\tau_crystal\tau_crystal\scripts\flow\solve_flow.sh
2025-09-25T16:23:49Z C:\Users\Cody\Desktop\tau_crystal\tau_crystal\scripts\fusion\run_all.sh
2025-09-25T16:23:50Z C:\Users\Cody\Desktop\tau_crystal\tau_crystal\scripts\gates\capsules_repair_index.sh
2025-09-25T16:23:50Z C:\Users\Cody\Desktop\tau_crystal\tau_crystal\scripts\gates\capsules_verify_gate.sh
2025-09-25T16:23:50Z C:\Users\Cody\Desktop\tau_crystal\tau_crystal\scripts\gates\ckm_scaffold.sh
2025-09-25T16:23:50Z C:\Users\Cody\Desktop\tau_crystal\tau_crystal\scripts\gates\ckm_unitary_gate.sh
2025-09-25T16:23:50Z C:\Users\Cody\Desktop\tau_crystal\tau_crystal\scripts\gates\enforce_all_boundaries.sh
2025-09-25T16:23:50Z C:\Users\Cody\Desktop\tau_crystal\tau_crystal\scripts\gates\entropy_gate.sh
2025-09-25T16:23:50Z C:\Users\Cody\Desktop\tau_crystal\tau_crystal\scripts\gates\forensics_guard.sh
2025-09-25T16:23:50Z C:\Users\Cody\Desktop\tau_crystal\tau_crystal\scripts\gates\gen_gates_report.sh
2025-09-25T16:23:50Z C:\Users\Cody\Desktop\tau_crystal\tau_crystal\scripts\gates\invariants.sh
2025-09-25T16:23:50Z C:\Users\Cody\Desktop\tau_crystal\tau_crystal\scripts\gates\phase_head_fix.sh
2025-09-25T16:23:50Z C:\Users\Cody\Desktop\tau_crystal\tau_crystal\scripts\gates\phase_head_gate.sh
2025-09-25T16:23:50Z C:\Users\Cody\Desktop\tau_crystal\tau_crystal\scripts\gates\policy_gate.sh
2025-09-25T16:23:50Z C:\Users\Cody\Desktop\tau_crystal\tau_crystal\scripts\gates\scaffold_boundary.sh
2025-09-25T16:23:50Z C:\Users\Cody\Desktop\tau_crystal\tau_crystal\scripts\gates\sync_capsules_progress.sh
2025-09-25T16:23:50Z C:\Users\Cody\Desktop\tau_crystal\tau_crystal\scripts\gates\vows_age_gate.sh
2025-09-25T16:23:50Z C:\Users\Cody\Desktop\tau_crystal\tau_crystal\scripts\gates\vows_gate.sh
2025-09-25T16:23:50Z C:\Users\Cody\Desktop\tau_crystal\tau_crystal\scripts\genius\_util.sh
2025-09-25T16:23:50Z C:\Users\Cody\Desktop\tau_crystal\tau_crystal\scripts\genius\consciousness_imprint.sh
2025-09-25T16:23:50Z C:\Users\Cody\Desktop\tau_crystal\tau_crystal\scripts\genius\dark_matter_verify.sh
2025-09-25T16:23:50Z C:\Users\Cody\Desktop\tau_crystal\tau_crystal\scripts\genius\genius_unified.sh
2025-09-25T16:23:50Z C:\Users\Cody\Desktop\tau_crystal\tau_crystal\scripts\genius\godel_self_verify.sh
2025-09-25T16:23:50Z C:\Users\Cody\Desktop\tau_crystal\tau_crystal\scripts\genius\gomboc_computation.sh
2025-09-25T16:23:50Z C:\Users\Cody\Desktop\tau_crystal\tau_crystal\scripts\genius\mandelbrot_receipt.sh
2025-09-25T16:23:50Z C:\Users\Cody\Desktop\tau_crystal\tau_crystal\scripts\genius\omega_point.sh
2025-09-25T16:23:50Z C:\Users\Cody\Desktop\tau_crystal\tau_crystal\scripts\genius\quantum_entangle.sh
2025-09-25T16:23:50Z C:\Users\Cody\Desktop\tau_crystal\tau_crystal\scripts\genius\riemann_foundation.sh
2025-09-25T16:23:50Z C:\Users\Cody\Desktop\tau_crystal\tau_crystal\scripts\genius\singularity_seed.sh
2025-09-25T16:23:50Z C:\Users\Cody\Desktop\tau_crystal\tau_crystal\scripts\genius\temporal_paradox.sh
2025-09-25T16:23:50Z C:\Users\Cody\Desktop\tau_crystal\tau_crystal\scripts\genius\verify_entanglement.sh
2025-09-25T16:23:50Z C:\Users\Cody\Desktop\tau_crystal\tau_crystal\scripts\geom\anchor_rule.sh
2025-09-25T16:23:50Z C:\Users\Cody\Desktop\tau_crystal\tau_crystal\scripts\geom\calibrate.sh
2025-09-25T16:23:50Z C:\Users\Cody\Desktop\tau_crystal\tau_crystal\scripts\geom\canonicalize_tsv.sh
2025-09-25T16:23:50Z C:\Users\Cody\Desktop\tau_crystal\tau_crystal\scripts\geom\geometric_proof.sh
2025-09-25T16:23:50Z C:\Users\Cody\Desktop\tau_crystal\tau_crystal\scripts\geom\guard_canon.sh
2025-09-25T16:23:50Z C:\Users\Cody\Desktop\tau_crystal\tau_crystal\scripts\geom\guard_companions.sh
2025-09-25T16:23:50Z C:\Users\Cody\Desktop\tau_crystal\tau_crystal\scripts\geom\infer.sh
2025-09-25T16:23:50Z C:\Users\Cody\Desktop\tau_crystal\tau_crystal\scripts\geom\judge.sh
2025-09-25T16:23:50Z C:\Users\Cody\Desktop\tau_crystal\tau_crystal\scripts\geom\l_series_compose.sh
2025-09-25T16:23:50Z C:\Users\Cody\Desktop\tau_crystal\tau_crystal\scripts\geom\make_manifest.sh
2025-09-25T16:23:50Z C:\Users\Cody\Desktop\tau_crystal\tau_crystal\scripts\geom\op.sh
2025-09-25T16:23:50Z C:\Users\Cody\Desktop\tau_crystal\tau_crystal\scripts\geom\predicates.sh
2025-09-25T16:23:50Z C:\Users\Cody\Desktop\tau_crystal\tau_crystal\scripts\geom\proof_tree.sh
2025-09-25T16:23:50Z C:\Users\Cody\Desktop\tau_crystal\tau_crystal\scripts\geom\proof_tree_append.sh
2025-09-25T16:23:50Z C:\Users\Cody\Desktop\tau_crystal\tau_crystal\scripts\geom\render_graph.sh
2025-09-25T16:23:50Z C:\Users\Cody\Desktop\tau_crystal\tau_crystal\scripts\geom\run_anchor_verify.sh
2025-09-25T16:23:50Z C:\Users\Cody\Desktop\tau_crystal\tau_crystal\scripts\geom\similarity_tau.sh
2025-09-25T16:23:50Z C:\Users\Cody\Desktop\tau_crystal\tau_crystal\scripts\geom\stability_frobenius.sh
2025-09-25T16:23:50Z C:\Users\Cody\Desktop\tau_crystal\tau_crystal\scripts\geom\strict_ci.sh
2025-09-25T16:23:50Z C:\Users\Cody\Desktop\tau_crystal\tau_crystal\scripts\geom\symmetry_epsilon.sh
2025-09-25T16:23:50Z C:\Users\Cody\Desktop\tau_crystal\tau_crystal\scripts\geom\update_canon_lock.sh
2025-09-25T16:23:50Z C:\Users\Cody\Desktop\tau_crystal\tau_crystal\scripts\geom\verify_rule.sh
2025-09-25T16:23:50Z C:\Users\Cody\Desktop\tau_crystal\tau_crystal\scripts\holo\build_holo_tensor.sh
2025-09-25T16:23:50Z C:\Users\Cody\Desktop\tau_crystal\tau_crystal\scripts\holo\stamp_holo_into_manifest.sh
2025-09-25T16:23:50Z C:\Users\Cody\Desktop\tau_crystal\tau_crystal\scripts\holo\verify_holo_tensor.sh
2025-09-25T16:23:50Z C:\Users\Cody\Desktop\tau_crystal\tau_crystal\scripts\hw\ci_attest_capsule.sh
2025-09-25T16:23:50Z C:\Users\Cody\Desktop\tau_crystal\tau_crystal\scripts\hw\ci_attest_capsule_p256.sh
2025-09-25T16:23:50Z C:\Users\Cody\Desktop\tau_crystal\tau_crystal\scripts\hw\gen_device_key.sh
2025-09-25T16:23:50Z C:\Users\Cody\Desktop\tau_crystal\tau_crystal\scripts\hw\mcu_sim.sh
2025-09-25T16:23:50Z C:\Users\Cody\Desktop\tau_crystal\tau_crystal\scripts\hw\store_atecc_pub.sh
2025-09-25T16:23:50Z C:\Users\Cody\Desktop\tau_crystal\tau_crystal\scripts\interf\build_interference_map.sh
2025-09-25T16:23:50Z C:\Users\Cody\Desktop\tau_crystal\tau_crystal\scripts\interf\stamp_interference_into_manifest.sh
2025-09-25T16:23:50Z C:\Users\Cody\Desktop\tau_crystal\tau_crystal\scripts\jupyter\stamp_tau_trace_into_manifest.sh
2025-09-25T16:23:50Z C:\Users\Cody\Desktop\tau_crystal\tau_crystal\scripts\langlands\_bash_math.sh
2025-09-25T16:23:50Z C:\Users\Cody\Desktop\tau_crystal\tau_crystal\scripts\langlands\analytic_rank_gate.sh
2025-09-25T16:23:50Z C:\Users\Cody\Desktop\tau_crystal\tau_crystal\scripts\langlands\analytic_rank_heegner.sh
2025-09-25T16:23:50Z C:\Users\Cody\Desktop\tau_crystal\tau_crystal\scripts\langlands\animate_surface.sh
2025-09-25T16:23:50Z C:\Users\Cody\Desktop\tau_crystal\tau_crystal\scripts\langlands\around_witness_scan.sh
2025-09-25T16:23:50Z C:\Users\Cody\Desktop\tau_crystal\tau_crystal\scripts\langlands\artifact_normalize.sh
2025-09-25T16:23:50Z C:\Users\Cody\Desktop\tau_crystal\tau_crystal\scripts\langlands\artin_conductor.sh
2025-09-25T16:23:50Z C:\Users\Cody\Desktop\tau_crystal\tau_crystal\scripts\langlands\atlas_line.sh
2025-09-25T16:23:50Z C:\Users\Cody\Desktop\tau_crystal\tau_crystal\scripts\langlands\basins_map.sh
2025-09-25T16:23:50Z C:\Users\Cody\Desktop\tau_crystal\tau_crystal\scripts\langlands\chain_import.sh
2025-09-25T16:23:50Z C:\Users\Cody\Desktop\tau_crystal\tau_crystal\scripts\langlands\check_sigma11_reference.sh
2025-09-25T16:23:50Z C:\Users\Cody\Desktop\tau_crystal\tau_crystal\scripts\langlands\check_tau_congruence.sh
2025-09-25T16:23:50Z C:\Users\Cody\Desktop\tau_crystal\tau_crystal\scripts\langlands\ci_automorphic_hook.sh
2025-09-25T16:23:50Z C:\Users\Cody\Desktop\tau_crystal\tau_crystal\scripts\langlands\crit_zero_sweep.sh
2025-09-25T16:23:50Z C:\Users\Cody\Desktop\tau_crystal\tau_crystal\scripts\langlands\deformation_ring.sh
2025-09-25T16:23:50Z C:\Users\Cody\Desktop\tau_crystal\tau_crystal\scripts\langlands\dirsig_fallback.sh
2025-09-25T16:23:50Z C:\Users\Cody\Desktop\tau_crystal\tau_crystal\scripts\langlands\discovery_scan.sh
2025-09-25T16:23:50Z C:\Users\Cody\Desktop\tau_crystal\tau_crystal\scripts\langlands\double_zero_refine.sh
2025-09-25T16:23:50Z C:\Users\Cody\Desktop\tau_crystal\tau_crystal\scripts\langlands\double_zero_scan.sh
2025-09-25T16:23:50Z C:\Users\Cody\Desktop\tau_crystal\tau_crystal\scripts\langlands\emit_face_tau_sequence.sh
2025-09-25T16:23:50Z C:\Users\Cody\Desktop\tau_crystal\tau_crystal\scripts\langlands\emit_hecke_from_qexp.sh
2025-09-25T16:23:50Z C:\Users\Cody\Desktop\tau_crystal\tau_crystal\scripts\langlands\endoscopy_scan.sh
2025-09-25T16:23:50Z C:\Users\Cody\Desktop\tau_crystal\tau_crystal\scripts\langlands\find_second_witness.sh
2025-09-25T16:23:50Z C:\Users\Cody\Desktop\tau_crystal\tau_crystal\scripts\langlands\freeze_best.sh
2025-09-25T16:23:50Z C:\Users\Cody\Desktop\tau_crystal\tau_crystal\scripts\langlands\frobenius.sh
2025-09-25T16:23:50Z C:\Users\Cody\Desktop\tau_crystal\tau_crystal\scripts\langlands\functional_equation.sh
2025-09-25T16:23:50Z C:\Users\Cody\Desktop\tau_crystal\tau_crystal\scripts\langlands\galois.sh
2025-09-25T16:23:50Z C:\Users\Cody\Desktop\tau_crystal\tau_crystal\scripts\langlands\gate_hecke_11a1.sh
2025-09-25T16:23:50Z C:\Users\Cody\Desktop\tau_crystal\tau_crystal\scripts\langlands\generate_monograph.sh
2025-09-25T16:23:50Z C:\Users\Cody\Desktop\tau_crystal\tau_crystal\scripts\langlands\hecke_11a1.sh
2025-09-25T16:23:50Z C:\Users\Cody\Desktop\tau_crystal\tau_crystal\scripts\langlands\hecke2_mean.sh
2025-09-25T16:23:50Z C:\Users\Cody\Desktop\tau_crystal\tau_crystal\scripts\langlands\lab.sh
2025-09-25T16:23:50Z C:\Users\Cody\Desktop\tau_crystal\tau_crystal\scripts\langlands\live_observatory.sh
2025-09-25T16:23:50Z C:\Users\Cody\Desktop\tau_crystal\tau_crystal\scripts\langlands\live_ticker.sh
2025-09-25T16:23:50Z C:\Users\Cody\Desktop\tau_crystal\tau_crystal\scripts\langlands\mean_compare.sh
2025-09-25T16:23:50Z C:\Users\Cody\Desktop\tau_crystal\tau_crystal\scripts\langlands\micro_conductor.sh
2025-09-25T16:23:50Z C:\Users\Cody\Desktop\tau_crystal\tau_crystal\scripts\langlands\minimal_tau.sh
2025-09-25T16:23:50Z C:\Users\Cody\Desktop\tau_crystal\tau_crystal\scripts\langlands\morse_analysis.sh
2025-09-25T16:23:50Z C:\Users\Cody\Desktop\tau_crystal\tau_crystal\scripts\langlands\morse2d.sh
2025-09-25T16:23:50Z C:\Users\Cody\Desktop\tau_crystal\tau_crystal\scripts\langlands\morse2d_pure.sh
2025-09-25T16:23:50Z C:\Users\Cody\Desktop\tau_crystal\tau_crystal\scripts\langlands\padic_family.sh
2025-09-25T16:23:50Z C:\Users\Cody\Desktop\tau_crystal\tau_crystal\scripts\langlands\parse_best_rel.sh
2025-09-25T16:23:50Z C:\Users\Cody\Desktop\tau_crystal\tau_crystal\scripts\langlands\plots_write.sh
2025-09-25T16:23:50Z C:\Users\Cody\Desktop\tau_crystal\tau_crystal\scripts\langlands\ramanujan_bounds.sh
2025-09-25T16:23:50Z C:\Users\Cody\Desktop\tau_crystal\tau_crystal\scripts\langlands\reciprocity.sh
2025-09-25T16:23:50Z C:\Users\Cody\Desktop\tau_crystal\tau_crystal\scripts\langlands\reciprocity_run.sh
2025-09-25T16:23:50Z C:\Users\Cody\Desktop\tau_crystal\tau_crystal\scripts\langlands\reciprocity_verify.sh
2025-09-25T16:23:50Z C:\Users\Cody\Desktop\tau_crystal\tau_crystal\scripts\langlands\record_broadcast.sh
2025-09-25T16:23:50Z C:\Users\Cody\Desktop\tau_crystal\tau_crystal\scripts\langlands\rollups.sh
2025-09-25T16:23:50Z C:\Users\Cody\Desktop\tau_crystal\tau_crystal\scripts\langlands\run_atlas_now.sh
2025-09-25T16:23:50Z C:\Users\Cody\Desktop\tau_crystal\tau_crystal\scripts\langlands\run_phase_next.sh
2025-09-25T16:23:50Z C:\Users\Cody\Desktop\tau_crystal\tau_crystal\scripts\langlands\run_phase_next_strict.sh
2025-09-25T16:23:50Z C:\Users\Cody\Desktop\tau_crystal\tau_crystal\scripts\langlands\satake_direction.sh
2025-09-25T16:23:50Z C:\Users\Cody\Desktop\tau_crystal\tau_crystal\scripts\langlands\satake_from_hecke.sh
2025-09-25T16:23:50Z C:\Users\Cody\Desktop\tau_crystal\tau_crystal\scripts\langlands\seed_witness_envs.sh
2025-09-25T16:23:50Z C:\Users\Cody\Desktop\tau_crystal\tau_crystal\scripts\langlands\sig.sh
2025-09-25T16:23:50Z C:\Users\Cody\Desktop\tau_crystal\tau_crystal\scripts\langlands\smoke_hecke_ledger.sh
2025-09-25T16:23:50Z C:\Users\Cody\Desktop\tau_crystal\tau_crystal\scripts\langlands\sym2_tighten.sh
2025-09-25T16:23:50Z C:\Users\Cody\Desktop\tau_crystal\tau_crystal\scripts\langlands\tau_L_function.sh
2025-09-25T16:23:50Z C:\Users\Cody\Desktop\tau_crystal\tau_crystal\scripts\langlands\theta_descent.sh
2025-09-25T16:23:50Z C:\Users\Cody\Desktop\tau_crystal\tau_crystal\scripts\langlands\theta_point.sh
2025-09-25T16:23:50Z C:\Users\Cody\Desktop\tau_crystal\tau_crystal\scripts\langlands\theta_scan_proxy.sh
2025-09-25T16:23:50Z C:\Users\Cody\Desktop\tau_crystal\tau_crystal\scripts\langlands\theta_scan_proxy2.sh
2025-09-25T16:23:50Z C:\Users\Cody\Desktop\tau_crystal\tau_crystal\scripts\langlands\theta_scan_wide.sh
2025-09-25T16:23:50Z C:\Users\Cody\Desktop\tau_crystal\tau_crystal\scripts\langlands\theta_sweep.sh
2025-09-25T16:23:50Z C:\Users\Cody\Desktop\tau_crystal\tau_crystal\scripts\langlands\theta_zoom.sh
2025-09-25T16:23:50Z C:\Users\Cody\Desktop\tau_crystal\tau_crystal\scripts\langlands\trace_formula.sh
2025-09-25T16:23:50Z C:\Users\Cody\Desktop\tau_crystal\tau_crystal\scripts\langlands\update_ledger.sh
2025-09-25T16:23:50Z C:\Users\Cody\Desktop\tau_crystal\tau_crystal\scripts\langlands\zero_depletion.sh
2025-09-25T16:23:50Z C:\Users\Cody\Desktop\tau_crystal\tau_crystal\scripts\laurent\integrate_laurent.sh
2025-09-25T16:23:50Z C:\Users\Cody\Desktop\tau_crystal\tau_crystal\scripts\laurent\laurent_ring.sh
2025-09-25T16:23:50Z C:\Users\Cody\Desktop\tau_crystal\tau_crystal\scripts\lean\recursion_cap_guard.sh
2025-09-25T16:23:50Z C:\Users\Cody\Desktop\tau_crystal\tau_crystal\scripts\ledger\make_attestation.sh
2025-09-25T16:23:50Z C:\Users\Cody\Desktop\tau_crystal\tau_crystal\scripts\ledger\make_receipt.sh
2025-09-25T16:23:50Z C:\Users\Cody\Desktop\tau_crystal\tau_crystal\scripts\ledger\update_manifest_status.sh
2025-09-25T16:23:50Z C:\Users\Cody\Desktop\tau_crystal\tau_crystal\scripts\live\guard_heegner_entropy.sh
2025-09-25T16:23:50Z C:\Users\Cody\Desktop\tau_crystal\tau_crystal\scripts\live\guard_virtualalloc_taint.sh
2025-09-25T16:23:50Z C:\Users\Cody\Desktop\tau_crystal\tau_crystal\scripts\live\prepare_runtime_baseline.sh
2025-09-25T16:23:50Z C:\Users\Cody\Desktop\tau_crystal\tau_crystal\scripts\math\curve_11a1.sh
2025-09-25T16:23:50Z C:\Users\Cody\Desktop\tau_crystal\tau_crystal\scripts\meta\_normalize.sh
2025-09-25T16:23:50Z C:\Users\Cody\Desktop\tau_crystal\tau_crystal\scripts\meta\_sha256.sh
2025-09-25T16:23:50Z C:\Users\Cody\Desktop\tau_crystal\tau_crystal\scripts\meta\assure_push.sh
2025-09-25T16:23:50Z C:\Users\Cody\Desktop\tau_crystal\tau_crystal\scripts\meta\build_provenance_map.sh
2025-09-25T16:23:50Z C:\Users\Cody\Desktop\tau_crystal\tau_crystal\scripts\meta\capsule_families.sh
2025-09-25T16:23:50Z C:\Users\Cody\Desktop\tau_crystal\tau_crystal\scripts\meta\constant_canary.sh
2025-09-25T16:23:50Z C:\Users\Cody\Desktop\tau_crystal\tau_crystal\scripts\meta\docker_receipt_label.sh
2025-09-25T16:23:50Z C:\Users\Cody\Desktop\tau_crystal\tau_crystal\scripts\meta\garden_publish.sh
2025-09-25T16:23:50Z C:\Users\Cody\Desktop\tau_crystal\tau_crystal\scripts\meta\garden_render.sh
2025-09-25T16:23:50Z C:\Users\Cody\Desktop\tau_crystal\tau_crystal\scripts\meta\latency_knob.sh
2025-09-25T16:23:50Z C:\Users\Cody\Desktop\tau_crystal\tau_crystal\scripts\meta\make_witness_capsule.sh
2025-09-25T16:23:50Z C:\Users\Cody\Desktop\tau_crystal\tau_crystal\scripts\meta\next_all_green.sh
2025-09-25T16:23:50Z C:\Users\Cody\Desktop\tau_crystal\tau_crystal\scripts\meta\next_hammer.sh
2025-09-25T16:23:50Z C:\Users\Cody\Desktop\tau_crystal\tau_crystal\scripts\meta\ouroboros_check.sh
2025-09-25T16:23:50Z C:\Users\Cody\Desktop\tau_crystal\tau_crystal\scripts\meta\postflight.sh
2025-09-25T16:23:50Z C:\Users\Cody\Desktop\tau_crystal\tau_crystal\scripts\meta\progress_print.sh
2025-09-25T16:23:50Z C:\Users\Cody\Desktop\tau_crystal\tau_crystal\scripts\meta\progress_update.sh
2025-09-25T16:23:50Z C:\Users\Cody\Desktop\tau_crystal\tau_crystal\scripts\meta\push_everything_with_archive.sh
2025-09-25T16:23:50Z C:\Users\Cody\Desktop\tau_crystal\tau_crystal\scripts\meta\qr_witness.sh
2025-09-25T16:23:50Z C:\Users\Cody\Desktop\tau_crystal\tau_crystal\scripts\meta\seal_tarball_with_receipt.sh
2025-09-25T16:23:50Z C:\Users\Cody\Desktop\tau_crystal\tau_crystal\scripts\meta\sheaf_reflection.sh
2025-09-25T16:23:50Z C:\Users\Cody\Desktop\tau_crystal\tau_crystal\scripts\meta\stamp_qr_into_manifest.sh
2025-09-25T16:23:51Z C:\Users\Cody\Desktop\tau_crystal\tau_crystal\scripts\meta\stamp_sheaf_into_manifest.sh
2025-09-25T16:23:51Z C:\Users\Cody\Desktop\tau_crystal\tau_crystal\scripts\meta\tactic_debt.sh
2025-09-25T16:23:51Z C:\Users\Cody\Desktop\tau_crystal\tau_crystal\scripts\meta\tau_sheaf_reflect.sh
2025-09-25T16:23:51Z C:\Users\Cody\Desktop\tau_crystal\tau_crystal\scripts\meta\timeout_run.sh
2025-09-25T16:23:51Z C:\Users\Cody\Desktop\tau_crystal\tau_crystal\scripts\meta\verify_docker_receipt_label.sh
2025-09-25T16:23:51Z C:\Users\Cody\Desktop\tau_crystal\tau_crystal\scripts\meta\verify_self.sh
2025-09-25T16:23:51Z C:\Users\Cody\Desktop\tau_crystal\tau_crystal\scripts\meta\verify_sheaf_digest.sh
2025-09-25T16:23:51Z C:\Users\Cody\Desktop\tau_crystal\tau_crystal\scripts\meta\verify_tarball_seal.sh
2025-09-25T16:23:51Z C:\Users\Cody\Desktop\tau_crystal\tau_crystal\scripts\meta\vows_stamp.sh
2025-09-25T16:23:51Z C:\Users\Cody\Desktop\tau_crystal\tau_crystal\scripts\meta\write_manifest_section.sh
2025-09-25T16:23:51Z C:\Users\Cody\Desktop\tau_crystal\tau_crystal\scripts\meta\write_readme.sh
2025-09-25T16:23:51Z C:\Users\Cody\Desktop\tau_crystal\tau_crystal\scripts\metrics\cep_tau.sh
2025-09-25T16:23:51Z C:\Users\Cody\Desktop\tau_crystal\tau_crystal\scripts\metrics\dim_tau.sh
2025-09-25T16:23:51Z C:\Users\Cody\Desktop\tau_crystal\tau_crystal\scripts\mirror\mirror_receipts.sh
2025-09-25T16:23:51Z C:\Users\Cody\Desktop\tau_crystal\tau_crystal\scripts\mirror\stamp_mirror_into_manifest.sh
2025-09-25T16:23:51Z C:\Users\Cody\Desktop\tau_crystal\tau_crystal\scripts\mirror\verify_mirror_receipts.sh
2025-09-25T16:23:51Z C:\Users\Cody\Desktop\tau_crystal\tau_crystal\scripts\monographs\compile_monograph.sh
2025-09-25T16:23:51Z C:\Users\Cody\Desktop\tau_crystal\tau_crystal\scripts\monographs\make_raman_face_run1_tex.sh
2025-09-25T16:23:51Z C:\Users\Cody\Desktop\tau_crystal\tau_crystal\scripts\morpho\after_publish.sh
2025-09-25T16:23:51Z C:\Users\Cody\Desktop\tau_crystal\tau_crystal\scripts\morpho\analyze.sh
2025-09-25T16:23:51Z C:\Users\Cody\Desktop\tau_crystal\tau_crystal\scripts\morpho\analyze_basic.sh
2025-09-25T16:23:51Z C:\Users\Cody\Desktop\tau_crystal\tau_crystal\scripts\morpho\append_manifest_line.sh
2025-09-25T16:23:51Z C:\Users\Cody\Desktop\tau_crystal\tau_crystal\scripts\morpho\archive_coin.sh
2025-09-25T16:23:51Z C:\Users\Cody\Desktop\tau_crystal\tau_crystal\scripts\morpho\bridge_and_publish.sh
2025-09-25T16:23:51Z C:\Users\Cody\Desktop\tau_crystal\tau_crystal\scripts\morpho\bridge_publish_wrapped.sh
2025-09-25T16:23:51Z C:\Users\Cody\Desktop\tau_crystal\tau_crystal\scripts\morpho\cert_judge.sh
2025-09-25T16:23:51Z C:\Users\Cody\Desktop\tau_crystal\tau_crystal\scripts\morpho\cert_mint.sh
2025-09-25T16:23:51Z C:\Users\Cody\Desktop\tau_crystal\tau_crystal\scripts\morpho\check_inputs.sh
2025-09-25T16:23:51Z C:\Users\Cody\Desktop\tau_crystal\tau_crystal\scripts\morpho\clean_lr_csv.sh
2025-09-25T16:23:51Z C:\Users\Cody\Desktop\tau_crystal\tau_crystal\scripts\morpho\connect_all_faces.sh
2025-09-25T16:23:51Z C:\Users\Cody\Desktop\tau_crystal\tau_crystal\scripts\morpho\decrypt_show.sh
2025-09-25T16:23:51Z C:\Users\Cody\Desktop\tau_crystal\tau_crystal\scripts\morpho\demo_chain.sh
2025-09-25T16:23:51Z C:\Users\Cody\Desktop\tau_crystal\tau_crystal\scripts\morpho\emit_face_public.sh
2025-09-25T16:23:51Z C:\Users\Cody\Desktop\tau_crystal\tau_crystal\scripts\morpho\enforce_all_boundaries.sh
2025-09-25T16:23:51Z C:\Users\Cody\Desktop\tau_crystal\tau_crystal\scripts\morpho\enforce_boundary.sh
2025-09-25T16:23:51Z C:\Users\Cody\Desktop\tau_crystal\tau_crystal\scripts\morpho\extract_first4nums.sh
2025-09-25T16:23:51Z C:\Users\Cody\Desktop\tau_crystal\tau_crystal\scripts\morpho\face15_ingest.sh
2025-09-25T16:23:51Z C:\Users\Cody\Desktop\tau_crystal\tau_crystal\scripts\morpho\face15_metrics.sh
2025-09-25T16:23:51Z C:\Users\Cody\Desktop\tau_crystal\tau_crystal\scripts\morpho\fetch_face_public.sh
2025-09-25T16:23:51Z C:\Users\Cody\Desktop\tau_crystal\tau_crystal\scripts\morpho\geom_gate.sh
2025-09-25T16:23:51Z C:\Users\Cody\Desktop\tau_crystal\tau_crystal\scripts\morpho\ingest_real.sh
2025-09-25T16:23:51Z C:\Users\Cody\Desktop\tau_crystal\tau_crystal\scripts\morpho\judge_latest.sh
2025-09-25T16:23:51Z C:\Users\Cody\Desktop\tau_crystal\tau_crystal\scripts\morpho\latest_complete_pack.sh
2025-09-25T16:23:51Z C:\Users\Cody\Desktop\tau_crystal\tau_crystal\scripts\morpho\lean_geom_chain.sh
2025-09-25T16:23:51Z C:\Users\Cody\Desktop\tau_crystal\tau_crystal\scripts\morpho\ls3dw_convert_any.sh
2025-09-25T16:23:51Z C:\Users\Cody\Desktop\tau_crystal\tau_crystal\scripts\morpho\ls3dw_ingest.sh
2025-09-25T16:23:51Z C:\Users\Cody\Desktop\tau_crystal\tau_crystal\scripts\morpho\ls3dw_to_tsv.sh
2025-09-25T16:23:51Z C:\Users\Cody\Desktop\tau_crystal\tau_crystal\scripts\morpho\make_morpho_pair.sh
2025-09-25T16:23:51Z C:\Users\Cody\Desktop\tau_crystal\tau_crystal\scripts\morpho\mesh_evenodd_stub.sh
2025-09-25T16:23:51Z C:\Users\Cody\Desktop\tau_crystal\tau_crystal\scripts\morpho\metrics_aggregate.sh
2025-09-25T16:23:51Z C:\Users\Cody\Desktop\tau_crystal\tau_crystal\scripts\morpho\mint_morpho_pair.sh
2025-09-25T16:23:51Z C:\Users\Cody\Desktop\tau_crystal\tau_crystal\scripts\morpho\mint_morpho_receipt.sh
2025-09-25T16:23:51Z C:\Users\Cody\Desktop\tau_crystal\tau_crystal\scripts\morpho\pack_verify.sh
2025-09-25T16:23:51Z C:\Users\Cody\Desktop\tau_crystal\tau_crystal\scripts\morpho\pairs_from_longcsv.sh
2025-09-25T16:23:51Z C:\Users\Cody\Desktop\tau_crystal\tau_crystal\scripts\morpho\procrustes_evenodd.sh
2025-09-25T16:23:51Z C:\Users\Cody\Desktop\tau_crystal\tau_crystal\scripts\morpho\profile_onetap.sh
2025-09-25T16:23:51Z C:\Users\Cody\Desktop\tau_crystal\tau_crystal\scripts\morpho\publish_public_face.sh
2025-09-25T16:23:51Z C:\Users\Cody\Desktop\tau_crystal\tau_crystal\scripts\morpho\ref_anchor.sh
2025-09-25T16:23:51Z C:\Users\Cody\Desktop\tau_crystal\tau_crystal\scripts\morpho\ref_ingest.sh
2025-09-25T16:23:51Z C:\Users\Cody\Desktop\tau_crystal\tau_crystal\scripts\morpho\ref_stamp_receipt.sh
2025-09-25T16:23:51Z C:\Users\Cody\Desktop\tau_crystal\tau_crystal\scripts\morpho\ref_stats.sh
2025-09-25T16:23:51Z C:\Users\Cody\Desktop\tau_crystal\tau_crystal\scripts\morpho\release_name_from_receipt.sh
2025-09-25T16:23:51Z C:\Users\Cody\Desktop\tau_crystal\tau_crystal\scripts\morpho\run_face.sh
2025-09-25T16:23:51Z C:\Users\Cody\Desktop\tau_crystal\tau_crystal\scripts\morpho\scaffold_boundary.sh
2025-09-25T16:23:51Z C:\Users\Cody\Desktop\tau_crystal\tau_crystal\scripts\morpho\secure_store.sh
2025-09-25T16:23:51Z C:\Users\Cody\Desktop\tau_crystal\tau_crystal\scripts\morpho\selfie_onetap.sh
2025-09-25T16:23:51Z C:\Users\Cody\Desktop\tau_crystal\tau_crystal\scripts\morpho\spectral_receipt.sh
2025-09-25T16:23:51Z C:\Users\Cody\Desktop\tau_crystal\tau_crystal\scripts\morpho\stamp_hbar_root.sh
2025-09-25T16:23:51Z C:\Users\Cody\Desktop\tau_crystal\tau_crystal\scripts\morpho\strict_validate.sh
2025-09-25T16:23:51Z C:\Users\Cody\Desktop\tau_crystal\tau_crystal\scripts\morpho\tag_from_receipt.sh
2025-09-25T16:23:51Z C:\Users\Cody\Desktop\tau_crystal\tau_crystal\scripts\morpho\tau_sheaf_couple.sh
2025-09-25T16:23:51Z C:\Users\Cody\Desktop\tau_crystal\tau_crystal\scripts\morpho\validate_lr_csv.sh
2025-09-25T16:23:51Z C:\Users\Cody\Desktop\tau_crystal\tau_crystal\scripts\morpho\verify_notes.sh
2025-09-25T16:23:51Z C:\Users\Cody\Desktop\tau_crystal\tau_crystal\scripts\morpho\zk_diff_chain.sh
2025-09-25T16:23:51Z C:\Users\Cody\Desktop\tau_crystal\tau_crystal\scripts\morphometry\collect.sh
2025-09-25T16:23:51Z C:\Users\Cody\Desktop\tau_crystal\tau_crystal\scripts\motivic\decompose_motives.sh
2025-09-25T16:23:51Z C:\Users\Cody\Desktop\tau_crystal\tau_crystal\scripts\obstructions\emit_tpc_summary.sh
2025-09-25T16:23:51Z C:\Users\Cody\Desktop\tau_crystal\tau_crystal\scripts\obstructions\tpc_check.sh
2025-09-25T16:23:51Z C:\Users\Cody\Desktop\tau_crystal\tau_crystal\scripts\ops\acceptance_check.sh
2025-09-25T16:23:51Z C:\Users\Cody\Desktop\tau_crystal\tau_crystal\scripts\ops\acceptance_check_openssl.sh
2025-09-25T16:23:51Z C:\Users\Cody\Desktop\tau_crystal\tau_crystal\scripts\ops\activate_optimization.sh
2025-09-25T16:23:51Z C:\Users\Cody\Desktop\tau_crystal\tau_crystal\scripts\ops\add_workflow_dispatch.sh
2025-09-25T16:23:51Z C:\Users\Cody\Desktop\tau_crystal\tau_crystal\scripts\ops\assure_strict.sh
2025-09-25T16:23:51Z C:\Users\Cody\Desktop\tau_crystal\tau_crystal\scripts\ops\attest_env.sh
2025-09-25T16:23:51Z C:\Users\Cody\Desktop\tau_crystal\tau_crystal\scripts\ops\attested_delivery.sh
2025-09-25T16:23:51Z C:\Users\Cody\Desktop\tau_crystal\tau_crystal\scripts\ops\cache_attest.sh
2025-09-25T16:23:51Z C:\Users\Cody\Desktop\tau_crystal\tau_crystal\scripts\ops\conscience.sh
2025-09-25T16:23:51Z C:\Users\Cody\Desktop\tau_crystal\tau_crystal\scripts\ops\consensus_check.sh
2025-09-25T16:23:51Z C:\Users\Cody\Desktop\tau_crystal\tau_crystal\scripts\ops\emit_metrics.sh
2025-09-25T16:23:51Z C:\Users\Cody\Desktop\tau_crystal\tau_crystal\scripts\ops\expose_dispatch.sh
2025-09-25T16:23:51Z C:\Users\Cody\Desktop\tau_crystal\tau_crystal\scripts\ops\import_guard.sh
2025-09-25T16:23:51Z C:\Users\Cody\Desktop\tau_crystal\tau_crystal\scripts\ops\inject_dispatch_multiline_on.sh
2025-09-25T16:23:51Z C:\Users\Cody\Desktop\tau_crystal\tau_crystal\scripts\ops\keepopen_caps_verify.sh
2025-09-25T16:23:51Z C:\Users\Cody\Desktop\tau_crystal\tau_crystal\scripts\ops\log_metrics.sh
2025-09-25T16:23:51Z C:\Users\Cody\Desktop\tau_crystal\tau_crystal\scripts\ops\new_post.sh
2025-09-25T16:23:51Z C:\Users\Cody\Desktop\tau_crystal\tau_crystal\scripts\ops\next_hammer.sh
2025-09-25T16:23:51Z C:\Users\Cody\Desktop\tau_crystal\tau_crystal\scripts\ops\normalize_on_and_dispatch.sh
2025-09-25T16:23:51Z C:\Users\Cody\Desktop\tau_crystal\tau_crystal\scripts\ops\package_capsule.sh
2025-09-25T16:23:51Z C:\Users\Cody\Desktop\tau_crystal\tau_crystal\scripts\ops\poem_guard.sh
2025-09-25T16:23:51Z C:\Users\Cody\Desktop\tau_crystal\tau_crystal\scripts\ops\print_minisign_publine.sh
2025-09-25T16:23:51Z C:\Users\Cody\Desktop\tau_crystal\tau_crystal\scripts\ops\publish.sh
2025-09-25T16:23:51Z C:\Users\Cody\Desktop\tau_crystal\tau_crystal\scripts\ops\reciprocity_lock.sh
2025-09-25T16:23:51Z C:\Users\Cody\Desktop\tau_crystal\tau_crystal\scripts\ops\repair_attested_delivery.sh
2025-09-25T16:23:51Z C:\Users\Cody\Desktop\tau_crystal\tau_crystal\scripts\ops\replay_witness.sh
2025-09-25T16:23:51Z C:\Users\Cody\Desktop\tau_crystal\tau_crystal\scripts\ops\seed_init.sh
2025-09-25T16:23:51Z C:\Users\Cody\Desktop\tau_crystal\tau_crystal\scripts\ops\testimony_gate.sh
2025-09-25T16:23:51Z C:\Users\Cody\Desktop\tau_crystal\tau_crystal\scripts\ops\update_gallery.sh
2025-09-25T16:23:51Z C:\Users\Cody\Desktop\tau_crystal\tau_crystal\scripts\ops\verify_against_receipt.sh
2025-09-25T16:23:51Z C:\Users\Cody\Desktop\tau_crystal\tau_crystal\scripts\ops\verify_offline.sh
2025-09-25T16:23:51Z C:\Users\Cody\Desktop\tau_crystal\tau_crystal\scripts\ops\verify_release_binary.sh
2025-09-25T16:23:51Z C:\Users\Cody\Desktop\tau_crystal\tau_crystal\scripts\perma\pin_receipt_to_ipfs.sh
2025-09-25T16:23:51Z C:\Users\Cody\Desktop\tau_crystal\tau_crystal\scripts\perma\stamp_perma_into_manifest.sh
2025-09-25T16:23:51Z C:\Users\Cody\Desktop\tau_crystal\tau_crystal\scripts\perma\verify_perma_receipt.sh
2025-09-25T16:23:51Z C:\Users\Cody\Desktop\tau_crystal\tau_crystal\scripts\phys\_pyinfo.sh
2025-09-25T16:23:51Z C:\Users\Cody\Desktop\tau_crystal\tau_crystal\scripts\phys\debye_cap_from_lattice.sh
2025-09-25T16:23:51Z C:\Users\Cody\Desktop\tau_crystal\tau_crystal\scripts\phys\lattice_from_params.sh
2025-09-25T16:23:51Z C:\Users\Cody\Desktop\tau_crystal\tau_crystal\scripts\phys\spectral_gap_guard.sh
2025-09-25T16:23:51Z C:\Users\Cody\Desktop\tau_crystal\tau_crystal\scripts\physics\arith_nonce.sh
2025-09-25T16:23:51Z C:\Users\Cody\Desktop\tau_crystal\tau_crystal\scripts\physics\fused_gates.sh
2025-09-25T16:23:51Z C:\Users\Cody\Desktop\tau_crystal\tau_crystal\scripts\physics\passport_probe.sh
2025-09-25T16:23:51Z C:\Users\Cody\Desktop\tau_crystal\tau_crystal\scripts\physics\run_physics.sh
2025-09-25T16:23:51Z C:\Users\Cody\Desktop\tau_crystal\tau_crystal\scripts\plan\launch_verifiers.sh
2025-09-25T16:23:51Z C:\Users\Cody\Desktop\tau_crystal\tau_crystal\scripts\plan\tau_plan_flags.sh
2025-09-25T16:23:51Z C:\Users\Cody\Desktop\tau_crystal\tau_crystal\scripts\plan\tau_pro_gate.sh
2025-09-25T16:23:51Z C:\Users\Cody\Desktop\tau_crystal\tau_crystal\scripts\plan\write_roots.sh
2025-09-25T16:23:51Z C:\Users\Cody\Desktop\tau_crystal\tau_crystal\scripts\plumbing\_lib.sh
2025-09-25T16:23:51Z C:\Users\Cody\Desktop\tau_crystal\tau_crystal\scripts\plumbing\box_build.sh
2025-09-25T16:23:51Z C:\Users\Cody\Desktop\tau_crystal\tau_crystal\scripts\plumbing\framing_phase.sh
2025-09-25T16:23:51Z C:\Users\Cody\Desktop\tau_crystal\tau_crystal\scripts\plumbing\hysteresis_loop.sh
2025-09-25T16:23:51Z C:\Users\Cody\Desktop\tau_crystal\tau_crystal\scripts\plumbing\hysteresis_prime.sh
2025-09-25T16:23:51Z C:\Users\Cody\Desktop\tau_crystal\tau_crystal\scripts\plumbing\receipt_emit.sh
2025-09-25T16:23:51Z C:\Users\Cody\Desktop\tau_crystal\tau_crystal\scripts\plumbing\run_demo.sh
2025-09-25T16:23:51Z C:\Users\Cody\Desktop\tau_crystal\tau_crystal\scripts\plumbing\theta_lift.sh
2025-09-25T16:23:51Z C:\Users\Cody\Desktop\tau_crystal\tau_crystal\scripts\plumbing\verify_hysteresis.sh
2025-09-25T16:23:51Z C:\Users\Cody\Desktop\tau_crystal\tau_crystal\scripts\prim\prim_abelian_run.sh
2025-09-25T16:23:51Z C:\Users\Cody\Desktop\tau_crystal\tau_crystal\scripts\ramanujan\check_tau_hecke.sh
2025-09-25T16:23:51Z C:\Users\Cody\Desktop\tau_crystal\tau_crystal\scripts\ramanujan\freeze_eta_witness.sh
2025-09-25T16:23:51Z C:\Users\Cody\Desktop\tau_crystal\tau_crystal\scripts\ramanujan\gen_eta_pentagonal.sh
2025-09-25T16:23:51Z C:\Users\Cody\Desktop\tau_crystal\tau_crystal\scripts\ramanujan\guard_eta.sh
2025-09-25T16:23:51Z C:\Users\Cody\Desktop\tau_crystal\tau_crystal\scripts\ramanujan\mock_defect_norm.sh
2025-09-25T16:23:51Z C:\Users\Cody\Desktop\tau_crystal\tau_crystal\scripts\ramanujan\register_object.sh
2025-09-25T16:23:51Z C:\Users\Cody\Desktop\tau_crystal\tau_crystal\scripts\ramanujan\sturm_bound.sh
2025-09-25T16:23:51Z C:\Users\Cody\Desktop\tau_crystal\tau_crystal\scripts\ramanujan\verify_eta_identity.sh
2025-09-25T16:23:51Z C:\Users\Cody\Desktop\tau_crystal\tau_crystal\scripts\referee\referee_cli.sh
2025-09-25T16:23:51Z C:\Users\Cody\Desktop\tau_crystal\tau_crystal\scripts\referee\stamp_referee_cli.sh
2025-09-25T16:23:51Z C:\Users\Cody\Desktop\tau_crystal\tau_crystal\scripts\run\safe_run_all.sh
2025-09-25T16:23:51Z C:\Users\Cody\Desktop\tau_crystal\tau_crystal\scripts\sem\intent_bind.sh
2025-09-25T16:23:51Z C:\Users\Cody\Desktop\tau_crystal\tau_crystal\scripts\sidecar\side_car_import.sh
2025-09-25T16:23:51Z C:\Users\Cody\Desktop\tau_crystal\tau_crystal\scripts\sidecar\side_car_mint.sh
2025-09-25T16:23:51Z C:\Users\Cody\Desktop\tau_crystal\tau_crystal\scripts\sidecar\side_car_verify.sh
2025-09-25T16:23:51Z C:\Users\Cody\Desktop\tau_crystal\tau_crystal\scripts\signature\build_signature_rules.sh
2025-09-25T16:23:51Z C:\Users\Cody\Desktop\tau_crystal\tau_crystal\scripts\signature\stamp_signature_rules_into_manifest.sh
2025-09-25T16:23:51Z C:\Users\Cody\Desktop\tau_crystal\tau_crystal\scripts\signature\verify_signature_rules.sh
2025-09-25T16:23:51Z C:\Users\Cody\Desktop\tau_crystal\tau_crystal\scripts\sigring\build_signature_ring.sh
2025-09-25T16:23:51Z C:\Users\Cody\Desktop\tau_crystal\tau_crystal\scripts\sigring\init_keys.sh
2025-09-25T16:23:51Z C:\Users\Cody\Desktop\tau_crystal\tau_crystal\scripts\sigring\stamp_signature_ring_into_manifest.sh
2025-09-25T16:23:51Z C:\Users\Cody\Desktop\tau_crystal\tau_crystal\scripts\sigring\verify_signature_ring.sh
2025-09-25T16:23:51Z C:\Users\Cody\Desktop\tau_crystal\tau_crystal\scripts\spec\consensus_gate.sh
2025-09-25T16:23:51Z C:\Users\Cody\Desktop\tau_crystal\tau_crystal\scripts\spec\laurent_dual_precision.sh
2025-09-25T16:23:51Z C:\Users\Cody\Desktop\tau_crystal\tau_crystal\scripts\spec\poison_check.sh
2025-09-25T16:23:51Z C:\Users\Cody\Desktop\tau_crystal\tau_crystal\scripts\spec\poison_refresh.sh
2025-09-25T16:23:51Z C:\Users\Cody\Desktop\tau_crystal\tau_crystal\scripts\spec\reciprocity_gate.sh
2025-09-25T16:23:51Z C:\Users\Cody\Desktop\tau_crystal\tau_crystal\scripts\spec\redteam_spine.sh
2025-09-25T16:23:51Z C:\Users\Cody\Desktop\tau_crystal\tau_crystal\scripts\spec\repro_matrix.sh
2025-09-25T16:23:51Z C:\Users\Cody\Desktop\tau_crystal\tau_crystal\scripts\spec\spec_guard.sh
2025-09-25T16:23:51Z C:\Users\Cody\Desktop\tau_crystal\tau_crystal\scripts\spec\triple_consensus.sh
2025-09-25T16:23:51Z C:\Users\Cody\Desktop\tau_crystal\tau_crystal\scripts\spectral\sseq_build.sh
2025-09-25T16:23:51Z C:\Users\Cody\Desktop\tau_crystal\tau_crystal\scripts\tau_bin\stamp_bin_into_manifest.sh
2025-09-25T16:23:51Z C:\Users\Cody\Desktop\tau_crystal\tau_crystal\scripts\tau_bin\tau_verify.sh
2025-09-25T16:23:51Z C:\Users\Cody\Desktop\tau_crystal\tau_crystal\scripts\timefold\capture_timefold.sh
2025-09-25T16:23:51Z C:\Users\Cody\Desktop\tau_crystal\tau_crystal\scripts\timefold\stamp_timefold_into_manifest.sh
2025-09-25T16:23:51Z C:\Users\Cody\Desktop\tau_crystal\tau_crystal\scripts\timefold\verify_timefold.sh
2025-09-25T16:23:51Z C:\Users\Cody\Desktop\tau_crystal\tau_crystal\scripts\tools\cp_residual_symm_verifier.sh
2025-09-25T16:23:51Z C:\Users\Cody\Desktop\tau_crystal\tau_crystal\scripts\tools\stamp_physics_into_manifest.sh
2025-09-25T16:23:51Z C:\Users\Cody\Desktop\tau_crystal\tau_crystal\scripts\validation\_bootstrap_and_run.sh
2025-09-25T16:23:51Z C:\Users\Cody\Desktop\tau_crystal\tau_crystal\scripts\validation\_util.sh
2025-09-25T16:23:51Z C:\Users\Cody\Desktop\tau_crystal\tau_crystal\scripts\validation\ap_csv_from_work.sh
2025-09-25T16:23:51Z C:\Users\Cody\Desktop\tau_crystal\tau_crystal\scripts\validation\assemble_run1_manifest.sh
2025-09-25T16:23:51Z C:\Users\Cody\Desktop\tau_crystal\tau_crystal\scripts\validation\build_tau_reference.sh
2025-09-25T16:23:51Z C:\Users\Cody\Desktop\tau_crystal\tau_crystal\scripts\validation\checks.sh
2025-09-25T16:23:51Z C:\Users\Cody\Desktop\tau_crystal\tau_crystal\scripts\validation\count_ap.sh
2025-09-25T16:23:51Z C:\Users\Cody\Desktop\tau_crystal\tau_crystal\scripts\validation\face_to_ap.sh
2025-09-25T16:23:51Z C:\Users\Cody\Desktop\tau_crystal\tau_crystal\scripts\validation\face_to_ap_safe.sh
2025-09-25T16:23:51Z C:\Users\Cody\Desktop\tau_crystal\tau_crystal\scripts\validation\fill_ap_from_tau_ref.sh
2025-09-25T16:23:51Z C:\Users\Cody\Desktop\tau_crystal\tau_crystal\scripts\validation\guard_claim.sh
2025-09-25T16:23:51Z C:\Users\Cody\Desktop\tau_crystal\tau_crystal\scripts\validation\inject_ap_tau.sh
2025-09-25T16:23:51Z C:\Users\Cody\Desktop\tau_crystal\tau_crystal\scripts\validation\landmarks_to_r.sh
2025-09-25T16:23:51Z C:\Users\Cody\Desktop\tau_crystal\tau_crystal\scripts\validation\landmarks_to_r_safe.sh
2025-09-25T16:23:51Z C:\Users\Cody\Desktop\tau_crystal\tau_crystal\scripts\validation\make_minimal_receipt.sh
2025-09-25T16:23:51Z C:\Users\Cody\Desktop\tau_crystal\tau_crystal\scripts\validation\make_synthetic_tsvs.sh
2025-09-25T16:23:51Z C:\Users\Cody\Desktop\tau_crystal\tau_crystal\scripts\validation\pack_dataset.sh
2025-09-25T16:23:51Z C:\Users\Cody\Desktop\tau_crystal\tau_crystal\scripts\validation\pack_witness.sh
2025-09-25T16:23:51Z C:\Users\Cody\Desktop\tau_crystal\tau_crystal\scripts\validation\pack_witness_deterministic.sh
2025-09-25T16:23:51Z C:\Users\Cody\Desktop\tau_crystal\tau_crystal\scripts\validation\pre_normalize.sh
2025-09-25T16:23:51Z C:\Users\Cody\Desktop\tau_crystal\tau_crystal\scripts\validation\r_to_curve.sh
2025-09-25T16:23:51Z C:\Users\Cody\Desktop\tau_crystal\tau_crystal\scripts\validation\receipt_ap_to_work.sh
2025-09-25T16:23:51Z C:\Users\Cody\Desktop\tau_crystal\tau_crystal\scripts\validation\run_experiment.sh
2025-09-25T16:23:51Z C:\Users\Cody\Desktop\tau_crystal\tau_crystal\scripts\validation\sign_dataset.sh
2025-09-25T16:23:51Z C:\Users\Cody\Desktop\tau_crystal\tau_crystal\scripts\validation\sync_ap_from_tau_ref.sh
2025-09-25T16:23:51Z C:\Users\Cody\Desktop\tau_crystal\tau_crystal\scripts\validation\tag_run.sh
2025-09-25T16:23:51Z C:\Users\Cody\Desktop\tau_crystal\tau_crystal\scripts\validation\validate_face_tsvs.sh
2025-09-25T16:23:51Z C:\Users\Cody\Desktop\tau_crystal\tau_crystal\scripts\witness\make_hash_statement.sh
2025-09-25T16:23:51Z C:\Users\Cody\Desktop\tau_crystal\tau_crystal\scripts\zkdiff\baseline_capture.sh
2025-09-25T16:23:51Z C:\Users\Cody\Desktop\tau_crystal\tau_crystal\scripts\zkdiff\prove_limited_change.sh
2025-09-25T16:23:51Z C:\Users\Cody\Desktop\tau_crystal\tau_crystal\scripts\zkdiff\verify_limited_change.sh
2025-09-25T16:26:31Z C:\Users\Cody\Desktop\tau_crystal\tau_crystal\analysis\capsules\incident_20250925T162631Z\barcode.json
2025-09-25T16:26:31Z C:\Users\Cody\Desktop\tau_crystal\tau_crystal\analysis\capsules\incident_20250925T162631Z\entropy.json
2025-09-25T16:26:31Z C:\Users\Cody\Desktop\tau_crystal\tau_crystal\analysis\capsules\incident_20250925T162631Z\virtualalloc_maps.tsv
2025-09-25T16:26:32Z C:\Users\Cody\Desktop\tau_crystal\tau_crystal\analysis\capsules\incident_20250925T162631Z\incident_20250925T162631Z.tar.gz
2025-09-25T16:28:29Z C:\Users\Cody\Desktop\tau_crystal\tau_crystal\analysis\capsules\incident_20250925T162829Z\barcode.json
2025-09-25T16:28:30Z C:\Users\Cody\Desktop\tau_crystal\tau_crystal\.cache\guard_all.stderr
2025-09-25T16:28:30Z C:\Users\Cody\Desktop\tau_crystal\tau_crystal\.cache\guard_all.stdout
2025-09-25T16:28:30Z C:\Users\Cody\Desktop\tau_crystal\tau_crystal\analysis\capsules\incident_20250925T162829Z\entropy.json
2025-09-25T16:28:30Z C:\Users\Cody\Desktop\tau_crystal\tau_crystal\analysis\capsules\incident_20250925T162829Z\incident_20250925T162829Z.tar.gz
2025-09-25T16:28:30Z C:\Users\Cody\Desktop\tau_crystal\tau_crystal\analysis\capsules\incident_20250925T162829Z\virtualalloc_maps.tsv
2025-09-25T16:28:52Z C:\Users\Cody\Desktop\tau_crystal\tau_crystal\analysis\capsules\incident_20250925T162852Z\barcode.json
2025-09-25T16:28:52Z C:\Users\Cody\Desktop\tau_crystal\tau_crystal\analysis\capsules\incident_20250925T162852Z\entropy.json
2025-09-25T16:28:52Z C:\Users\Cody\Desktop\tau_crystal\tau_crystal\analysis\capsules\incident_20250925T162852Z\incident_20250925T162852Z.tar.gz
2025-09-25T16:28:52Z C:\Users\Cody\Desktop\tau_crystal\tau_crystal\analysis\capsules\incident_20250925T162852Z\virtualalloc_maps.tsv
2025-09-25T16:29:37Z C:\Users\Cody\Desktop\tau_crystal\tau_crystal\scripts\live\incident_capsule.sh
2025-09-25T16:29:44Z C:\Users\Cody\Desktop\tau_crystal\tau_crystal\analysis\capsules\incident_20250925T162944Z.tar.gz
2025-09-25T16:29:44Z C:\Users\Cody\Desktop\tau_crystal\tau_crystal\analysis\capsules\incident_20250925T162944Z.tar.gz.sha256
2025-09-25T16:29:44Z C:\Users\Cody\Desktop\tau_crystal\tau_crystal\analysis\capsules\incident_20250925T162944Z\barcode.json
2025-09-25T16:29:44Z C:\Users\Cody\Desktop\tau_crystal\tau_crystal\analysis\capsules\incident_20250925T162944Z\entropy.json
2025-09-25T16:29:44Z C:\Users\Cody\Desktop\tau_crystal\tau_crystal\analysis\capsules\incident_20250925T162944Z\virtualalloc_maps.tsv
2025-09-25T16:30:54Z C:\Users\Cody\Desktop\tau_crystal\tau_crystal\scripts\meta\thresholds_verify.sh
2025-09-25T16:30:58Z C:\Users\Cody\Desktop\tau_crystal\tau_crystal\analysis\capsules\incident_20250925T163058Z.tar.gz
2025-09-25T16:30:58Z C:\Users\Cody\Desktop\tau_crystal\tau_crystal\analysis\capsules\incident_20250925T163058Z.tar.gz.sha256
2025-09-25T16:30:58Z C:\Users\Cody\Desktop\tau_crystal\tau_crystal\analysis\capsules\incident_20250925T163058Z\barcode.json
2025-09-25T16:30:58Z C:\Users\Cody\Desktop\tau_crystal\tau_crystal\analysis\capsules\incident_20250925T163058Z\entropy.json
2025-09-25T16:30:58Z C:\Users\Cody\Desktop\tau_crystal\tau_crystal\analysis\capsules\incident_20250925T163058Z\virtualalloc_maps.tsv
2025-09-25T16:33:03Z C:\Users\Cody\Desktop\tau_crystal\tau_crystal\.git\logs\refs\heads\capsule-demo-20250924
2025-09-25T16:33:03Z C:\Users\Cody\Desktop\tau_crystal\tau_crystal\.git\objects\0b\4f97f4d66757323302fd80e2c2bb642721c9d8
2025-09-25T16:33:03Z C:\Users\Cody\Desktop\tau_crystal\tau_crystal\.git\objects\0d\36fd3c87d6e50f824f221723eccd93d1ea7a9a
2025-09-25T16:33:03Z C:\Users\Cody\Desktop\tau_crystal\tau_crystal\.git\objects\83\58ef87867ae6f076518fec80e9e5eaed8c3d19
2025-09-25T16:33:03Z C:\Users\Cody\Desktop\tau_crystal\tau_crystal\.git\objects\86\92cebb199d75aafebbfd7399ce07a40a26bd42
2025-09-25T16:33:03Z C:\Users\Cody\Desktop\tau_crystal\tau_crystal\.git\refs\heads\capsule-demo-20250924
2025-09-25T16:33:04Z C:\Users\Cody\Desktop\tau_crystal\tau_crystal\.git\logs\refs\remotes\origin\capsule-demo-20250924
2025-09-25T16:33:04Z C:\Users\Cody\Desktop\tau_crystal\tau_crystal\.git\refs\remotes\origin\capsule-demo-20250924
2025-09-25T16:33:14Z C:\Users\Cody\Desktop\tau_crystal\tau_crystal\analysis\capsules\incident_20250925T163314Z\barcode.json
2025-09-25T16:33:14Z C:\Users\Cody\Desktop\tau_crystal\tau_crystal\analysis\capsules\incident_20250925T163314Z\entropy.json
2025-09-25T16:33:15Z C:\Users\Cody\Desktop\tau_crystal\tau_crystal\analysis\capsules\incident_20250925T163314Z.tar.gz
2025-09-25T16:33:15Z C:\Users\Cody\Desktop\tau_crystal\tau_crystal\analysis\capsules\incident_20250925T163314Z.tar.gz.sha256
2025-09-25T16:33:15Z C:\Users\Cody\Desktop\tau_crystal\tau_crystal\analysis\capsules\incident_20250925T163314Z\virtualalloc_maps.tsv
2025-09-25T16:34:02Z C:\Users\Cody\Desktop\tau_crystal\tau_crystal\scripts\live\guard_all.sh
2025-09-25T16:34:31Z C:\Users\Cody\Desktop\tau_crystal\tau_crystal\.tau_ledger\incidents.log
2025-09-25T16:34:31Z C:\Users\Cody\Desktop\tau_crystal\tau_crystal\analysis\capsules\incident_20250925T163431Z.tar.gz
2025-09-25T16:34:31Z C:\Users\Cody\Desktop\tau_crystal\tau_crystal\analysis\capsules\incident_20250925T163431Z.tar.gz.sha256
2025-09-25T16:34:31Z C:\Users\Cody\Desktop\tau_crystal\tau_crystal\analysis\capsules\incident_20250925T163431Z\barcode.json
2025-09-25T16:34:31Z C:\Users\Cody\Desktop\tau_crystal\tau_crystal\analysis\capsules\incident_20250925T163431Z\entropy.json
2025-09-25T16:34:31Z C:\Users\Cody\Desktop\tau_crystal\tau_crystal\analysis\capsules\incident_20250925T163431Z\virtualalloc_maps.tsv
2025-09-25T16:34:32Z C:\Users\Cody\Desktop\tau_crystal\tau_crystal\.tau_ledger\hysteresis\latest_barcode.json
2025-09-25T17:02:29Z C:\Users\Cody\Desktop\tau_crystal\tau_crystal\mobile\android\comcapsule\gradlew
2025-09-25T17:06:11Z C:\Users\Cody\Desktop\tau_crystal\tau_crystal\mobile\android\comcapsule\.gradle\8.13\gc.properties
2025-09-25T17:06:11Z C:\Users\Cody\Desktop\tau_crystal\tau_crystal\mobile\android\comcapsule\.gradle\vcs-1\gc.properties
2025-09-25T22:03:09Z C:\Users\Cody\Desktop\tau_crystal\tau_crystal\.yakfurby\units\yakfurby.service
2025-09-25T22:03:11Z C:\Users\Cody\Desktop\tau_crystal\tau_crystal\.yakfurby\units\yakfurby.path
2025-09-25T22:03:13Z C:\Users\Cody\Desktop\tau_crystal\tau_crystal\.yakfurby\bin\peek_ledger.sh
2025-09-25T22:07:10Z C:\Users\Cody\Desktop\tau_crystal\tau_crystal\.yakfurby\cfg\node.conf
2025-09-25T22:07:14Z C:\Users\Cody\Desktop\tau_crystal\tau_crystal\.yakfurby\bin\helpers.sh
2025-09-25T22:07:20Z C:\Users\Cody\Desktop\tau_crystal\tau_crystal\.yakfurby\bin\provision_keys.sh
2025-09-25T22:10:43Z C:\Users\Cody\Desktop\tau_crystal\tau_crystal\.yakfurby\bin\smoke.sh
2025-09-25T22:10:46Z C:\Users\Cody\Desktop\tau_crystal\tau_crystal\.yakfurby\run\test_20250925T221045Z_yakfurby-001_0\audio.wav
2025-09-25T22:10:46Z C:\Users\Cody\Desktop\tau_crystal\tau_crystal\.yakfurby\run\test_20250925T221045Z_yakfurby-001_0\seg_id.txt
2025-09-25T22:10:46Z C:\Users\Cody\Desktop\tau_crystal\tau_crystal\.yakfurby\run\test_20250925T221045Z_yakfurby-001_0\ts_end.txt
2025-09-25T22:10:46Z C:\Users\Cody\Desktop\tau_crystal\tau_crystal\.yakfurby\run\test_20250925T221045Z_yakfurby-001_0\ts_start.txt
2025-09-25T22:10:46Z C:\Users\Cody\Desktop\tau_crystal\tau_crystal\.yakfurby\run\test_20250925T221045Z_yakfurby-001_0\video.h264
2025-09-25T22:11:50Z C:\Users\Cody\Desktop\tau_crystal\tau_crystal\.yakfurby\run\test_20250925T221150Z_yakfurby-001_0\audio.wav
2025-09-25T22:11:50Z C:\Users\Cody\Desktop\tau_crystal\tau_crystal\.yakfurby\run\test_20250925T221150Z_yakfurby-001_0\seg_id.txt
2025-09-25T22:11:50Z C:\Users\Cody\Desktop\tau_crystal\tau_crystal\.yakfurby\run\test_20250925T221150Z_yakfurby-001_0\sign.meta
2025-09-25T22:11:50Z C:\Users\Cody\Desktop\tau_crystal\tau_crystal\.yakfurby\run\test_20250925T221150Z_yakfurby-001_0\ts_end.txt
2025-09-25T22:11:50Z C:\Users\Cody\Desktop\tau_crystal\tau_crystal\.yakfurby\run\test_20250925T221150Z_yakfurby-001_0\ts_start.txt
2025-09-25T22:11:50Z C:\Users\Cody\Desktop\tau_crystal\tau_crystal\.yakfurby\run\test_20250925T221150Z_yakfurby-001_0\video.h264
2025-09-25T22:12:49Z C:\Users\Cody\Desktop\tau_crystal\tau_crystal\.yakfurby\bin\sign_digest.sh
2025-09-25T22:13:03Z C:\Users\Cody\Desktop\tau_crystal\tau_crystal\.yakfurby\bin\seal_segment.sh
2025-09-25T22:13:20Z C:\Users\Cody\Desktop\tau_crystal\tau_crystal\.yakfurby\keys\ed25519.pub
2025-09-25T22:13:20Z C:\Users\Cody\Desktop\tau_crystal\tau_crystal\.yakfurby\keys\ed25519.sec
2025-09-25T22:13:23Z C:\Users\Cody\Desktop\tau_crystal\tau_crystal\.yakfurby\run\test_20250925T221323Z_yakfurby-001_0\audio.wav
2025-09-25T22:13:23Z C:\Users\Cody\Desktop\tau_crystal\tau_crystal\.yakfurby\run\test_20250925T221323Z_yakfurby-001_0\seg_id.txt
2025-09-25T22:13:23Z C:\Users\Cody\Desktop\tau_crystal\tau_crystal\.yakfurby\run\test_20250925T221323Z_yakfurby-001_0\sig.bin
2025-09-25T22:13:23Z C:\Users\Cody\Desktop\tau_crystal\tau_crystal\.yakfurby\run\test_20250925T221323Z_yakfurby-001_0\sign.meta
2025-09-25T22:13:23Z C:\Users\Cody\Desktop\tau_crystal\tau_crystal\.yakfurby\run\test_20250925T221323Z_yakfurby-001_0\ts_end.txt
2025-09-25T22:13:23Z C:\Users\Cody\Desktop\tau_crystal\tau_crystal\.yakfurby\run\test_20250925T221323Z_yakfurby-001_0\ts_start.txt
2025-09-25T22:13:23Z C:\Users\Cody\Desktop\tau_crystal\tau_crystal\.yakfurby\run\test_20250925T221323Z_yakfurby-001_0\video.h264
2025-09-25T22:13:23Z C:\Users\Cody\Desktop\tau_crystal\tau_crystal\.yakfurby\tmp\d.bin.sig
2025-09-25T22:13:24Z C:\Users\Cody\Desktop\tau_crystal\tau_crystal\analysis\capsules\test_20250925T221323Z_yakfurby-001_0.cap.tar
2025-09-25T22:13:24Z C:\Users\Cody\Desktop\tau_crystal\tau_crystal\analysis\capsules\test_20250925T221323Z_yakfurby-001_0.cap.tar.sha256
2025-09-25T22:13:24Z C:\Users\Cody\Desktop\tau_crystal\tau_crystal\analysis\capsules\test_20250925T221323Z_yakfurby-001_0.json
2025-09-25T22:57:53Z C:\Users\Cody\Desktop\tau_crystal\tau_crystal\.yakfurby\bin\sense_env.sh
2025-09-25T22:57:57Z C:\Users\Cody\Desktop\tau_crystal\tau_crystal\.yakfurby\bin\capture_segment.sh
2025-09-25T22:58:01Z C:\Users\Cody\Desktop\tau_crystal\tau_crystal\.yakfurby\run\test_20250925T225801Z_yakfurby-001_0\audio.wav
2025-09-25T22:58:01Z C:\Users\Cody\Desktop\tau_crystal\tau_crystal\.yakfurby\run\test_20250925T225801Z_yakfurby-001_0\seg_id.txt
2025-09-25T22:58:01Z C:\Users\Cody\Desktop\tau_crystal\tau_crystal\.yakfurby\run\test_20250925T225801Z_yakfurby-001_0\ts_end.txt
2025-09-25T22:58:01Z C:\Users\Cody\Desktop\tau_crystal\tau_crystal\.yakfurby\run\test_20250925T225801Z_yakfurby-001_0\ts_start.txt
2025-09-25T22:58:01Z C:\Users\Cody\Desktop\tau_crystal\tau_crystal\.yakfurby\run\test_20250925T225801Z_yakfurby-001_0\video.h264
2025-09-25T22:58:02Z C:\Users\Cody\Desktop\tau_crystal\tau_crystal\.yakfurby\run\test_20250925T225801Z_yakfurby-001_0\sig.bin
2025-09-25T22:58:02Z C:\Users\Cody\Desktop\tau_crystal\tau_crystal\.yakfurby\run\test_20250925T225801Z_yakfurby-001_0\tamper_flag.txt
2025-09-25T22:58:02Z C:\Users\Cody\Desktop\tau_crystal\tau_crystal\.yakfurby\run\test_20250925T225801Z_yakfurby-001_0\volt_status.txt
2025-09-25T22:58:02Z C:\Users\Cody\Desktop\tau_crystal\tau_crystal\.yakfurby\tmp\d.bin
2025-09-25T22:58:23Z C:\Users\Cody\Desktop\tau_crystal\tau_crystal\.yakfurby\ledger\chain.tsv
2025-09-25T22:58:23Z C:\Users\Cody\Desktop\tau_crystal\tau_crystal\.yakfurby\log\node.log
2025-09-25T22:58:23Z C:\Users\Cody\Desktop\tau_crystal\tau_crystal\.yakfurby\run\test_20250925T225801Z_yakfurby-001_0\sign.meta
2025-09-25T22:58:23Z C:\Users\Cody\Desktop\tau_crystal\tau_crystal\analysis\capsules\test_20250925T225801Z_yakfurby-001_0.cap.tar
2025-09-25T22:58:23Z C:\Users\Cody\Desktop\tau_crystal\tau_crystal\analysis\capsules\test_20250925T225801Z_yakfurby-001_0.cap.tar.sha256
2025-09-25T22:58:23Z C:\Users\Cody\Desktop\tau_crystal\tau_crystal\analysis\capsules\test_20250925T225801Z_yakfurby-001_0.json
2025-09-25T22:59:02Z C:\Users\Cody\Desktop\tau_crystal\tau_crystal\.yakfurby\bin\run_node.sh
2025-09-25T22:59:25Z C:\Users\Cody\Desktop\tau_crystal\tau_crystal\.yakfurby\bin\verify_chain.sh
2025-09-25T23:01:58Z C:\Users\Cody\Desktop\tau_crystal\tau_crystal\.yakfurby\bin\pi_setup.sh
2025-09-25T23:02:08Z C:\Users\Cody\Desktop\tau_crystal\tau_crystal\.yakfurby\bin\hw_probe.sh
2025-09-25T23:02:15Z C:\Users\Cody\Desktop\tau_crystal\tau_crystal\.yakfurby\bin\run_quick.sh
2025-09-25T23:09:20Z C:\Users\Cody\Desktop\tau_crystal\tau_crystal\mobile\android\comcapsule\app\build.gradle.kts.bak
2025-09-25T23:16:52Z C:\Users\Cody\Desktop\tau_crystal\tau_crystal\mobile\android\comcapsule\.gradle\8.13\checksums\md5-checksums.bin
2025-09-25T23:16:55Z C:\Users\Cody\Desktop\tau_crystal\tau_crystal\mobile\android\comcapsule\build\reports\problems\problems-report.html
2025-09-25T23:25:23Z C:\Users\Cody\Desktop\tau_crystal\tau_crystal\.git\logs\refs\heads\work-20250925
2025-09-25T23:25:23Z C:\Users\Cody\Desktop\tau_crystal\tau_crystal\.git\objects\15\38e02afb7b7108b0217ecfb681e3f2acf40789
2025-09-25T23:25:23Z C:\Users\Cody\Desktop\tau_crystal\tau_crystal\.git\objects\1d\b0970c63e6f6c90c6074977294aa5a06c71177
2025-09-25T23:25:23Z C:\Users\Cody\Desktop\tau_crystal\tau_crystal\.git\objects\28\999deaeb96caba023669ff37ab28d7dd89dd77
2025-09-25T23:25:23Z C:\Users\Cody\Desktop\tau_crystal\tau_crystal\.git\objects\29\49605751a33c8553510bb61da247d1a2102723
2025-09-25T23:25:23Z C:\Users\Cody\Desktop\tau_crystal\tau_crystal\.git\objects\30\43183587b8fd52504e88d90eb8558656982947
2025-09-25T23:25:23Z C:\Users\Cody\Desktop\tau_crystal\tau_crystal\.git\objects\33\768473b8c18e68038532ba612e2cbc98dc9599
2025-09-25T23:25:23Z C:\Users\Cody\Desktop\tau_crystal\tau_crystal\.git\objects\3f\9ae0c9b2a41021f3f802e5559735be324c3811
2025-09-25T23:25:23Z C:\Users\Cody\Desktop\tau_crystal\tau_crystal\.git\objects\49\4155611933386ef781ce8a0eddf79edbc71d06
2025-09-25T23:25:23Z C:\Users\Cody\Desktop\tau_crystal\tau_crystal\.git\objects\53\e8f3ca5a17d29b3bbab59ad20f01095dcecae9
2025-09-25T23:25:23Z C:\Users\Cody\Desktop\tau_crystal\tau_crystal\.git\objects\55\a2edd992f7f7af527302311cf2e00d4cb42870
2025-09-25T23:25:23Z C:\Users\Cody\Desktop\tau_crystal\tau_crystal\.git\objects\5a\55c914d47e89cd74a1fcafb9ab3a97eb77cfdc
2025-09-25T23:25:23Z C:\Users\Cody\Desktop\tau_crystal\tau_crystal\.git\objects\5b\92810819ab0ff3eb85815fb8690280d65dc6a5
2025-09-25T23:25:23Z C:\Users\Cody\Desktop\tau_crystal\tau_crystal\.git\objects\73\68ad12e9dbe366093dcde94ff1c454f5e87115
2025-09-25T23:25:23Z C:\Users\Cody\Desktop\tau_crystal\tau_crystal\.git\objects\7a\966c3f1f6bf7ef758994b5ea67ef118191e5a4
2025-09-25T23:25:23Z C:\Users\Cody\Desktop\tau_crystal\tau_crystal\.git\objects\7a\96893f5c2bb688870183e375f0e0eaedafad49
2025-09-25T23:25:23Z C:\Users\Cody\Desktop\tau_crystal\tau_crystal\.git\objects\7a\facf6692bcdc4fbf4857d0ffd1c8ea9f2f9f25
2025-09-25T23:25:23Z C:\Users\Cody\Desktop\tau_crystal\tau_crystal\.git\objects\7b\05bc0dcef6ecd90665000017c22666dcf9b7ab
2025-09-25T23:25:23Z C:\Users\Cody\Desktop\tau_crystal\tau_crystal\.git\objects\87\e238352c7dd96283e2545e835e8bd97a35ed15
2025-09-25T23:25:23Z C:\Users\Cody\Desktop\tau_crystal\tau_crystal\.git\objects\9a\7e36d26e2c672573fca71f714028d190f42612
2025-09-25T23:25:23Z C:\Users\Cody\Desktop\tau_crystal\tau_crystal\.git\objects\a8\2e4f33d8092b5323243ae7e075d4a9926f3551
2025-09-25T23:25:23Z C:\Users\Cody\Desktop\tau_crystal\tau_crystal\.git\objects\af\c074d7a92621fb9be7aeaae1e2b5d662e96096
2025-09-25T23:25:23Z C:\Users\Cody\Desktop\tau_crystal\tau_crystal\.git\objects\b2\3e083c4dc9cc4538e4de3ba79061724d5e928a
2025-09-25T23:25:23Z C:\Users\Cody\Desktop\tau_crystal\tau_crystal\.git\objects\c8\d8c729d40e485da8ae920363087e5f84c9b1d0
2025-09-25T23:25:23Z C:\Users\Cody\Desktop\tau_crystal\tau_crystal\.git\objects\cb\63927ccc64315c85e25cd26ea552591654a2f5
2025-09-25T23:25:23Z C:\Users\Cody\Desktop\tau_crystal\tau_crystal\.git\objects\ce\baf0cffbda23f7969c9b87585d609f7be13d7f
2025-09-25T23:25:23Z C:\Users\Cody\Desktop\tau_crystal\tau_crystal\.git\objects\f0\6896abd8a6468fca710db21b1f9661f57df5d2
2025-09-25T23:25:23Z C:\Users\Cody\Desktop\tau_crystal\tau_crystal\.git\refs\heads\work-20250925
2025-09-25T23:25:26Z C:\Users\Cody\Desktop\tau_crystal\tau_crystal\.git\logs\refs\remotes\origin\work-20250925
2025-09-25T23:25:26Z C:\Users\Cody\Desktop\tau_crystal\tau_crystal\.git\refs\remotes\origin\work-20250925
2025-09-25T23:25:36Z C:\Users\Cody\Desktop\tau_crystal\tau_crystal\mobile\android\comcapsule\.gitignore
2025-09-25T23:26:36Z C:\Users\Cody\Desktop\tau_crystal\tau_crystal\.git\objects\14\655976fef5ef71e06642fce213f585616a5b74
2025-09-25T23:26:36Z C:\Users\Cody\Desktop\tau_crystal\tau_crystal\.git\objects\67\ebe1e20e2bbd5177ef1269906e0fdd1cbfe628
2025-09-25T23:26:36Z C:\Users\Cody\Desktop\tau_crystal\tau_crystal\.git\objects\bf\9e96f5878eeec6a315168ac4ba63729cf76fe3
2025-09-25T23:26:36Z C:\Users\Cody\Desktop\tau_crystal\tau_crystal\.git\objects\dc\b672f24451eb92a983df97329ef566afa6a004
2025-09-25T23:26:36Z C:\Users\Cody\Desktop\tau_crystal\tau_crystal\.git\objects\pack\pack-bab9d6068760cc82e059104e3fb113f915bac9aa.pack
2025-09-25T23:26:37Z C:\Users\Cody\Desktop\tau_crystal\tau_crystal\.git\objects\00\157bd90341af865ffb609c718fb9b059969464
2025-09-25T23:26:37Z C:\Users\Cody\Desktop\tau_crystal\tau_crystal\.git\objects\00\dfae7ee8c0f9573095072d060639332149e420
2025-09-25T23:26:37Z C:\Users\Cody\Desktop\tau_crystal\tau_crystal\.git\objects\01\13f709539ed19df3fb6c25acfbf50c0130d421
2025-09-25T23:26:37Z C:\Users\Cody\Desktop\tau_crystal\tau_crystal\.git\objects\0f\ba51ee57e39fdcca7b4d45e2183195a8256696
2025-09-25T23:26:37Z C:\Users\Cody\Desktop\tau_crystal\tau_crystal\.git\objects\15\183839adbded503ef97729cd88196be3623b12
2025-09-25T23:26:37Z C:\Users\Cody\Desktop\tau_crystal\tau_crystal\.git\objects\16\8361f94c0ad7567d835c86cae6cd5977645be9
2025-09-25T23:26:37Z C:\Users\Cody\Desktop\tau_crystal\tau_crystal\.git\objects\17\6f1a869437f08df5829be5c7ed17a13c7e36ea
2025-09-25T23:26:37Z C:\Users\Cody\Desktop\tau_crystal\tau_crystal\.git\objects\18\0b8b2a6f4d81aa0b01c89be87439713a2e578a
2025-09-25T23:26:37Z C:\Users\Cody\Desktop\tau_crystal\tau_crystal\.git\objects\18\68b8cec065553888655d59aa8a299352a59446
2025-09-25T23:26:37Z C:\Users\Cody\Desktop\tau_crystal\tau_crystal\.git\objects\27\e6168163a1a6be0499531bc8f959e99cd212f2
2025-09-25T23:26:37Z C:\Users\Cody\Desktop\tau_crystal\tau_crystal\.git\objects\2a\2351d558f39c9d491cf19917e8e74368dcae23
2025-09-25T23:26:37Z C:\Users\Cody\Desktop\tau_crystal\tau_crystal\.git\objects\2c\dba840c1931b448cb4de479cc3985f3422c473
2025-09-25T23:26:37Z C:\Users\Cody\Desktop\tau_crystal\tau_crystal\.git\objects\40\75d359e1edcc15729943ae34be76f253fb6270
2025-09-25T23:26:37Z C:\Users\Cody\Desktop\tau_crystal\tau_crystal\.git\objects\47\69db6dbbe9e50a86ac19e6c6ed1524ce18844c
2025-09-25T23:26:37Z C:\Users\Cody\Desktop\tau_crystal\tau_crystal\.git\objects\49\d82fb07dcab0e460452f6c1559aceba6ece03f
2025-09-25T23:26:37Z C:\Users\Cody\Desktop\tau_crystal\tau_crystal\.git\objects\50\924220eb3f007b98c5b963f042292daffd7c37
2025-09-25T23:26:37Z C:\Users\Cody\Desktop\tau_crystal\tau_crystal\.git\objects\5b\6fe098de73c4bccc31afef63bd269a2c33b9a4
2025-09-25T23:26:37Z C:\Users\Cody\Desktop\tau_crystal\tau_crystal\.git\objects\5d\e775c8c4fb55edef9ea6bd468725a16204a15f
2025-09-25T23:26:37Z C:\Users\Cody\Desktop\tau_crystal\tau_crystal\.git\objects\5e\3c2bfbc896fb79e4fb4f551628a8ea30c64d37
2025-09-25T23:26:37Z C:\Users\Cody\Desktop\tau_crystal\tau_crystal\.git\objects\6c\ed289012a4f596b3a20fa0c6b866955327b5f8
2025-09-25T23:26:37Z C:\Users\Cody\Desktop\tau_crystal\tau_crystal\.git\objects\70\64149725a15da2885ca32a3e26e192b1365ed3
2025-09-25T23:26:37Z C:\Users\Cody\Desktop\tau_crystal\tau_crystal\.git\objects\72\776bde747ea8b13722328d8433c4199a7a295b
2025-09-25T23:26:37Z C:\Users\Cody\Desktop\tau_crystal\tau_crystal\.git\objects\73\726faa5c8becdf9822eaf878b9ef342c31127b
2025-09-25T23:26:37Z C:\Users\Cody\Desktop\tau_crystal\tau_crystal\.git\objects\7c\83c3db950e0fd10a4aba4c251433709723de18
2025-09-25T23:26:37Z C:\Users\Cody\Desktop\tau_crystal\tau_crystal\.git\objects\7e\60606607292c7975576289edb79eb75817fe8a
2025-09-25T23:26:37Z C:\Users\Cody\Desktop\tau_crystal\tau_crystal\.git\objects\81\ac08c366d9ef0f0814ca230272b5a86682418d
2025-09-25T23:26:37Z C:\Users\Cody\Desktop\tau_crystal\tau_crystal\.git\objects\86\03db177debe7635b23b5174b47ac2f912b3425
2025-09-25T23:26:37Z C:\Users\Cody\Desktop\tau_crystal\tau_crystal\.git\objects\92\004ab4a9f908213395ae3b8bd22104dda182ea
2025-09-25T23:26:37Z C:\Users\Cody\Desktop\tau_crystal\tau_crystal\.git\objects\93\b6a9b9a0e258f8763c6e4d5a0646f4b7424a77
2025-09-25T23:26:37Z C:\Users\Cody\Desktop\tau_crystal\tau_crystal\.git\objects\9b\8be5cc5c74ca739aff7b64b0eb346af57208c6
2025-09-25T23:26:37Z C:\Users\Cody\Desktop\tau_crystal\tau_crystal\.git\objects\a0\2bbb8e361fd4e0d710eb19d134bffd32fcf346
2025-09-25T23:26:37Z C:\Users\Cody\Desktop\tau_crystal\tau_crystal\.git\objects\a1\f366afb18e04b484643fa06c672f9edcf2a445
2025-09-25T23:26:37Z C:\Users\Cody\Desktop\tau_crystal\tau_crystal\.git\objects\a5\c7699fdb35cd8041de4f69b21864a81bbc3cfb
2025-09-25T23:26:37Z C:\Users\Cody\Desktop\tau_crystal\tau_crystal\.git\objects\aa\d33321714be9368ffa891116870ee58623a959
2025-09-25T23:26:37Z C:\Users\Cody\Desktop\tau_crystal\tau_crystal\.git\objects\af\f2b0b25ba3bbf31c6a9fd52af023bf195832d0
2025-09-25T23:26:37Z C:\Users\Cody\Desktop\tau_crystal\tau_crystal\.git\objects\b2\99f6b90d9731bc82c05e7b1ba68594cbaf504d
2025-09-25T23:26:37Z C:\Users\Cody\Desktop\tau_crystal\tau_crystal\.git\objects\bb\96172a3bd80dd8574b801f079fa050f9222bd2
2025-09-25T23:26:37Z C:\Users\Cody\Desktop\tau_crystal\tau_crystal\.git\objects\c1\d77de4470640d7750dde0c3222b62e6054c2f1
2025-09-25T23:26:37Z C:\Users\Cody\Desktop\tau_crystal\tau_crystal\.git\objects\c5\a8d2e1fff719500c5164910bff549969505000
2025-09-25T23:26:37Z C:\Users\Cody\Desktop\tau_crystal\tau_crystal\.git\objects\d0\2027c68f291253f327ea6e67192b0189e8b724
2025-09-25T23:26:37Z C:\Users\Cody\Desktop\tau_crystal\tau_crystal\.git\objects\d7\30807daa8676882a7955bef92f1ca3c71d969a
2025-09-25T23:26:37Z C:\Users\Cody\Desktop\tau_crystal\tau_crystal\.git\objects\e0\30d72f1545a11d461eec24a692f4e9fe533c38
2025-09-25T23:26:37Z C:\Users\Cody\Desktop\tau_crystal\tau_crystal\.git\objects\f5\c0558e25e74e8bb73538103e8c02e09e864ac8
2025-09-25T23:26:37Z C:\Users\Cody\Desktop\tau_crystal\tau_crystal\.git\objects\ff\ed70222782c8accf06193999ec4da8bef376e9
2025-09-25T23:26:38Z C:\Users\Cody\Desktop\tau_crystal\tau_crystal\.git\objects\0a\3fbc2447c9216e15e998c78352c1246edf508d
2025-09-25T23:26:38Z C:\Users\Cody\Desktop\tau_crystal\tau_crystal\.git\objects\0a\b41554e2ab015ddc9b7d07052092efe334f8a8
2025-09-25T23:26:38Z C:\Users\Cody\Desktop\tau_crystal\tau_crystal\.git\objects\0c\489af9acff68dee04795b50ae302181ea23724
2025-09-25T23:26:38Z C:\Users\Cody\Desktop\tau_crystal\tau_crystal\.git\objects\19\ade822b631dbc8b32803363fbef62f71584c40
2025-09-25T23:26:38Z C:\Users\Cody\Desktop\tau_crystal\tau_crystal\.git\objects\1b\ea8efc8e0ed1c7a9da2837f54290719ebf0a1e
2025-09-25T23:26:38Z C:\Users\Cody\Desktop\tau_crystal\tau_crystal\.git\objects\31\5c25f333bd8c981f17b5e1cd12ea6fde9e28ab
2025-09-25T23:26:38Z C:\Users\Cody\Desktop\tau_crystal\tau_crystal\.git\objects\34\dc06d7b6094bf07fab38450da3e29fa1f6d29a
2025-09-25T23:26:38Z C:\Users\Cody\Desktop\tau_crystal\tau_crystal\.git\objects\3e\b8e815df65361152fa8903376d5dec716a75a4
2025-09-25T23:26:38Z C:\Users\Cody\Desktop\tau_crystal\tau_crystal\.git\objects\40\1d186eeb1ed55f5f72ab9e1ae0a1ee22059d0c
2025-09-25T23:26:38Z C:\Users\Cody\Desktop\tau_crystal\tau_crystal\.git\objects\40\44597c5c6b8f9b8e1df086f1feb8cb085bf614
2025-09-25T23:26:38Z C:\Users\Cody\Desktop\tau_crystal\tau_crystal\.git\objects\43\4465edac16ea5133769418c9afc8fb5c9b8cb4
2025-09-25T23:26:38Z C:\Users\Cody\Desktop\tau_crystal\tau_crystal\.git\objects\49\7ff4a3b93b75862ef8fa653a8eca050c540a4c
2025-09-25T23:26:38Z C:\Users\Cody\Desktop\tau_crystal\tau_crystal\.git\objects\59\b4d5b897ee2eacd4cffe18c212742c566dbff9
2025-09-25T23:26:38Z C:\Users\Cody\Desktop\tau_crystal\tau_crystal\.git\objects\6c\bd2aa4c4cc6e59d22062b48d82ae03b9d241b7
2025-09-25T23:26:38Z C:\Users\Cody\Desktop\tau_crystal\tau_crystal\.git\objects\72\0e73899ee4b4f70bdce782f3484711358a7764
2025-09-25T23:26:38Z C:\Users\Cody\Desktop\tau_crystal\tau_crystal\.git\objects\7b\a782d45fe58889781f1b3205523e65642153eb
2025-09-25T23:26:38Z C:\Users\Cody\Desktop\tau_crystal\tau_crystal\.git\objects\85\5f40799d8320285b7791016fd488e8b5cfe187
2025-09-25T23:26:38Z C:\Users\Cody\Desktop\tau_crystal\tau_crystal\.git\objects\8b\cd4ed0f421a913099644a72abfcd4128ebdfcf
2025-09-25T23:26:38Z C:\Users\Cody\Desktop\tau_crystal\tau_crystal\.git\objects\8e\96616322706c190dc64e1341a054e302c92a7b
2025-09-25T23:26:38Z C:\Users\Cody\Desktop\tau_crystal\tau_crystal\.git\objects\91\9debfa49ac56b2cdfe773eda73d0d65a25df71
2025-09-25T23:26:38Z C:\Users\Cody\Desktop\tau_crystal\tau_crystal\.git\objects\93\f1d58d9b30b5c278e3b46c561a44f664e42af8
2025-09-25T23:26:38Z C:\Users\Cody\Desktop\tau_crystal\tau_crystal\.git\objects\95\aa6de33ddd7885e87bdbeb02e49bcc3cad2b41
2025-09-25T23:26:38Z C:\Users\Cody\Desktop\tau_crystal\tau_crystal\.git\objects\96\2a2397d82feb24a540a6f24fec75d410bebb5a
2025-09-25T23:26:38Z C:\Users\Cody\Desktop\tau_crystal\tau_crystal\.git\objects\a6\59347bc9d991f0a1a1d6e7072482107db0423d
2025-09-25T23:26:38Z C:\Users\Cody\Desktop\tau_crystal\tau_crystal\.git\objects\b1\6b257af70f69fe74216ad291982bf8943eba3f
2025-09-25T23:26:38Z C:\Users\Cody\Desktop\tau_crystal\tau_crystal\.git\objects\e3\881963c9a871d6f1dceaa63737ef2425d23b36
2025-09-25T23:26:38Z C:\Users\Cody\Desktop\tau_crystal\tau_crystal\.git\objects\e8\469ba34d90a6c33befe803014068a182c4beaf
2025-09-25T23:26:38Z C:\Users\Cody\Desktop\tau_crystal\tau_crystal\.git\objects\ee\997c71379bb5e624fb605181514bb9689bb6ae
2025-09-25T23:26:38Z C:\Users\Cody\Desktop\tau_crystal\tau_crystal\.git\objects\f6\f28dd98a7e53124cd2b517f0b69a071b229b53
2025-09-25T23:26:38Z C:\Users\Cody\Desktop\tau_crystal\tau_crystal\.git\objects\fb\a7710f04f2462a443dc9549fb36bc98130ae6d
2025-09-25T23:26:39Z C:\Users\Cody\Desktop\tau_crystal\tau_crystal\.git\objects\03\0fcf2284a9eca3c9599dea897dc43d4d49290b
2025-09-25T23:26:39Z C:\Users\Cody\Desktop\tau_crystal\tau_crystal\.git\objects\05\936dd22705d8edb1baa4c360d12a6d27526f1e
2025-09-25T23:26:39Z C:\Users\Cody\Desktop\tau_crystal\tau_crystal\.git\objects\07\b2d85764c666cd66724bb45799251748fd9c1e
2025-09-25T23:26:39Z C:\Users\Cody\Desktop\tau_crystal\tau_crystal\.git\objects\0d\87fb6b7895a64a4f4187894fc7319a4ba7bea3
2025-09-25T23:26:39Z C:\Users\Cody\Desktop\tau_crystal\tau_crystal\.git\objects\0e\ce59492a6244f3f17025d68d8242e978f92f82
2025-09-25T23:26:39Z C:\Users\Cody\Desktop\tau_crystal\tau_crystal\.git\objects\11\b28164cf29ed3fa86c580c3fc4ea1ee0acb850
2025-09-25T23:26:39Z C:\Users\Cody\Desktop\tau_crystal\tau_crystal\.git\objects\12\cd094944cbd3944eed87936e91a3fdcb1965b3
2025-09-25T23:26:39Z C:\Users\Cody\Desktop\tau_crystal\tau_crystal\.git\objects\1b\9427abea74898563238a301a7ef6244f3285b7
2025-09-25T23:26:39Z C:\Users\Cody\Desktop\tau_crystal\tau_crystal\.git\objects\1d\ec997f011232fb0df6a79d68e374f3151a16eb
2025-09-25T23:26:39Z C:\Users\Cody\Desktop\tau_crystal\tau_crystal\.git\objects\4d\0725fd2cc11ea1d62dc5458f93d6bba1e76086
2025-09-25T23:26:39Z C:\Users\Cody\Desktop\tau_crystal\tau_crystal\.git\objects\53\805f25c7f84d0d929849cdacd68c0ecfcc68ff
2025-09-25T23:26:39Z C:\Users\Cody\Desktop\tau_crystal\tau_crystal\.git\objects\54\16abc80bcd2cd062216215a42dbb17aabaa022
2025-09-25T23:26:39Z C:\Users\Cody\Desktop\tau_crystal\tau_crystal\.git\objects\58\598c90ce5426238fafc4df45834692190046ff
2025-09-25T23:26:39Z C:\Users\Cody\Desktop\tau_crystal\tau_crystal\.git\objects\59\563ea08e71789054a2ff1d291203f6fc86657c
2025-09-25T23:26:39Z C:\Users\Cody\Desktop\tau_crystal\tau_crystal\.git\objects\5b\c80920c7e238f988d9a7a7b264be08b01e80f5
2025-09-25T23:26:39Z C:\Users\Cody\Desktop\tau_crystal\tau_crystal\.git\objects\5e\72fc41441ecbb7759d9076b06eca6aed459791
2025-09-25T23:26:39Z C:\Users\Cody\Desktop\tau_crystal\tau_crystal\.git\objects\6e\e1025db047f06024f70e61b21e783bdd70d2e2
2025-09-25T23:26:39Z C:\Users\Cody\Desktop\tau_crystal\tau_crystal\.git\objects\71\23539fde76ec82751ef70b061db7543f6bed7d
2025-09-25T23:26:39Z C:\Users\Cody\Desktop\tau_crystal\tau_crystal\.git\objects\74\861a2b990dc6cbe39d971034bae3fdde6f332a
2025-09-25T23:26:39Z C:\Users\Cody\Desktop\tau_crystal\tau_crystal\.git\objects\7c\acc7af1bb1975cd34b5ceafcaabfae4091c8a6
2025-09-25T23:26:39Z C:\Users\Cody\Desktop\tau_crystal\tau_crystal\.git\objects\8e\5409c8d714a4b2be23adb2110559ebb625dd1e
2025-09-25T23:26:39Z C:\Users\Cody\Desktop\tau_crystal\tau_crystal\.git\objects\9c\3d493208fc4f2d890506541229eac20f13a30f
2025-09-25T23:26:39Z C:\Users\Cody\Desktop\tau_crystal\tau_crystal\.git\objects\a4\7d3cece3f0070409d7f67f6b877a44e6c3dbe2
2025-09-25T23:26:39Z C:\Users\Cody\Desktop\tau_crystal\tau_crystal\.git\objects\a9\74deaff926b1556970f9c364129b237fbeb1d7
2025-09-25T23:26:39Z C:\Users\Cody\Desktop\tau_crystal\tau_crystal\.git\objects\b5\28b4955627debaf01425bbe6388d224e87f2eb
2025-09-25T23:26:39Z C:\Users\Cody\Desktop\tau_crystal\tau_crystal\.git\objects\c6\77bf4204bb0c6972d5ff72508b2f422e6c1904
2025-09-25T23:26:39Z C:\Users\Cody\Desktop\tau_crystal\tau_crystal\.git\objects\c8\23c65b4cb64bf70511af7ec7ffb0e3eb63a3af
2025-09-25T23:26:39Z C:\Users\Cody\Desktop\tau_crystal\tau_crystal\.git\objects\cb\bc3f1c535922d7b4238b06f3d4e55f48af59ed
2025-09-25T23:26:39Z C:\Users\Cody\Desktop\tau_crystal\tau_crystal\.git\objects\d7\d28c16cba2df275cb1ad3869261b6c900b84c2
2025-09-25T23:26:39Z C:\Users\Cody\Desktop\tau_crystal\tau_crystal\.git\objects\e4\f9c961522fdb1f001a47db537eb61cc843ff4e
2025-09-25T23:26:39Z C:\Users\Cody\Desktop\tau_crystal\tau_crystal\.git\objects\eb\9c9042b6f1a489a67578fc97d3ce2d6a9cb5b0
2025-09-25T23:26:39Z C:\Users\Cody\Desktop\tau_crystal\tau_crystal\.git\objects\fd\a120f8f36d7e28c0301d3d72d49ebaeccf5f12
2025-09-25T23:26:39Z C:\Users\Cody\Desktop\tau_crystal\tau_crystal\.git\objects\ff\0c736004954ae65c043baaad5516038e91a855
2025-09-25T23:26:44Z C:\Users\Cody\Desktop\tau_crystal\tau_crystal\.git\logs\refs\remotes\origin\archive\2025-09-16-ghosts
2025-09-25T23:26:44Z C:\Users\Cody\Desktop\tau_crystal\tau_crystal\.git\logs\refs\remotes\origin\archive\backup-main-8afd567
2025-09-25T23:26:44Z C:\Users\Cody\Desktop\tau_crystal\tau_crystal\.git\logs\refs\remotes\origin\backup\main-8d0d606
2025-09-25T23:26:44Z C:\Users\Cody\Desktop\tau_crystal\tau_crystal\.git\logs\refs\remotes\origin\chore\assumption-census-warn-only
2025-09-25T23:26:44Z C:\Users\Cody\Desktop\tau_crystal\tau_crystal\.git\logs\refs\remotes\origin\chore\boundary-warn-only
2025-09-25T23:26:44Z C:\Users\Cody\Desktop\tau_crystal\tau_crystal\.git\logs\refs\remotes\origin\chore\ci-ping
2025-09-25T23:26:44Z C:\Users\Cody\Desktop\tau_crystal\tau_crystal\.git\logs\refs\remotes\origin\chore\clean-for-marketplace
2025-09-25T23:26:44Z C:\Users\Cody\Desktop\tau_crystal\tau_crystal\.git\logs\refs\remotes\origin\chore\disable-smartcache-20250908-182948
2025-09-25T23:26:44Z C:\Users\Cody\Desktop\tau_crystal\tau_crystal\.git\logs\refs\remotes\origin\chore\ignore-bp-json
2025-09-25T23:26:44Z C:\Users\Cody\Desktop\tau_crystal\tau_crystal\.git\logs\refs\remotes\origin\chore\protection-smoke
2025-09-25T23:26:44Z C:\Users\Cody\Desktop\tau_crystal\tau_crystal\.git\logs\refs\remotes\origin\chore\purge-venv-and-tmp
2025-09-25T23:26:44Z C:\Users\Cody\Desktop\tau_crystal\tau_crystal\.git\logs\refs\remotes\origin\ci\receipt-path-filter
2025-09-25T23:26:44Z C:\Users\Cody\Desktop\tau_crystal\tau_crystal\.git\logs\refs\remotes\origin\clean-20250912-231857
2025-09-25T23:26:44Z C:\Users\Cody\Desktop\tau_crystal\tau_crystal\.git\logs\refs\remotes\origin\demo\cache-hit-20250908-191920
2025-09-25T23:26:44Z C:\Users\Cody\Desktop\tau_crystal\tau_crystal\.git\logs\refs\remotes\origin\docs\assure-badge
2025-09-25T23:26:44Z C:\Users\Cody\Desktop\tau_crystal\tau_crystal\.git\logs\refs\remotes\origin\docs\physics-reference
2025-09-25T23:26:44Z C:\Users\Cody\Desktop\tau_crystal\tau_crystal\.git\logs\refs\remotes\origin\docs\publish-monographs
2025-09-25T23:26:44Z C:\Users\Cody\Desktop\tau_crystal\tau_crystal\.git\logs\refs\remotes\origin\feat\energy-autofit
2025-09-25T23:26:44Z C:\Users\Cody\Desktop\tau_crystal\tau_crystal\.git\logs\refs\remotes\origin\feat\laurent
2025-09-25T23:26:44Z C:\Users\Cody\Desktop\tau_crystal\tau_crystal\.git\logs\refs\remotes\origin\feat\prime-smartcache-20250908-191920
2025-09-25T23:26:44Z C:\Users\Cody\Desktop\tau_crystal\tau_crystal\.git\logs\refs\remotes\origin\feat\promise-restore-20250908-191554
2025-09-25T23:26:44Z C:\Users\Cody\Desktop\tau_crystal\tau_crystal\.git\logs\refs\remotes\origin\feat\soliton-core
2025-09-25T23:26:44Z C:\Users\Cody\Desktop\tau_crystal\tau_crystal\.git\logs\refs\remotes\origin\feature\physics-calibrator
2025-09-25T23:26:44Z C:\Users\Cody\Desktop\tau_crystal\tau_crystal\.git\logs\refs\remotes\origin\feature\tau-crystal-fusion-full
2025-09-25T23:26:44Z C:\Users\Cody\Desktop\tau_crystal\tau_crystal\.git\logs\refs\remotes\origin\fix\docs-ci-from-main
2025-09-25T23:26:44Z C:\Users\Cody\Desktop\tau_crystal\tau_crystal\.git\logs\refs\remotes\origin\garden
2025-09-25T23:26:44Z C:\Users\Cody\Desktop\tau_crystal\tau_crystal\.git\logs\refs\remotes\origin\main
2025-09-25T23:26:44Z C:\Users\Cody\Desktop\tau_crystal\tau_crystal\.git\logs\refs\remotes\origin\meta-restore
2025-09-25T23:26:44Z C:\Users\Cody\Desktop\tau_crystal\tau_crystal\.git\logs\refs\remotes\origin\polish\release-proof
2025-09-25T23:26:44Z C:\Users\Cody\Desktop\tau_crystal\tau_crystal\.git\logs\refs\remotes\origin\recover\23507e5b
2025-09-25T23:26:44Z C:\Users\Cody\Desktop\tau_crystal\tau_crystal\.git\logs\refs\remotes\origin\recover\80fa3fbb
2025-09-25T23:26:44Z C:\Users\Cody\Desktop\tau_crystal\tau_crystal\.git\logs\refs\remotes\origin\recover\8273eee0
2025-09-25T23:26:44Z C:\Users\Cody\Desktop\tau_crystal\tau_crystal\.git\logs\refs\remotes\origin\recover\e5aa1acd
2025-09-25T23:26:44Z C:\Users\Cody\Desktop\tau_crystal\tau_crystal\.git\logs\refs\remotes\origin\rescue-1757139579
2025-09-25T23:26:44Z C:\Users\Cody\Desktop\tau_crystal\tau_crystal\.git\logs\refs\remotes\origin\rescue-workflows-20250912-231836
2025-09-25T23:26:44Z C:\Users\Cody\Desktop\tau_crystal\tau_crystal\.git\logs\refs\remotes\origin\scratch\minimal-lake
2025-09-25T23:26:44Z C:\Users\Cody\Desktop\tau_crystal\tau_crystal\.git\logs\refs\remotes\origin\stamp-canonical-ci-20250915-102829
2025-09-25T23:26:44Z C:\Users\Cody\Desktop\tau_crystal\tau_crystal\.git\logs\refs\remotes\origin\tau-receipt-test
2025-09-25T23:26:44Z C:\Users\Cody\Desktop\tau_crystal\tau_crystal\.git\logs\refs\remotes\origin\towre676-cloud-patch-1
2025-09-25T23:26:44Z C:\Users\Cody\Desktop\tau_crystal\tau_crystal\.git\logs\refs\remotes\origin\v0
2025-09-25T23:26:44Z C:\Users\Cody\Desktop\tau_crystal\tau_crystal\.git\logs\refs\remotes\origin\wip\20250906-0143
2025-09-25T23:26:44Z C:\Users\Cody\Desktop\tau_crystal\tau_crystal\.git\logs\refs\remotes\origin\wip\20250906-0145
2025-09-25T23:26:44Z C:\Users\Cody\Desktop\tau_crystal\tau_crystal\.git\objects\pack\pack-53d634b8286bfeeb1b94bd066f532f38c0954cb7.idx
2025-09-25T23:26:44Z C:\Users\Cody\Desktop\tau_crystal\tau_crystal\.git\objects\pack\pack-53d634b8286bfeeb1b94bd066f532f38c0954cb7.pack
2025-09-25T23:26:44Z C:\Users\Cody\Desktop\tau_crystal\tau_crystal\.git\objects\pack\pack-53d634b8286bfeeb1b94bd066f532f38c0954cb7.rev
2025-09-25T23:26:44Z C:\Users\Cody\Desktop\tau_crystal\tau_crystal\.git\refs\remotes\origin\archive\2025-09-16-ghosts
2025-09-25T23:26:44Z C:\Users\Cody\Desktop\tau_crystal\tau_crystal\.git\refs\remotes\origin\archive\backup-main-8afd567
2025-09-25T23:26:44Z C:\Users\Cody\Desktop\tau_crystal\tau_crystal\.git\refs\remotes\origin\backup\main-8d0d606
2025-09-25T23:26:44Z C:\Users\Cody\Desktop\tau_crystal\tau_crystal\.git\refs\remotes\origin\chore\assumption-census-warn-only
2025-09-25T23:26:44Z C:\Users\Cody\Desktop\tau_crystal\tau_crystal\.git\refs\remotes\origin\chore\boundary-warn-only
2025-09-25T23:26:44Z C:\Users\Cody\Desktop\tau_crystal\tau_crystal\.git\refs\remotes\origin\chore\ci-ping
2025-09-25T23:26:44Z C:\Users\Cody\Desktop\tau_crystal\tau_crystal\.git\refs\remotes\origin\chore\clean-for-marketplace
2025-09-25T23:26:44Z C:\Users\Cody\Desktop\tau_crystal\tau_crystal\.git\refs\remotes\origin\chore\disable-smartcache-20250908-182948
2025-09-25T23:26:44Z C:\Users\Cody\Desktop\tau_crystal\tau_crystal\.git\refs\remotes\origin\chore\ignore-bp-json
2025-09-25T23:26:44Z C:\Users\Cody\Desktop\tau_crystal\tau_crystal\.git\refs\remotes\origin\chore\protection-smoke
2025-09-25T23:26:44Z C:\Users\Cody\Desktop\tau_crystal\tau_crystal\.git\refs\remotes\origin\chore\purge-venv-and-tmp
2025-09-25T23:26:44Z C:\Users\Cody\Desktop\tau_crystal\tau_crystal\.git\refs\remotes\origin\ci\receipt-path-filter
2025-09-25T23:26:44Z C:\Users\Cody\Desktop\tau_crystal\tau_crystal\.git\refs\remotes\origin\clean-20250912-231857
2025-09-25T23:26:44Z C:\Users\Cody\Desktop\tau_crystal\tau_crystal\.git\refs\remotes\origin\demo\cache-hit-20250908-191920
2025-09-25T23:26:44Z C:\Users\Cody\Desktop\tau_crystal\tau_crystal\.git\refs\remotes\origin\docs\assure-badge
2025-09-25T23:26:44Z C:\Users\Cody\Desktop\tau_crystal\tau_crystal\.git\refs\remotes\origin\docs\physics-reference
2025-09-25T23:26:44Z C:\Users\Cody\Desktop\tau_crystal\tau_crystal\.git\refs\remotes\origin\docs\publish-monographs
2025-09-25T23:26:44Z C:\Users\Cody\Desktop\tau_crystal\tau_crystal\.git\refs\remotes\origin\feat\energy-autofit
2025-09-25T23:26:44Z C:\Users\Cody\Desktop\tau_crystal\tau_crystal\.git\refs\remotes\origin\feat\laurent
2025-09-25T23:26:44Z C:\Users\Cody\Desktop\tau_crystal\tau_crystal\.git\refs\remotes\origin\feat\prime-smartcache-20250908-191920
2025-09-25T23:26:44Z C:\Users\Cody\Desktop\tau_crystal\tau_crystal\.git\refs\remotes\origin\feat\promise-restore-20250908-191554
2025-09-25T23:26:44Z C:\Users\Cody\Desktop\tau_crystal\tau_crystal\.git\refs\remotes\origin\feat\soliton-core
2025-09-25T23:26:44Z C:\Users\Cody\Desktop\tau_crystal\tau_crystal\.git\refs\remotes\origin\feature\physics-calibrator
2025-09-25T23:26:44Z C:\Users\Cody\Desktop\tau_crystal\tau_crystal\.git\refs\remotes\origin\feature\tau-crystal-fusion-full
2025-09-25T23:26:44Z C:\Users\Cody\Desktop\tau_crystal\tau_crystal\.git\refs\remotes\origin\fix\docs-ci-from-main
2025-09-25T23:26:44Z C:\Users\Cody\Desktop\tau_crystal\tau_crystal\.git\refs\remotes\origin\garden
2025-09-25T23:26:44Z C:\Users\Cody\Desktop\tau_crystal\tau_crystal\.git\refs\remotes\origin\main
2025-09-25T23:26:44Z C:\Users\Cody\Desktop\tau_crystal\tau_crystal\.git\refs\remotes\origin\meta-restore
2025-09-25T23:26:44Z C:\Users\Cody\Desktop\tau_crystal\tau_crystal\.git\refs\remotes\origin\polish\release-proof
2025-09-25T23:26:44Z C:\Users\Cody\Desktop\tau_crystal\tau_crystal\.git\refs\remotes\origin\recover\23507e5b
2025-09-25T23:26:44Z C:\Users\Cody\Desktop\tau_crystal\tau_crystal\.git\refs\remotes\origin\recover\80fa3fbb
2025-09-25T23:26:44Z C:\Users\Cody\Desktop\tau_crystal\tau_crystal\.git\refs\remotes\origin\recover\8273eee0
2025-09-25T23:26:44Z C:\Users\Cody\Desktop\tau_crystal\tau_crystal\.git\refs\remotes\origin\recover\e5aa1acd
2025-09-25T23:26:44Z C:\Users\Cody\Desktop\tau_crystal\tau_crystal\.git\refs\remotes\origin\rescue-1757139579
2025-09-25T23:26:44Z C:\Users\Cody\Desktop\tau_crystal\tau_crystal\.git\refs\remotes\origin\rescue-workflows-20250912-231836
2025-09-25T23:26:44Z C:\Users\Cody\Desktop\tau_crystal\tau_crystal\.git\refs\remotes\origin\scratch\minimal-lake
2025-09-25T23:26:44Z C:\Users\Cody\Desktop\tau_crystal\tau_crystal\.git\refs\remotes\origin\stamp-canonical-ci-20250915-102829
2025-09-25T23:26:44Z C:\Users\Cody\Desktop\tau_crystal\tau_crystal\.git\refs\remotes\origin\tau-receipt-test
2025-09-25T23:26:44Z C:\Users\Cody\Desktop\tau_crystal\tau_crystal\.git\refs\remotes\origin\towre676-cloud-patch-1
2025-09-25T23:26:44Z C:\Users\Cody\Desktop\tau_crystal\tau_crystal\.git\refs\remotes\origin\v0
2025-09-25T23:26:44Z C:\Users\Cody\Desktop\tau_crystal\tau_crystal\.git\refs\remotes\origin\wip\20250906-0143
2025-09-25T23:26:44Z C:\Users\Cody\Desktop\tau_crystal\tau_crystal\.git\refs\remotes\origin\wip\20250906-0145
2025-09-25T23:26:45Z C:\Users\Cody\Desktop\tau_crystal\tau_crystal\.git\ORIG_HEAD
2025-09-26T00:18:31Z C:\Users\Cody\Desktop\tau_crystal\tau_crystal\mobile\android\comcapsule\README.md
2025-09-26T00:18:33Z C:\Users\Cody\Desktop\tau_crystal\tau_crystal\.git\objects\05\f3fb3eb46373e0183f2a6d22c7c3270bd5c398
2025-09-26T00:18:33Z C:\Users\Cody\Desktop\tau_crystal\tau_crystal\.git\objects\07\615786dd22a6c2df1ebd0b3a53fcd204d49d6c
2025-09-26T00:18:33Z C:\Users\Cody\Desktop\tau_crystal\tau_crystal\.git\objects\07\d5da9cbf141911847041df5d7b87f0dd5ef9d4
2025-09-26T00:18:33Z C:\Users\Cody\Desktop\tau_crystal\tau_crystal\.git\objects\10\7acd32c4e687021ef32db511e8a206129b88ec
2025-09-26T00:18:33Z C:\Users\Cody\Desktop\tau_crystal\tau_crystal\.git\objects\12\17e928894cecf247fd980964e5e9f7fad16e4e
2025-09-26T00:18:33Z C:\Users\Cody\Desktop\tau_crystal\tau_crystal\.git\objects\18\d81f86495fce6de573aad4e48e73d490a55419
2025-09-26T00:18:33Z C:\Users\Cody\Desktop\tau_crystal\tau_crystal\.git\objects\1b\9a6956b3acdc11f40ce2bb3f6efbd845cc243f
2025-09-26T00:18:33Z C:\Users\Cody\Desktop\tau_crystal\tau_crystal\.git\objects\20\e2a01520742aff4ec9ce578ed4fe5f3a76fe77
2025-09-26T00:18:33Z C:\Users\Cody\Desktop\tau_crystal\tau_crystal\.git\objects\28\d4b77f9f036a47549d47db79c16788749dca10
2025-09-26T00:18:33Z C:\Users\Cody\Desktop\tau_crystal\tau_crystal\.git\objects\2b\068d11462a4b96669193de13a711a3a36220a0
2025-09-26T00:18:33Z C:\Users\Cody\Desktop\tau_crystal\tau_crystal\.git\objects\2d\05e691c42cc357def16dc6a8f5b5341956a106
2025-09-26T00:18:33Z C:\Users\Cody\Desktop\tau_crystal\tau_crystal\.git\objects\30\df70f4f36105d1a21bcce5503c3ef2b35ecbe0
2025-09-26T00:18:33Z C:\Users\Cody\Desktop\tau_crystal\tau_crystal\.git\objects\39\832f2b7c68e7bd91932aefa28d015eb5e7675e
2025-09-26T00:18:33Z C:\Users\Cody\Desktop\tau_crystal\tau_crystal\.git\objects\3d\847f2416cce3c9c13bad04bb8eb0eb76b27b01
2025-09-26T00:18:33Z C:\Users\Cody\Desktop\tau_crystal\tau_crystal\.git\objects\3f\25eeb2e8abafb609d7e5afab8ad860fe75405a
2025-09-26T00:18:33Z C:\Users\Cody\Desktop\tau_crystal\tau_crystal\.git\objects\41\30c298461dfa3828fc2f54a055eb66501ef28c
2025-09-26T00:18:33Z C:\Users\Cody\Desktop\tau_crystal\tau_crystal\.git\objects\42\022c214b8c47a5d5f9774197529f763d5716a0
2025-09-26T00:18:33Z C:\Users\Cody\Desktop\tau_crystal\tau_crystal\.git\objects\42\afabfd2abebf31384ca7797186a27a4b7dbee8
2025-09-26T00:18:33Z C:\Users\Cody\Desktop\tau_crystal\tau_crystal\.git\objects\46\123c8a05f7c8ae0d069692786b4f3b1a0648d7
2025-09-26T00:18:33Z C:\Users\Cody\Desktop\tau_crystal\tau_crystal\.git\objects\48\1bb434814107eb79d7a30b676d344b0df2f8ce
2025-09-26T00:18:33Z C:\Users\Cody\Desktop\tau_crystal\tau_crystal\.git\objects\49\be0fb43cc54900c19d5de629001496641f58a2
2025-09-26T00:18:33Z C:\Users\Cody\Desktop\tau_crystal\tau_crystal\.git\objects\4b\17f70c2f79d6fa1421a0f61bc732b401fefae1
2025-09-26T00:18:33Z C:\Users\Cody\Desktop\tau_crystal\tau_crystal\.git\objects\4d\f925582478cf0d469c4cff9a4bb50859f3230a
2025-09-26T00:18:33Z C:\Users\Cody\Desktop\tau_crystal\tau_crystal\.git\objects\4e\cf2f98a697b2b183f513d771c78775d852d0be
2025-09-26T00:18:33Z C:\Users\Cody\Desktop\tau_crystal\tau_crystal\.git\objects\4f\0f1d64e58ba64d180ce43ee13bf9a17835fbca
2025-09-26T00:18:33Z C:\Users\Cody\Desktop\tau_crystal\tau_crystal\.git\objects\4f\906e0c811fc9e230eb44819f509cd0627f2600
2025-09-26T00:18:33Z C:\Users\Cody\Desktop\tau_crystal\tau_crystal\.git\objects\51\6abe05699b4a4d708524ba0d8a6ebbd734ec1a
2025-09-26T00:18:33Z C:\Users\Cody\Desktop\tau_crystal\tau_crystal\.git\objects\56\cd01fe93b96c88630bf95a75d267d29c558ca6
2025-09-26T00:18:33Z C:\Users\Cody\Desktop\tau_crystal\tau_crystal\.git\objects\61\6ab0feda534cb7624b2dd2693d746b2b408dbc
2025-09-26T00:18:33Z C:\Users\Cody\Desktop\tau_crystal\tau_crystal\.git\objects\62\92753afc769f197a5ce168cbe617844e262f7e
2025-09-26T00:18:33Z C:\Users\Cody\Desktop\tau_crystal\tau_crystal\.git\objects\62\b611da081676d42f6c3f78a2c91e7bcedddedb
2025-09-26T00:18:33Z C:\Users\Cody\Desktop\tau_crystal\tau_crystal\.git\objects\63\00e2868b8a44e2a5f210c641f10f7da92706da
2025-09-26T00:18:33Z C:\Users\Cody\Desktop\tau_crystal\tau_crystal\.git\objects\6b\3d273d5c2313df8ab8ea1efb42ea811b16ee6c
2025-09-26T00:18:33Z C:\Users\Cody\Desktop\tau_crystal\tau_crystal\.git\objects\6f\30a304fd8989e1e5953247cc67bc68b2644173
2025-09-26T00:18:33Z C:\Users\Cody\Desktop\tau_crystal\tau_crystal\.git\objects\6f\3b755bf50c6b03d8714a9c6184705e6a08389f
2025-09-26T00:18:33Z C:\Users\Cody\Desktop\tau_crystal\tau_crystal\.git\objects\78\4269c608b6c19e7475aa70198b6320cda1dc4e
2025-09-26T00:18:33Z C:\Users\Cody\Desktop\tau_crystal\tau_crystal\.git\objects\7b\ad2c47c5ae2aacfb804e2220cb7b1dcd7dd528
2025-09-26T00:18:33Z C:\Users\Cody\Desktop\tau_crystal\tau_crystal\.git\objects\7c\262462995e07d753e232ff3b19a20c3f5657f4
2025-09-26T00:18:33Z C:\Users\Cody\Desktop\tau_crystal\tau_crystal\.git\objects\88\c8d57db52f15d0ad9a4f2630978741f0af0871
2025-09-26T00:18:33Z C:\Users\Cody\Desktop\tau_crystal\tau_crystal\.git\objects\8f\aaf51598dcbb5da61b29b9c0f24334139d6f67
2025-09-26T00:18:33Z C:\Users\Cody\Desktop\tau_crystal\tau_crystal\.git\objects\91\26ae37cbc3587421d6889eadd1d91fbf1994d4
2025-09-26T00:18:33Z C:\Users\Cody\Desktop\tau_crystal\tau_crystal\.git\objects\92\87f5083623b375139afb391af71cc533a7dd37
2025-09-26T00:18:33Z C:\Users\Cody\Desktop\tau_crystal\tau_crystal\.git\objects\94\8a3070fe34c611c42c0d3ad3013a0dce358be0
2025-09-26T00:18:33Z C:\Users\Cody\Desktop\tau_crystal\tau_crystal\.git\objects\9e\e9997b0b4726e57c27b2f7b21462b604ff8a88
2025-09-26T00:18:33Z C:\Users\Cody\Desktop\tau_crystal\tau_crystal\.git\objects\9f\b18aaff3cd8b2eaa311d40d9e6e64e135a4d7e
2025-09-26T00:18:33Z C:\Users\Cody\Desktop\tau_crystal\tau_crystal\.git\objects\a3\de34961096076e3ad578310142d8e33859d1bb
2025-09-26T00:18:33Z C:\Users\Cody\Desktop\tau_crystal\tau_crystal\.git\objects\a5\98fee41e0e5c79132bc01b2fcbbfe94759356a
2025-09-26T00:18:33Z C:\Users\Cody\Desktop\tau_crystal\tau_crystal\.git\objects\aa\7d6427e6fa1074b79ccd52ef67ac15c5637e85
2025-09-26T00:18:33Z C:\Users\Cody\Desktop\tau_crystal\tau_crystal\.git\objects\ad\0ccec9257dae2a4dfbb6b9e6e40a1ec7afb7e6
2025-09-26T00:18:33Z C:\Users\Cody\Desktop\tau_crystal\tau_crystal\.git\objects\b2\dfe3d1ba5cf3ee31b3ecc1ced89044a1f3b7a9
2025-09-26T00:18:33Z C:\Users\Cody\Desktop\tau_crystal\tau_crystal\.git\objects\b4\88094f7a8e1a10364b87ff1cdecff42c4bb7a1
2025-09-26T00:18:33Z C:\Users\Cody\Desktop\tau_crystal\tau_crystal\.git\objects\b9\e2347c56c86e160b813f7ea5c8941315eea783
2025-09-26T00:18:33Z C:\Users\Cody\Desktop\tau_crystal\tau_crystal\.git\objects\c0\33b6b2e70a2d6993c415f583601bc6745f63fb
2025-09-26T00:18:33Z C:\Users\Cody\Desktop\tau_crystal\tau_crystal\.git\objects\c1\a7fb88f369f499b526801bfdce92f5a01e9dfe
2025-09-26T00:18:33Z C:\Users\Cody\Desktop\tau_crystal\tau_crystal\.git\objects\c2\09e78ecd372343283f4157dcfd918ec5165bb3
2025-09-26T00:18:33Z C:\Users\Cody\Desktop\tau_crystal\tau_crystal\.git\objects\cf\217f803c63c821fc919178d1372562cb65c478
2025-09-26T00:18:33Z C:\Users\Cody\Desktop\tau_crystal\tau_crystal\.git\objects\d0\9ca4ec04c992c31c7681d84b4c0a8eaa26bd50
2025-09-26T00:18:33Z C:\Users\Cody\Desktop\tau_crystal\tau_crystal\.git\objects\d2\690e4108d5613b9fb09d1ead3d33bf795bcdce
2025-09-26T00:18:33Z C:\Users\Cody\Desktop\tau_crystal\tau_crystal\.git\objects\d5\f17545cb374f242e4f4b6b0aee8df207842e55
2025-09-26T00:18:33Z C:\Users\Cody\Desktop\tau_crystal\tau_crystal\.git\objects\de\34f12834db6414125399ab5349779953eaa1dc
2025-09-26T00:18:33Z C:\Users\Cody\Desktop\tau_crystal\tau_crystal\.git\objects\e3\690c974cfb254c2abe513e1e422aa7693fb78e
2025-09-26T00:18:33Z C:\Users\Cody\Desktop\tau_crystal\tau_crystal\.git\objects\e4\68fb2cfe21ca995ce2bab96ab38022ff521bd1
2025-09-26T00:18:33Z C:\Users\Cody\Desktop\tau_crystal\tau_crystal\.git\objects\e6\dd1aa387e27c1ca31d75ef83b8118850c72f93
2025-09-26T00:18:33Z C:\Users\Cody\Desktop\tau_crystal\tau_crystal\.git\objects\e7\08b1c023ec8b20f512888fe07c5bd3ff77bb8f
2025-09-26T00:18:33Z C:\Users\Cody\Desktop\tau_crystal\tau_crystal\.git\objects\ea\54ea35e15452024d367456436a32056d3064fb
2025-09-26T00:18:33Z C:\Users\Cody\Desktop\tau_crystal\tau_crystal\.git\objects\f3\ddae4c76a5c5a8093322c03c27bd43c2515625
2025-09-26T00:18:33Z C:\Users\Cody\Desktop\tau_crystal\tau_crystal\.git\objects\f4\c40839347a67ba4425952de0ade4ce1b0b1016
2025-09-26T00:18:33Z C:\Users\Cody\Desktop\tau_crystal\tau_crystal\.git\objects\f8\c6127d327620c93d2b2d00342a68e97b98a48d
2025-09-26T00:18:33Z C:\Users\Cody\Desktop\tau_crystal\tau_crystal\.git\objects\fc\9fac270d24d71fc5863954adda407d5538ff41
2025-09-26T00:56:35Z C:\Users\Cody\Desktop\tau_crystal\tau_crystal\.git\objects\ef\93f23481b5e577a2e5b9c4f5d5e62f7b8c463d
2025-09-26T00:56:36Z C:\Users\Cody\Desktop\tau_crystal\tau_crystal\.git\objects\00\5684729de3bdf7a7c8ec8d89f3415cae14217e
2025-09-26T00:56:36Z C:\Users\Cody\Desktop\tau_crystal\tau_crystal\.git\objects\16\86db9bbce94c634e275f50dc0f3e77a0194c85
2025-09-26T00:56:36Z C:\Users\Cody\Desktop\tau_crystal\tau_crystal\.git\objects\83\ea37bcf5734da5e151c0016f65cbac671bb3f3
2025-09-26T00:56:36Z C:\Users\Cody\Desktop\tau_crystal\tau_crystal\.git\objects\88\7fc20aadcfef0fa5b994b63f66efad18095356
2025-09-26T01:03:14Z C:\Users\Cody\Desktop\tau_crystal\tau_crystal\mobile\android\comcapsule\.gradle\file-system.probe
2025-09-26T01:03:14Z C:\Users\Cody\Desktop\tau_crystal\tau_crystal\mobile\android\comcapsule\app\build\intermediates\navigation_json\debug\extractDeepLinksDebug\navigation.json
2025-09-26T01:03:20Z C:\Users\Cody\Desktop\tau_crystal\tau_crystal\mobile\android\comcapsule\app\build\intermediates\source_set_path_map\debug\mapDebugSourceSetPaths\file-map.txt
2025-09-26T01:03:21Z C:\Users\Cody\Desktop\tau_crystal\tau_crystal\mobile\android\comcapsule\app\build\intermediates\incremental\debug\mergeDebugResources\merged.dir\values\values.xml
2025-09-26T01:03:21Z C:\Users\Cody\Desktop\tau_crystal\tau_crystal\mobile\android\comcapsule\app\build\intermediates\incremental\debug\mergeDebugResources\merged.dir\values-af\values-af.xml
2025-09-26T01:03:21Z C:\Users\Cody\Desktop\tau_crystal\tau_crystal\mobile\android\comcapsule\app\build\intermediates\incremental\debug\mergeDebugResources\merged.dir\values-am\values-am.xml
2025-09-26T01:03:21Z C:\Users\Cody\Desktop\tau_crystal\tau_crystal\mobile\android\comcapsule\app\build\intermediates\incremental\debug\mergeDebugResources\merged.dir\values-ar\values-ar.xml
2025-09-26T01:03:21Z C:\Users\Cody\Desktop\tau_crystal\tau_crystal\mobile\android\comcapsule\app\build\intermediates\incremental\debug\mergeDebugResources\merged.dir\values-as\values-as.xml
2025-09-26T01:03:21Z C:\Users\Cody\Desktop\tau_crystal\tau_crystal\mobile\android\comcapsule\app\build\intermediates\incremental\debug\mergeDebugResources\merged.dir\values-az\values-az.xml
2025-09-26T01:03:21Z C:\Users\Cody\Desktop\tau_crystal\tau_crystal\mobile\android\comcapsule\app\build\intermediates\incremental\debug\mergeDebugResources\merged.dir\values-b+sr+Latn\values-b+sr+Latn.xml
2025-09-26T01:03:21Z C:\Users\Cody\Desktop\tau_crystal\tau_crystal\mobile\android\comcapsule\app\build\intermediates\incremental\debug\mergeDebugResources\merged.dir\values-be\values-be.xml
2025-09-26T01:03:21Z C:\Users\Cody\Desktop\tau_crystal\tau_crystal\mobile\android\comcapsule\app\build\intermediates\incremental\debug\mergeDebugResources\merged.dir\values-bg\values-bg.xml
2025-09-26T01:03:21Z C:\Users\Cody\Desktop\tau_crystal\tau_crystal\mobile\android\comcapsule\app\build\intermediates\incremental\debug\mergeDebugResources\merged.dir\values-bn\values-bn.xml
2025-09-26T01:03:21Z C:\Users\Cody\Desktop\tau_crystal\tau_crystal\mobile\android\comcapsule\app\build\intermediates\incremental\debug\mergeDebugResources\merged.dir\values-bs\values-bs.xml
2025-09-26T01:03:21Z C:\Users\Cody\Desktop\tau_crystal\tau_crystal\mobile\android\comcapsule\app\build\intermediates\incremental\debug\mergeDebugResources\merged.dir\values-ca\values-ca.xml
2025-09-26T01:03:21Z C:\Users\Cody\Desktop\tau_crystal\tau_crystal\mobile\android\comcapsule\app\build\intermediates\incremental\debug\mergeDebugResources\merged.dir\values-cs\values-cs.xml
2025-09-26T01:03:21Z C:\Users\Cody\Desktop\tau_crystal\tau_crystal\mobile\android\comcapsule\app\build\intermediates\incremental\debug\mergeDebugResources\merged.dir\values-da\values-da.xml
2025-09-26T01:03:21Z C:\Users\Cody\Desktop\tau_crystal\tau_crystal\mobile\android\comcapsule\app\build\intermediates\incremental\debug\mergeDebugResources\merged.dir\values-de\values-de.xml
2025-09-26T01:03:21Z C:\Users\Cody\Desktop\tau_crystal\tau_crystal\mobile\android\comcapsule\app\build\intermediates\incremental\debug\mergeDebugResources\merged.dir\values-el\values-el.xml
2025-09-26T01:03:21Z C:\Users\Cody\Desktop\tau_crystal\tau_crystal\mobile\android\comcapsule\app\build\intermediates\incremental\debug\mergeDebugResources\merged.dir\values-en-rAU\values-en-rAU.xml
2025-09-26T01:03:21Z C:\Users\Cody\Desktop\tau_crystal\tau_crystal\mobile\android\comcapsule\app\build\intermediates\incremental\debug\mergeDebugResources\merged.dir\values-en-rCA\values-en-rCA.xml
2025-09-26T01:03:21Z C:\Users\Cody\Desktop\tau_crystal\tau_crystal\mobile\android\comcapsule\app\build\intermediates\incremental\debug\mergeDebugResources\merged.dir\values-en-rGB\values-en-rGB.xml
2025-09-26T01:03:21Z C:\Users\Cody\Desktop\tau_crystal\tau_crystal\mobile\android\comcapsule\app\build\intermediates\incremental\debug\mergeDebugResources\merged.dir\values-en-rIN\values-en-rIN.xml
2025-09-26T01:03:21Z C:\Users\Cody\Desktop\tau_crystal\tau_crystal\mobile\android\comcapsule\app\build\intermediates\incremental\debug\mergeDebugResources\merged.dir\values-en-rXC\values-en-rXC.xml
2025-09-26T01:03:21Z C:\Users\Cody\Desktop\tau_crystal\tau_crystal\mobile\android\comcapsule\app\build\intermediates\incremental\debug\mergeDebugResources\merged.dir\values-es\values-es.xml
2025-09-26T01:03:21Z C:\Users\Cody\Desktop\tau_crystal\tau_crystal\mobile\android\comcapsule\app\build\intermediates\incremental\debug\mergeDebugResources\merged.dir\values-es-rUS\values-es-rUS.xml
2025-09-26T01:03:21Z C:\Users\Cody\Desktop\tau_crystal\tau_crystal\mobile\android\comcapsule\app\build\intermediates\incremental\debug\mergeDebugResources\merged.dir\values-et\values-et.xml
2025-09-26T01:03:21Z C:\Users\Cody\Desktop\tau_crystal\tau_crystal\mobile\android\comcapsule\app\build\intermediates\incremental\debug\mergeDebugResources\merged.dir\values-eu\values-eu.xml
2025-09-26T01:03:21Z C:\Users\Cody\Desktop\tau_crystal\tau_crystal\mobile\android\comcapsule\app\build\intermediates\incremental\debug\mergeDebugResources\merged.dir\values-fa\values-fa.xml
2025-09-26T01:03:21Z C:\Users\Cody\Desktop\tau_crystal\tau_crystal\mobile\android\comcapsule\app\build\intermediates\incremental\debug\mergeDebugResources\merged.dir\values-fi\values-fi.xml
2025-09-26T01:03:21Z C:\Users\Cody\Desktop\tau_crystal\tau_crystal\mobile\android\comcapsule\app\build\intermediates\incremental\debug\mergeDebugResources\merged.dir\values-fr\values-fr.xml
2025-09-26T01:03:21Z C:\Users\Cody\Desktop\tau_crystal\tau_crystal\mobile\android\comcapsule\app\build\intermediates\incremental\debug\mergeDebugResources\merged.dir\values-fr-rCA\values-fr-rCA.xml
2025-09-26T01:03:21Z C:\Users\Cody\Desktop\tau_crystal\tau_crystal\mobile\android\comcapsule\app\build\intermediates\incremental\debug\mergeDebugResources\merged.dir\values-gl\values-gl.xml
2025-09-26T01:03:21Z C:\Users\Cody\Desktop\tau_crystal\tau_crystal\mobile\android\comcapsule\app\build\intermediates\incremental\debug\mergeDebugResources\merged.dir\values-gu\values-gu.xml
2025-09-26T01:03:21Z C:\Users\Cody\Desktop\tau_crystal\tau_crystal\mobile\android\comcapsule\app\build\intermediates\incremental\debug\mergeDebugResources\merged.dir\values-h720dp-v13\values-h720dp-v13.xml
2025-09-26T01:03:21Z C:\Users\Cody\Desktop\tau_crystal\tau_crystal\mobile\android\comcapsule\app\build\intermediates\incremental\debug\mergeDebugResources\merged.dir\values-hdpi-v4\values-hdpi-v4.xml
2025-09-26T01:03:21Z C:\Users\Cody\Desktop\tau_crystal\tau_crystal\mobile\android\comcapsule\app\build\intermediates\incremental\debug\mergeDebugResources\merged.dir\values-hi\values-hi.xml
2025-09-26T01:03:21Z C:\Users\Cody\Desktop\tau_crystal\tau_crystal\mobile\android\comcapsule\app\build\intermediates\incremental\debug\mergeDebugResources\merged.dir\values-hr\values-hr.xml
2025-09-26T01:03:21Z C:\Users\Cody\Desktop\tau_crystal\tau_crystal\mobile\android\comcapsule\app\build\intermediates\incremental\debug\mergeDebugResources\merged.dir\values-hu\values-hu.xml
2025-09-26T01:03:21Z C:\Users\Cody\Desktop\tau_crystal\tau_crystal\mobile\android\comcapsule\app\build\intermediates\incremental\debug\mergeDebugResources\merged.dir\values-hy\values-hy.xml
2025-09-26T01:03:21Z C:\Users\Cody\Desktop\tau_crystal\tau_crystal\mobile\android\comcapsule\app\build\intermediates\incremental\debug\mergeDebugResources\merged.dir\values-in\values-in.xml
2025-09-26T01:03:21Z C:\Users\Cody\Desktop\tau_crystal\tau_crystal\mobile\android\comcapsule\app\build\intermediates\incremental\debug\mergeDebugResources\merged.dir\values-is\values-is.xml
2025-09-26T01:03:21Z C:\Users\Cody\Desktop\tau_crystal\tau_crystal\mobile\android\comcapsule\app\build\intermediates\incremental\debug\mergeDebugResources\merged.dir\values-it\values-it.xml
2025-09-26T01:03:21Z C:\Users\Cody\Desktop\tau_crystal\tau_crystal\mobile\android\comcapsule\app\build\intermediates\incremental\debug\mergeDebugResources\merged.dir\values-iw\values-iw.xml
2025-09-26T01:03:21Z C:\Users\Cody\Desktop\tau_crystal\tau_crystal\mobile\android\comcapsule\app\build\intermediates\incremental\debug\mergeDebugResources\merged.dir\values-ja\values-ja.xml
2025-09-26T01:03:21Z C:\Users\Cody\Desktop\tau_crystal\tau_crystal\mobile\android\comcapsule\app\build\intermediates\incremental\debug\mergeDebugResources\merged.dir\values-ka\values-ka.xml
2025-09-26T01:03:21Z C:\Users\Cody\Desktop\tau_crystal\tau_crystal\mobile\android\comcapsule\app\build\intermediates\incremental\debug\mergeDebugResources\merged.dir\values-kk\values-kk.xml
2025-09-26T01:03:21Z C:\Users\Cody\Desktop\tau_crystal\tau_crystal\mobile\android\comcapsule\app\build\intermediates\incremental\debug\mergeDebugResources\merged.dir\values-km\values-km.xml
2025-09-26T01:03:21Z C:\Users\Cody\Desktop\tau_crystal\tau_crystal\mobile\android\comcapsule\app\build\intermediates\incremental\debug\mergeDebugResources\merged.dir\values-kn\values-kn.xml
2025-09-26T01:03:21Z C:\Users\Cody\Desktop\tau_crystal\tau_crystal\mobile\android\comcapsule\app\build\intermediates\incremental\debug\mergeDebugResources\merged.dir\values-ko\values-ko.xml
2025-09-26T01:03:21Z C:\Users\Cody\Desktop\tau_crystal\tau_crystal\mobile\android\comcapsule\app\build\intermediates\incremental\debug\mergeDebugResources\merged.dir\values-ky\values-ky.xml
2025-09-26T01:03:21Z C:\Users\Cody\Desktop\tau_crystal\tau_crystal\mobile\android\comcapsule\app\build\intermediates\incremental\debug\mergeDebugResources\merged.dir\values-land\values-land.xml
2025-09-26T01:03:21Z C:\Users\Cody\Desktop\tau_crystal\tau_crystal\mobile\android\comcapsule\app\build\intermediates\incremental\debug\mergeDebugResources\merged.dir\values-large-v4\values-large-v4.xml
2025-09-26T01:03:21Z C:\Users\Cody\Desktop\tau_crystal\tau_crystal\mobile\android\comcapsule\app\build\intermediates\incremental\debug\mergeDebugResources\merged.dir\values-ldltr-v21\values-ldltr-v21.xml
2025-09-26T01:03:21Z C:\Users\Cody\Desktop\tau_crystal\tau_crystal\mobile\android\comcapsule\app\build\intermediates\incremental\debug\mergeDebugResources\merged.dir\values-lo\values-lo.xml
2025-09-26T01:03:21Z C:\Users\Cody\Desktop\tau_crystal\tau_crystal\mobile\android\comcapsule\app\build\intermediates\incremental\debug\mergeDebugResources\merged.dir\values-lt\values-lt.xml
2025-09-26T01:03:21Z C:\Users\Cody\Desktop\tau_crystal\tau_crystal\mobile\android\comcapsule\app\build\intermediates\incremental\debug\mergeDebugResources\merged.dir\values-lv\values-lv.xml
2025-09-26T01:03:21Z C:\Users\Cody\Desktop\tau_crystal\tau_crystal\mobile\android\comcapsule\app\build\intermediates\incremental\debug\mergeDebugResources\merged.dir\values-mk\values-mk.xml
2025-09-26T01:03:21Z C:\Users\Cody\Desktop\tau_crystal\tau_crystal\mobile\android\comcapsule\app\build\intermediates\incremental\debug\mergeDebugResources\merged.dir\values-ml\values-ml.xml
2025-09-26T01:03:21Z C:\Users\Cody\Desktop\tau_crystal\tau_crystal\mobile\android\comcapsule\app\build\intermediates\incremental\debug\mergeDebugResources\merged.dir\values-mn\values-mn.xml
2025-09-26T01:03:21Z C:\Users\Cody\Desktop\tau_crystal\tau_crystal\mobile\android\comcapsule\app\build\intermediates\incremental\debug\mergeDebugResources\merged.dir\values-mr\values-mr.xml
2025-09-26T01:03:21Z C:\Users\Cody\Desktop\tau_crystal\tau_crystal\mobile\android\comcapsule\app\build\intermediates\incremental\debug\mergeDebugResources\merged.dir\values-ms\values-ms.xml
2025-09-26T01:03:21Z C:\Users\Cody\Desktop\tau_crystal\tau_crystal\mobile\android\comcapsule\app\build\intermediates\incremental\debug\mergeDebugResources\merged.dir\values-my\values-my.xml
2025-09-26T01:03:21Z C:\Users\Cody\Desktop\tau_crystal\tau_crystal\mobile\android\comcapsule\app\build\intermediates\incremental\debug\mergeDebugResources\merged.dir\values-nb\values-nb.xml
2025-09-26T01:03:21Z C:\Users\Cody\Desktop\tau_crystal\tau_crystal\mobile\android\comcapsule\app\build\intermediates\incremental\debug\mergeDebugResources\merged.dir\values-ne\values-ne.xml
2025-09-26T01:03:21Z C:\Users\Cody\Desktop\tau_crystal\tau_crystal\mobile\android\comcapsule\app\build\intermediates\incremental\debug\mergeDebugResources\merged.dir\values-night-v8\values-night-v8.xml
2025-09-26T01:03:21Z C:\Users\Cody\Desktop\tau_crystal\tau_crystal\mobile\android\comcapsule\app\build\intermediates\incremental\debug\mergeDebugResources\merged.dir\values-nl\values-nl.xml
2025-09-26T01:03:21Z C:\Users\Cody\Desktop\tau_crystal\tau_crystal\mobile\android\comcapsule\app\build\intermediates\incremental\debug\mergeDebugResources\merged.dir\values-or\values-or.xml
2025-09-26T01:03:21Z C:\Users\Cody\Desktop\tau_crystal\tau_crystal\mobile\android\comcapsule\app\build\intermediates\incremental\debug\mergeDebugResources\merged.dir\values-pa\values-pa.xml
2025-09-26T01:03:21Z C:\Users\Cody\Desktop\tau_crystal\tau_crystal\mobile\android\comcapsule\app\build\intermediates\incremental\debug\mergeDebugResources\merged.dir\values-pl\values-pl.xml
2025-09-26T01:03:21Z C:\Users\Cody\Desktop\tau_crystal\tau_crystal\mobile\android\comcapsule\app\build\intermediates\incremental\debug\mergeDebugResources\merged.dir\values-port\values-port.xml
2025-09-26T01:03:21Z C:\Users\Cody\Desktop\tau_crystal\tau_crystal\mobile\android\comcapsule\app\build\intermediates\incremental\debug\mergeDebugResources\merged.dir\values-pt\values-pt.xml
2025-09-26T01:03:21Z C:\Users\Cody\Desktop\tau_crystal\tau_crystal\mobile\android\comcapsule\app\build\intermediates\incremental\debug\mergeDebugResources\merged.dir\values-pt-rBR\values-pt-rBR.xml
2025-09-26T01:03:21Z C:\Users\Cody\Desktop\tau_crystal\tau_crystal\mobile\android\comcapsule\app\build\intermediates\incremental\debug\mergeDebugResources\merged.dir\values-pt-rPT\values-pt-rPT.xml
2025-09-26T01:03:21Z C:\Users\Cody\Desktop\tau_crystal\tau_crystal\mobile\android\comcapsule\app\build\intermediates\incremental\debug\mergeDebugResources\merged.dir\values-ro\values-ro.xml
2025-09-26T01:03:21Z C:\Users\Cody\Desktop\tau_crystal\tau_crystal\mobile\android\comcapsule\app\build\intermediates\incremental\debug\mergeDebugResources\merged.dir\values-ru\values-ru.xml
2025-09-26T01:03:21Z C:\Users\Cody\Desktop\tau_crystal\tau_crystal\mobile\android\comcapsule\app\build\intermediates\incremental\debug\mergeDebugResources\merged.dir\values-si\values-si.xml
2025-09-26T01:03:21Z C:\Users\Cody\Desktop\tau_crystal\tau_crystal\mobile\android\comcapsule\app\build\intermediates\incremental\debug\mergeDebugResources\merged.dir\values-sk\values-sk.xml
2025-09-26T01:03:21Z C:\Users\Cody\Desktop\tau_crystal\tau_crystal\mobile\android\comcapsule\app\build\intermediates\incremental\debug\mergeDebugResources\merged.dir\values-sl\values-sl.xml
2025-09-26T01:03:21Z C:\Users\Cody\Desktop\tau_crystal\tau_crystal\mobile\android\comcapsule\app\build\intermediates\incremental\debug\mergeDebugResources\merged.dir\values-sq\values-sq.xml
2025-09-26T01:03:21Z C:\Users\Cody\Desktop\tau_crystal\tau_crystal\mobile\android\comcapsule\app\build\intermediates\incremental\debug\mergeDebugResources\merged.dir\values-sr\values-sr.xml
2025-09-26T01:03:21Z C:\Users\Cody\Desktop\tau_crystal\tau_crystal\mobile\android\comcapsule\app\build\intermediates\incremental\debug\mergeDebugResources\merged.dir\values-sv\values-sv.xml
2025-09-26T01:03:21Z C:\Users\Cody\Desktop\tau_crystal\tau_crystal\mobile\android\comcapsule\app\build\intermediates\incremental\debug\mergeDebugResources\merged.dir\values-sw\values-sw.xml
2025-09-26T01:03:21Z C:\Users\Cody\Desktop\tau_crystal\tau_crystal\mobile\android\comcapsule\app\build\intermediates\incremental\debug\mergeDebugResources\merged.dir\values-sw600dp-v13\values-sw600dp-v13.xml
2025-09-26T01:03:21Z C:\Users\Cody\Desktop\tau_crystal\tau_crystal\mobile\android\comcapsule\app\build\intermediates\incremental\debug\mergeDebugResources\merged.dir\values-ta\values-ta.xml
2025-09-26T01:03:21Z C:\Users\Cody\Desktop\tau_crystal\tau_crystal\mobile\android\comcapsule\app\build\intermediates\incremental\debug\mergeDebugResources\merged.dir\values-te\values-te.xml
2025-09-26T01:03:21Z C:\Users\Cody\Desktop\tau_crystal\tau_crystal\mobile\android\comcapsule\app\build\intermediates\incremental\debug\mergeDebugResources\merged.dir\values-th\values-th.xml
2025-09-26T01:03:21Z C:\Users\Cody\Desktop\tau_crystal\tau_crystal\mobile\android\comcapsule\app\build\intermediates\incremental\debug\mergeDebugResources\merged.dir\values-tl\values-tl.xml
2025-09-26T01:03:21Z C:\Users\Cody\Desktop\tau_crystal\tau_crystal\mobile\android\comcapsule\app\build\intermediates\incremental\debug\mergeDebugResources\merged.dir\values-tr\values-tr.xml
2025-09-26T01:03:21Z C:\Users\Cody\Desktop\tau_crystal\tau_crystal\mobile\android\comcapsule\app\build\intermediates\incremental\debug\mergeDebugResources\merged.dir\values-uk\values-uk.xml
2025-09-26T01:03:21Z C:\Users\Cody\Desktop\tau_crystal\tau_crystal\mobile\android\comcapsule\app\build\intermediates\incremental\debug\mergeDebugResources\merged.dir\values-ur\values-ur.xml
2025-09-26T01:03:21Z C:\Users\Cody\Desktop\tau_crystal\tau_crystal\mobile\android\comcapsule\app\build\intermediates\incremental\debug\mergeDebugResources\merged.dir\values-uz\values-uz.xml
2025-09-26T01:03:21Z C:\Users\Cody\Desktop\tau_crystal\tau_crystal\mobile\android\comcapsule\app\build\intermediates\incremental\debug\mergeDebugResources\merged.dir\values-v16\values-v16.xml
2025-09-26T01:03:21Z C:\Users\Cody\Desktop\tau_crystal\tau_crystal\mobile\android\comcapsule\app\build\intermediates\incremental\debug\mergeDebugResources\merged.dir\values-v17\values-v17.xml
2025-09-26T01:03:21Z C:\Users\Cody\Desktop\tau_crystal\tau_crystal\mobile\android\comcapsule\app\build\intermediates\incremental\debug\mergeDebugResources\merged.dir\values-v18\values-v18.xml
2025-09-26T01:03:21Z C:\Users\Cody\Desktop\tau_crystal\tau_crystal\mobile\android\comcapsule\app\build\intermediates\incremental\debug\mergeDebugResources\merged.dir\values-v21\values-v21.xml
2025-09-26T01:03:21Z C:\Users\Cody\Desktop\tau_crystal\tau_crystal\mobile\android\comcapsule\app\build\intermediates\incremental\debug\mergeDebugResources\merged.dir\values-v22\values-v22.xml
2025-09-26T01:03:21Z C:\Users\Cody\Desktop\tau_crystal\tau_crystal\mobile\android\comcapsule\app\build\intermediates\incremental\debug\mergeDebugResources\merged.dir\values-v23\values-v23.xml
2025-09-26T01:03:21Z C:\Users\Cody\Desktop\tau_crystal\tau_crystal\mobile\android\comcapsule\app\build\intermediates\incremental\debug\mergeDebugResources\merged.dir\values-v24\values-v24.xml
2025-09-26T01:03:21Z C:\Users\Cody\Desktop\tau_crystal\tau_crystal\mobile\android\comcapsule\app\build\intermediates\incremental\debug\mergeDebugResources\merged.dir\values-v25\values-v25.xml
2025-09-26T01:03:21Z C:\Users\Cody\Desktop\tau_crystal\tau_crystal\mobile\android\comcapsule\app\build\intermediates\incremental\debug\mergeDebugResources\merged.dir\values-v26\values-v26.xml
2025-09-26T01:03:21Z C:\Users\Cody\Desktop\tau_crystal\tau_crystal\mobile\android\comcapsule\app\build\intermediates\incremental\debug\mergeDebugResources\merged.dir\values-v28\values-v28.xml
2025-09-26T01:03:21Z C:\Users\Cody\Desktop\tau_crystal\tau_crystal\mobile\android\comcapsule\app\build\intermediates\incremental\debug\mergeDebugResources\merged.dir\values-vi\values-vi.xml
2025-09-26T01:03:21Z C:\Users\Cody\Desktop\tau_crystal\tau_crystal\mobile\android\comcapsule\app\build\intermediates\incremental\debug\mergeDebugResources\merged.dir\values-watch-v20\values-watch-v20.xml
2025-09-26T01:03:21Z C:\Users\Cody\Desktop\tau_crystal\tau_crystal\mobile\android\comcapsule\app\build\intermediates\incremental\debug\mergeDebugResources\merged.dir\values-watch-v21\values-watch-v21.xml
2025-09-26T01:03:21Z C:\Users\Cody\Desktop\tau_crystal\tau_crystal\mobile\android\comcapsule\app\build\intermediates\incremental\debug\mergeDebugResources\merged.dir\values-xlarge-v4\values-xlarge-v4.xml
2025-09-26T01:03:21Z C:\Users\Cody\Desktop\tau_crystal\tau_crystal\mobile\android\comcapsule\app\build\intermediates\incremental\debug\mergeDebugResources\merged.dir\values-zh-rCN\values-zh-rCN.xml
2025-09-26T01:03:21Z C:\Users\Cody\Desktop\tau_crystal\tau_crystal\mobile\android\comcapsule\app\build\intermediates\incremental\debug\mergeDebugResources\merged.dir\values-zh-rHK\values-zh-rHK.xml
2025-09-26T01:03:21Z C:\Users\Cody\Desktop\tau_crystal\tau_crystal\mobile\android\comcapsule\app\build\intermediates\incremental\debug\mergeDebugResources\merged.dir\values-zh-rTW\values-zh-rTW.xml
2025-09-26T01:03:21Z C:\Users\Cody\Desktop\tau_crystal\tau_crystal\mobile\android\comcapsule\app\build\intermediates\incremental\debug\mergeDebugResources\merged.dir\values-zu\values-zu.xml
2025-09-26T01:03:21Z C:\Users\Cody\Desktop\tau_crystal\tau_crystal\mobile\android\comcapsule\app\build\intermediates\merged_res_blame_folder\debug\mergeDebugResources\out\multi-v2\values-ar.json
2025-09-26T01:03:21Z C:\Users\Cody\Desktop\tau_crystal\tau_crystal\mobile\android\comcapsule\app\build\intermediates\merged_res_blame_folder\debug\mergeDebugResources\out\multi-v2\values-b+sr+Latn.json
2025-09-26T01:03:21Z C:\Users\Cody\Desktop\tau_crystal\tau_crystal\mobile\android\comcapsule\app\build\intermediates\merged_res_blame_folder\debug\mergeDebugResources\out\multi-v2\values-be.json
2025-09-26T01:03:21Z C:\Users\Cody\Desktop\tau_crystal\tau_crystal\mobile\android\comcapsule\app\build\intermediates\merged_res_blame_folder\debug\mergeDebugResources\out\multi-v2\values-de.json
2025-09-26T01:03:21Z C:\Users\Cody\Desktop\tau_crystal\tau_crystal\mobile\android\comcapsule\app\build\intermediates\merged_res_blame_folder\debug\mergeDebugResources\out\multi-v2\values-ka.json
2025-09-26T01:03:21Z C:\Users\Cody\Desktop\tau_crystal\tau_crystal\mobile\android\comcapsule\app\build\intermediates\merged_res_blame_folder\debug\mergeDebugResources\out\multi-v2\values-km.json
2025-09-26T01:03:21Z C:\Users\Cody\Desktop\tau_crystal\tau_crystal\mobile\android\comcapsule\app\build\intermediates\merged_res_blame_folder\debug\mergeDebugResources\out\multi-v2\values-kn.json
2025-09-26T01:03:21Z C:\Users\Cody\Desktop\tau_crystal\tau_crystal\mobile\android\comcapsule\app\build\intermediates\merged_res_blame_folder\debug\mergeDebugResources\out\multi-v2\values-land.json
2025-09-26T01:03:21Z C:\Users\Cody\Desktop\tau_crystal\tau_crystal\mobile\android\comcapsule\app\build\intermediates\merged_res_blame_folder\debug\mergeDebugResources\out\multi-v2\values-large-v4.json
2025-09-26T01:03:21Z C:\Users\Cody\Desktop\tau_crystal\tau_crystal\mobile\android\comcapsule\app\build\intermediates\merged_res_blame_folder\debug\mergeDebugResources\out\multi-v2\values-nl.json
2025-09-26T01:03:21Z C:\Users\Cody\Desktop\tau_crystal\tau_crystal\mobile\android\comcapsule\app\build\intermediates\merged_res_blame_folder\debug\mergeDebugResources\out\multi-v2\values-pl.json
2025-09-26T01:03:21Z C:\Users\Cody\Desktop\tau_crystal\tau_crystal\mobile\android\comcapsule\app\build\intermediates\merged_res_blame_folder\debug\mergeDebugResources\out\multi-v2\values-pt-rPT.json
2025-09-26T01:03:21Z C:\Users\Cody\Desktop\tau_crystal\tau_crystal\mobile\android\comcapsule\app\build\intermediates\merged_res_blame_folder\debug\mergeDebugResources\out\multi-v2\values-sk.json
2025-09-26T01:03:21Z C:\Users\Cody\Desktop\tau_crystal\tau_crystal\mobile\android\comcapsule\app\build\intermediates\merged_res_blame_folder\debug\mergeDebugResources\out\multi-v2\values-zh-rCN.json
2025-09-26T01:03:21Z C:\Users\Cody\Desktop\tau_crystal\tau_crystal\mobile\android\comcapsule\app\build\intermediates\nested_resources_validation_report\debug\generateDebugResources\nestedResourcesValidationReport.txt
2025-09-26T01:03:22Z C:\Users\Cody\Desktop\tau_crystal\tau_crystal\mobile\android\comcapsule\app\build\intermediates\incremental\debug\mergeDebugResources\compile-file-map.properties
2025-09-26T01:03:22Z C:\Users\Cody\Desktop\tau_crystal\tau_crystal\mobile\android\comcapsule\app\build\intermediates\incremental\debug\mergeDebugResources\merger.xml
2025-09-26T01:03:22Z C:\Users\Cody\Desktop\tau_crystal\tau_crystal\mobile\android\comcapsule\app\build\intermediates\incremental\debug\packageDebugResources\compile-file-map.properties
2025-09-26T01:03:22Z C:\Users\Cody\Desktop\tau_crystal\tau_crystal\mobile\android\comcapsule\app\build\intermediates\incremental\debug\packageDebugResources\merged.dir\values\values.xml
2025-09-26T01:03:22Z C:\Users\Cody\Desktop\tau_crystal\tau_crystal\mobile\android\comcapsule\app\build\intermediates\incremental\debug\packageDebugResources\merger.xml
2025-09-26T01:03:22Z C:\Users\Cody\Desktop\tau_crystal\tau_crystal\mobile\android\comcapsule\app\build\intermediates\merged_res\debug\mergeDebugResources\drawable_ic_launcher_background.xml.flat
2025-09-26T01:03:22Z C:\Users\Cody\Desktop\tau_crystal\tau_crystal\mobile\android\comcapsule\app\build\intermediates\merged_res\debug\mergeDebugResources\drawable_ic_launcher_foreground.xml.flat
2025-09-26T01:03:22Z C:\Users\Cody\Desktop\tau_crystal\tau_crystal\mobile\android\comcapsule\app\build\intermediates\merged_res\debug\mergeDebugResources\mipmap-anydpi_ic_launcher.xml.flat
2025-09-26T01:03:22Z C:\Users\Cody\Desktop\tau_crystal\tau_crystal\mobile\android\comcapsule\app\build\intermediates\merged_res\debug\mergeDebugResources\mipmap-anydpi_ic_launcher_round.xml.flat
2025-09-26T01:03:22Z C:\Users\Cody\Desktop\tau_crystal\tau_crystal\mobile\android\comcapsule\app\build\intermediates\merged_res\debug\mergeDebugResources\mipmap-hdpi_ic_launcher.webp.flat
2025-09-26T01:03:22Z C:\Users\Cody\Desktop\tau_crystal\tau_crystal\mobile\android\comcapsule\app\build\intermediates\merged_res\debug\mergeDebugResources\mipmap-hdpi_ic_launcher_round.webp.flat
2025-09-26T01:03:22Z C:\Users\Cody\Desktop\tau_crystal\tau_crystal\mobile\android\comcapsule\app\build\intermediates\merged_res\debug\mergeDebugResources\mipmap-mdpi_ic_launcher.webp.flat
2025-09-26T01:03:22Z C:\Users\Cody\Desktop\tau_crystal\tau_crystal\mobile\android\comcapsule\app\build\intermediates\merged_res\debug\mergeDebugResources\mipmap-mdpi_ic_launcher_round.webp.flat
2025-09-26T01:03:22Z C:\Users\Cody\Desktop\tau_crystal\tau_crystal\mobile\android\comcapsule\app\build\intermediates\merged_res\debug\mergeDebugResources\mipmap-xhdpi_ic_launcher.webp.flat
2025-09-26T01:03:22Z C:\Users\Cody\Desktop\tau_crystal\tau_crystal\mobile\android\comcapsule\app\build\intermediates\merged_res\debug\mergeDebugResources\mipmap-xhdpi_ic_launcher_round.webp.flat
2025-09-26T01:03:22Z C:\Users\Cody\Desktop\tau_crystal\tau_crystal\mobile\android\comcapsule\app\build\intermediates\merged_res\debug\mergeDebugResources\mipmap-xxhdpi_ic_launcher.webp.flat
2025-09-26T01:03:22Z C:\Users\Cody\Desktop\tau_crystal\tau_crystal\mobile\android\comcapsule\app\build\intermediates\merged_res\debug\mergeDebugResources\mipmap-xxhdpi_ic_launcher_round.webp.flat
2025-09-26T01:03:22Z C:\Users\Cody\Desktop\tau_crystal\tau_crystal\mobile\android\comcapsule\app\build\intermediates\merged_res\debug\mergeDebugResources\mipmap-xxxhdpi_ic_launcher.webp.flat
2025-09-26T01:03:22Z C:\Users\Cody\Desktop\tau_crystal\tau_crystal\mobile\android\comcapsule\app\build\intermediates\merged_res\debug\mergeDebugResources\mipmap-xxxhdpi_ic_launcher_round.webp.flat
2025-09-26T01:03:22Z C:\Users\Cody\Desktop\tau_crystal\tau_crystal\mobile\android\comcapsule\app\build\intermediates\merged_res\debug\mergeDebugResources\values_values.arsc.flat
2025-09-26T01:03:22Z C:\Users\Cody\Desktop\tau_crystal\tau_crystal\mobile\android\comcapsule\app\build\intermediates\merged_res\debug\mergeDebugResources\values-af_values-af.arsc.flat
2025-09-26T01:03:22Z C:\Users\Cody\Desktop\tau_crystal\tau_crystal\mobile\android\comcapsule\app\build\intermediates\merged_res\debug\mergeDebugResources\values-am_values-am.arsc.flat
2025-09-26T01:03:22Z C:\Users\Cody\Desktop\tau_crystal\tau_crystal\mobile\android\comcapsule\app\build\intermediates\merged_res\debug\mergeDebugResources\values-ar_values-ar.arsc.flat
2025-09-26T01:03:22Z C:\Users\Cody\Desktop\tau_crystal\tau_crystal\mobile\android\comcapsule\app\build\intermediates\merged_res\debug\mergeDebugResources\values-as_values-as.arsc.flat
2025-09-26T01:03:22Z C:\Users\Cody\Desktop\tau_crystal\tau_crystal\mobile\android\comcapsule\app\build\intermediates\merged_res\debug\mergeDebugResources\values-az_values-az.arsc.flat
2025-09-26T01:03:22Z C:\Users\Cody\Desktop\tau_crystal\tau_crystal\mobile\android\comcapsule\app\build\intermediates\merged_res\debug\mergeDebugResources\values-b+sr+Latn_values-b+sr+Latn.arsc.flat
2025-09-26T01:03:22Z C:\Users\Cody\Desktop\tau_crystal\tau_crystal\mobile\android\comcapsule\app\build\intermediates\merged_res\debug\mergeDebugResources\values-be_values-be.arsc.flat
2025-09-26T01:03:22Z C:\Users\Cody\Desktop\tau_crystal\tau_crystal\mobile\android\comcapsule\app\build\intermediates\merged_res\debug\mergeDebugResources\values-bg_values-bg.arsc.flat
2025-09-26T01:03:22Z C:\Users\Cody\Desktop\tau_crystal\tau_crystal\mobile\android\comcapsule\app\build\intermediates\merged_res\debug\mergeDebugResources\values-bn_values-bn.arsc.flat
2025-09-26T01:03:22Z C:\Users\Cody\Desktop\tau_crystal\tau_crystal\mobile\android\comcapsule\app\build\intermediates\merged_res\debug\mergeDebugResources\values-bs_values-bs.arsc.flat
2025-09-26T01:03:22Z C:\Users\Cody\Desktop\tau_crystal\tau_crystal\mobile\android\comcapsule\app\build\intermediates\merged_res\debug\mergeDebugResources\values-ca_values-ca.arsc.flat
2025-09-26T01:03:22Z C:\Users\Cody\Desktop\tau_crystal\tau_crystal\mobile\android\comcapsule\app\build\intermediates\merged_res\debug\mergeDebugResources\values-cs_values-cs.arsc.flat
2025-09-26T01:03:22Z C:\Users\Cody\Desktop\tau_crystal\tau_crystal\mobile\android\comcapsule\app\build\intermediates\merged_res\debug\mergeDebugResources\values-da_values-da.arsc.flat
2025-09-26T01:03:22Z C:\Users\Cody\Desktop\tau_crystal\tau_crystal\mobile\android\comcapsule\app\build\intermediates\merged_res\debug\mergeDebugResources\values-de_values-de.arsc.flat
2025-09-26T01:03:22Z C:\Users\Cody\Desktop\tau_crystal\tau_crystal\mobile\android\comcapsule\app\build\intermediates\merged_res\debug\mergeDebugResources\values-el_values-el.arsc.flat
2025-09-26T01:03:22Z C:\Users\Cody\Desktop\tau_crystal\tau_crystal\mobile\android\comcapsule\app\build\intermediates\merged_res\debug\mergeDebugResources\values-en-rAU_values-en-rAU.arsc.flat
2025-09-26T01:03:22Z C:\Users\Cody\Desktop\tau_crystal\tau_crystal\mobile\android\comcapsule\app\build\intermediates\merged_res\debug\mergeDebugResources\values-en-rCA_values-en-rCA.arsc.flat
2025-09-26T01:03:22Z C:\Users\Cody\Desktop\tau_crystal\tau_crystal\mobile\android\comcapsule\app\build\intermediates\merged_res\debug\mergeDebugResources\values-en-rGB_values-en-rGB.arsc.flat
2025-09-26T01:03:22Z C:\Users\Cody\Desktop\tau_crystal\tau_crystal\mobile\android\comcapsule\app\build\intermediates\merged_res\debug\mergeDebugResources\values-en-rIN_values-en-rIN.arsc.flat
2025-09-26T01:03:22Z C:\Users\Cody\Desktop\tau_crystal\tau_crystal\mobile\android\comcapsule\app\build\intermediates\merged_res\debug\mergeDebugResources\values-en-rXC_values-en-rXC.arsc.flat
2025-09-26T01:03:22Z C:\Users\Cody\Desktop\tau_crystal\tau_crystal\mobile\android\comcapsule\app\build\intermediates\merged_res\debug\mergeDebugResources\values-es_values-es.arsc.flat
2025-09-26T01:03:22Z C:\Users\Cody\Desktop\tau_crystal\tau_crystal\mobile\android\comcapsule\app\build\intermediates\merged_res\debug\mergeDebugResources\values-es-rUS_values-es-rUS.arsc.flat
2025-09-26T01:03:22Z C:\Users\Cody\Desktop\tau_crystal\tau_crystal\mobile\android\comcapsule\app\build\intermediates\merged_res\debug\mergeDebugResources\values-et_values-et.arsc.flat
2025-09-26T01:03:22Z C:\Users\Cody\Desktop\tau_crystal\tau_crystal\mobile\android\comcapsule\app\build\intermediates\merged_res\debug\mergeDebugResources\values-eu_values-eu.arsc.flat
2025-09-26T01:03:22Z C:\Users\Cody\Desktop\tau_crystal\tau_crystal\mobile\android\comcapsule\app\build\intermediates\merged_res\debug\mergeDebugResources\values-fa_values-fa.arsc.flat
2025-09-26T01:03:22Z C:\Users\Cody\Desktop\tau_crystal\tau_crystal\mobile\android\comcapsule\app\build\intermediates\merged_res\debug\mergeDebugResources\values-fi_values-fi.arsc.flat
2025-09-26T01:03:22Z C:\Users\Cody\Desktop\tau_crystal\tau_crystal\mobile\android\comcapsule\app\build\intermediates\merged_res\debug\mergeDebugResources\values-fr_values-fr.arsc.flat
2025-09-26T01:03:22Z C:\Users\Cody\Desktop\tau_crystal\tau_crystal\mobile\android\comcapsule\app\build\intermediates\merged_res\debug\mergeDebugResources\values-fr-rCA_values-fr-rCA.arsc.flat
2025-09-26T01:03:22Z C:\Users\Cody\Desktop\tau_crystal\tau_crystal\mobile\android\comcapsule\app\build\intermediates\merged_res\debug\mergeDebugResources\values-gl_values-gl.arsc.flat
2025-09-26T01:03:22Z C:\Users\Cody\Desktop\tau_crystal\tau_crystal\mobile\android\comcapsule\app\build\intermediates\merged_res\debug\mergeDebugResources\values-gu_values-gu.arsc.flat
2025-09-26T01:03:22Z C:\Users\Cody\Desktop\tau_crystal\tau_crystal\mobile\android\comcapsule\app\build\intermediates\merged_res\debug\mergeDebugResources\values-h720dp-v13_values-h720dp-v13.arsc.flat
2025-09-26T01:03:22Z C:\Users\Cody\Desktop\tau_crystal\tau_crystal\mobile\android\comcapsule\app\build\intermediates\merged_res\debug\mergeDebugResources\values-hdpi-v4_values-hdpi-v4.arsc.flat
2025-09-26T01:03:22Z C:\Users\Cody\Desktop\tau_crystal\tau_crystal\mobile\android\comcapsule\app\build\intermediates\merged_res\debug\mergeDebugResources\values-hi_values-hi.arsc.flat
2025-09-26T01:03:22Z C:\Users\Cody\Desktop\tau_crystal\tau_crystal\mobile\android\comcapsule\app\build\intermediates\merged_res\debug\mergeDebugResources\values-hr_values-hr.arsc.flat
2025-09-26T01:03:22Z C:\Users\Cody\Desktop\tau_crystal\tau_crystal\mobile\android\comcapsule\app\build\intermediates\merged_res\debug\mergeDebugResources\values-hu_values-hu.arsc.flat
2025-09-26T01:03:22Z C:\Users\Cody\Desktop\tau_crystal\tau_crystal\mobile\android\comcapsule\app\build\intermediates\merged_res\debug\mergeDebugResources\values-hy_values-hy.arsc.flat
2025-09-26T01:03:22Z C:\Users\Cody\Desktop\tau_crystal\tau_crystal\mobile\android\comcapsule\app\build\intermediates\merged_res\debug\mergeDebugResources\values-in_values-in.arsc.flat
2025-09-26T01:03:22Z C:\Users\Cody\Desktop\tau_crystal\tau_crystal\mobile\android\comcapsule\app\build\intermediates\merged_res\debug\mergeDebugResources\values-is_values-is.arsc.flat
2025-09-26T01:03:22Z C:\Users\Cody\Desktop\tau_crystal\tau_crystal\mobile\android\comcapsule\app\build\intermediates\merged_res\debug\mergeDebugResources\values-it_values-it.arsc.flat
2025-09-26T01:03:22Z C:\Users\Cody\Desktop\tau_crystal\tau_crystal\mobile\android\comcapsule\app\build\intermediates\merged_res\debug\mergeDebugResources\values-iw_values-iw.arsc.flat
2025-09-26T01:03:22Z C:\Users\Cody\Desktop\tau_crystal\tau_crystal\mobile\android\comcapsule\app\build\intermediates\merged_res\debug\mergeDebugResources\values-ja_values-ja.arsc.flat
2025-09-26T01:03:22Z C:\Users\Cody\Desktop\tau_crystal\tau_crystal\mobile\android\comcapsule\app\build\intermediates\merged_res\debug\mergeDebugResources\values-ka_values-ka.arsc.flat
2025-09-26T01:03:22Z C:\Users\Cody\Desktop\tau_crystal\tau_crystal\mobile\android\comcapsule\app\build\intermediates\merged_res\debug\mergeDebugResources\values-kk_values-kk.arsc.flat
2025-09-26T01:03:22Z C:\Users\Cody\Desktop\tau_crystal\tau_crystal\mobile\android\comcapsule\app\build\intermediates\merged_res\debug\mergeDebugResources\values-km_values-km.arsc.flat
2025-09-26T01:03:22Z C:\Users\Cody\Desktop\tau_crystal\tau_crystal\mobile\android\comcapsule\app\build\intermediates\merged_res\debug\mergeDebugResources\values-kn_values-kn.arsc.flat
2025-09-26T01:03:22Z C:\Users\Cody\Desktop\tau_crystal\tau_crystal\mobile\android\comcapsule\app\build\intermediates\merged_res\debug\mergeDebugResources\values-ko_values-ko.arsc.flat
2025-09-26T01:03:22Z C:\Users\Cody\Desktop\tau_crystal\tau_crystal\mobile\android\comcapsule\app\build\intermediates\merged_res\debug\mergeDebugResources\values-ky_values-ky.arsc.flat
2025-09-26T01:03:22Z C:\Users\Cody\Desktop\tau_crystal\tau_crystal\mobile\android\comcapsule\app\build\intermediates\merged_res\debug\mergeDebugResources\values-land_values-land.arsc.flat
2025-09-26T01:03:22Z C:\Users\Cody\Desktop\tau_crystal\tau_crystal\mobile\android\comcapsule\app\build\intermediates\merged_res\debug\mergeDebugResources\values-large-v4_values-large-v4.arsc.flat
2025-09-26T01:03:22Z C:\Users\Cody\Desktop\tau_crystal\tau_crystal\mobile\android\comcapsule\app\build\intermediates\merged_res\debug\mergeDebugResources\values-ldltr-v21_values-ldltr-v21.arsc.flat
2025-09-26T01:03:22Z C:\Users\Cody\Desktop\tau_crystal\tau_crystal\mobile\android\comcapsule\app\build\intermediates\merged_res\debug\mergeDebugResources\values-lo_values-lo.arsc.flat
2025-09-26T01:03:22Z C:\Users\Cody\Desktop\tau_crystal\tau_crystal\mobile\android\comcapsule\app\build\intermediates\merged_res\debug\mergeDebugResources\values-lt_values-lt.arsc.flat
2025-09-26T01:03:22Z C:\Users\Cody\Desktop\tau_crystal\tau_crystal\mobile\android\comcapsule\app\build\intermediates\merged_res\debug\mergeDebugResources\values-lv_values-lv.arsc.flat
2025-09-26T01:03:22Z C:\Users\Cody\Desktop\tau_crystal\tau_crystal\mobile\android\comcapsule\app\build\intermediates\merged_res\debug\mergeDebugResources\values-mk_values-mk.arsc.flat
2025-09-26T01:03:22Z C:\Users\Cody\Desktop\tau_crystal\tau_crystal\mobile\android\comcapsule\app\build\intermediates\merged_res\debug\mergeDebugResources\values-ml_values-ml.arsc.flat
2025-09-26T01:03:22Z C:\Users\Cody\Desktop\tau_crystal\tau_crystal\mobile\android\comcapsule\app\build\intermediates\merged_res\debug\mergeDebugResources\values-mn_values-mn.arsc.flat
2025-09-26T01:03:22Z C:\Users\Cody\Desktop\tau_crystal\tau_crystal\mobile\android\comcapsule\app\build\intermediates\merged_res\debug\mergeDebugResources\values-mr_values-mr.arsc.flat
2025-09-26T01:03:22Z C:\Users\Cody\Desktop\tau_crystal\tau_crystal\mobile\android\comcapsule\app\build\intermediates\merged_res\debug\mergeDebugResources\values-ms_values-ms.arsc.flat
2025-09-26T01:03:22Z C:\Users\Cody\Desktop\tau_crystal\tau_crystal\mobile\android\comcapsule\app\build\intermediates\merged_res\debug\mergeDebugResources\values-my_values-my.arsc.flat
2025-09-26T01:03:22Z C:\Users\Cody\Desktop\tau_crystal\tau_crystal\mobile\android\comcapsule\app\build\intermediates\merged_res\debug\mergeDebugResources\values-nb_values-nb.arsc.flat
2025-09-26T01:03:22Z C:\Users\Cody\Desktop\tau_crystal\tau_crystal\mobile\android\comcapsule\app\build\intermediates\merged_res\debug\mergeDebugResources\values-ne_values-ne.arsc.flat
2025-09-26T01:03:22Z C:\Users\Cody\Desktop\tau_crystal\tau_crystal\mobile\android\comcapsule\app\build\intermediates\merged_res\debug\mergeDebugResources\values-night-v8_values-night-v8.arsc.flat
2025-09-26T01:03:22Z C:\Users\Cody\Desktop\tau_crystal\tau_crystal\mobile\android\comcapsule\app\build\intermediates\merged_res\debug\mergeDebugResources\values-nl_values-nl.arsc.flat
2025-09-26T01:03:22Z C:\Users\Cody\Desktop\tau_crystal\tau_crystal\mobile\android\comcapsule\app\build\intermediates\merged_res\debug\mergeDebugResources\values-or_values-or.arsc.flat
2025-09-26T01:03:22Z C:\Users\Cody\Desktop\tau_crystal\tau_crystal\mobile\android\comcapsule\app\build\intermediates\merged_res\debug\mergeDebugResources\values-pa_values-pa.arsc.flat
2025-09-26T01:03:22Z C:\Users\Cody\Desktop\tau_crystal\tau_crystal\mobile\android\comcapsule\app\build\intermediates\merged_res\debug\mergeDebugResources\values-pl_values-pl.arsc.flat
2025-09-26T01:03:22Z C:\Users\Cody\Desktop\tau_crystal\tau_crystal\mobile\android\comcapsule\app\build\intermediates\merged_res\debug\mergeDebugResources\values-port_values-port.arsc.flat
2025-09-26T01:03:22Z C:\Users\Cody\Desktop\tau_crystal\tau_crystal\mobile\android\comcapsule\app\build\intermediates\merged_res\debug\mergeDebugResources\values-pt_values-pt.arsc.flat
2025-09-26T01:03:22Z C:\Users\Cody\Desktop\tau_crystal\tau_crystal\mobile\android\comcapsule\app\build\intermediates\merged_res\debug\mergeDebugResources\values-pt-rBR_values-pt-rBR.arsc.flat
2025-09-26T01:03:22Z C:\Users\Cody\Desktop\tau_crystal\tau_crystal\mobile\android\comcapsule\app\build\intermediates\merged_res\debug\mergeDebugResources\values-pt-rPT_values-pt-rPT.arsc.flat
2025-09-26T01:03:22Z C:\Users\Cody\Desktop\tau_crystal\tau_crystal\mobile\android\comcapsule\app\build\intermediates\merged_res\debug\mergeDebugResources\values-ro_values-ro.arsc.flat
2025-09-26T01:03:22Z C:\Users\Cody\Desktop\tau_crystal\tau_crystal\mobile\android\comcapsule\app\build\intermediates\merged_res\debug\mergeDebugResources\values-ru_values-ru.arsc.flat
2025-09-26T01:03:22Z C:\Users\Cody\Desktop\tau_crystal\tau_crystal\mobile\android\comcapsule\app\build\intermediates\merged_res\debug\mergeDebugResources\values-si_values-si.arsc.flat
2025-09-26T01:03:22Z C:\Users\Cody\Desktop\tau_crystal\tau_crystal\mobile\android\comcapsule\app\build\intermediates\merged_res\debug\mergeDebugResources\values-sk_values-sk.arsc.flat
2025-09-26T01:03:22Z C:\Users\Cody\Desktop\tau_crystal\tau_crystal\mobile\android\comcapsule\app\build\intermediates\merged_res\debug\mergeDebugResources\values-sl_values-sl.arsc.flat
2025-09-26T01:03:22Z C:\Users\Cody\Desktop\tau_crystal\tau_crystal\mobile\android\comcapsule\app\build\intermediates\merged_res\debug\mergeDebugResources\values-sq_values-sq.arsc.flat
2025-09-26T01:03:22Z C:\Users\Cody\Desktop\tau_crystal\tau_crystal\mobile\android\comcapsule\app\build\intermediates\merged_res\debug\mergeDebugResources\values-sr_values-sr.arsc.flat
2025-09-26T01:03:22Z C:\Users\Cody\Desktop\tau_crystal\tau_crystal\mobile\android\comcapsule\app\build\intermediates\merged_res\debug\mergeDebugResources\values-sv_values-sv.arsc.flat
2025-09-26T01:03:22Z C:\Users\Cody\Desktop\tau_crystal\tau_crystal\mobile\android\comcapsule\app\build\intermediates\merged_res\debug\mergeDebugResources\values-sw_values-sw.arsc.flat
2025-09-26T01:03:22Z C:\Users\Cody\Desktop\tau_crystal\tau_crystal\mobile\android\comcapsule\app\build\intermediates\merged_res\debug\mergeDebugResources\values-sw600dp-v13_values-sw600dp-v13.arsc.flat
2025-09-26T01:03:22Z C:\Users\Cody\Desktop\tau_crystal\tau_crystal\mobile\android\comcapsule\app\build\intermediates\merged_res\debug\mergeDebugResources\values-ta_values-ta.arsc.flat
2025-09-26T01:03:22Z C:\Users\Cody\Desktop\tau_crystal\tau_crystal\mobile\android\comcapsule\app\build\intermediates\merged_res\debug\mergeDebugResources\values-te_values-te.arsc.flat
2025-09-26T01:03:22Z C:\Users\Cody\Desktop\tau_crystal\tau_crystal\mobile\android\comcapsule\app\build\intermediates\merged_res\debug\mergeDebugResources\values-th_values-th.arsc.flat
2025-09-26T01:03:22Z C:\Users\Cody\Desktop\tau_crystal\tau_crystal\mobile\android\comcapsule\app\build\intermediates\merged_res\debug\mergeDebugResources\values-tl_values-tl.arsc.flat
2025-09-26T01:03:22Z C:\Users\Cody\Desktop\tau_crystal\tau_crystal\mobile\android\comcapsule\app\build\intermediates\merged_res\debug\mergeDebugResources\values-tr_values-tr.arsc.flat
2025-09-26T01:03:22Z C:\Users\Cody\Desktop\tau_crystal\tau_crystal\mobile\android\comcapsule\app\build\intermediates\merged_res\debug\mergeDebugResources\values-uk_values-uk.arsc.flat
2025-09-26T01:03:22Z C:\Users\Cody\Desktop\tau_crystal\tau_crystal\mobile\android\comcapsule\app\build\intermediates\merged_res\debug\mergeDebugResources\values-ur_values-ur.arsc.flat
2025-09-26T01:03:22Z C:\Users\Cody\Desktop\tau_crystal\tau_crystal\mobile\android\comcapsule\app\build\intermediates\merged_res\debug\mergeDebugResources\values-uz_values-uz.arsc.flat
2025-09-26T01:03:22Z C:\Users\Cody\Desktop\tau_crystal\tau_crystal\mobile\android\comcapsule\app\build\intermediates\merged_res\debug\mergeDebugResources\values-v16_values-v16.arsc.flat
2025-09-26T01:03:22Z C:\Users\Cody\Desktop\tau_crystal\tau_crystal\mobile\android\comcapsule\app\build\intermediates\merged_res\debug\mergeDebugResources\values-v17_values-v17.arsc.flat
2025-09-26T01:03:22Z C:\Users\Cody\Desktop\tau_crystal\tau_crystal\mobile\android\comcapsule\app\build\intermediates\merged_res\debug\mergeDebugResources\values-v18_values-v18.arsc.flat
2025-09-26T01:03:22Z C:\Users\Cody\Desktop\tau_crystal\tau_crystal\mobile\android\comcapsule\app\build\intermediates\merged_res\debug\mergeDebugResources\values-v21_values-v21.arsc.flat
2025-09-26T01:03:22Z C:\Users\Cody\Desktop\tau_crystal\tau_crystal\mobile\android\comcapsule\app\build\intermediates\merged_res\debug\mergeDebugResources\values-v22_values-v22.arsc.flat
2025-09-26T01:03:22Z C:\Users\Cody\Desktop\tau_crystal\tau_crystal\mobile\android\comcapsule\app\build\intermediates\merged_res\debug\mergeDebugResources\values-v23_values-v23.arsc.flat
2025-09-26T01:03:22Z C:\Users\Cody\Desktop\tau_crystal\tau_crystal\mobile\android\comcapsule\app\build\intermediates\merged_res\debug\mergeDebugResources\values-v24_values-v24.arsc.flat
2025-09-26T01:03:22Z C:\Users\Cody\Desktop\tau_crystal\tau_crystal\mobile\android\comcapsule\app\build\intermediates\merged_res\debug\mergeDebugResources\values-v25_values-v25.arsc.flat
2025-09-26T01:03:22Z C:\Users\Cody\Desktop\tau_crystal\tau_crystal\mobile\android\comcapsule\app\build\intermediates\merged_res\debug\mergeDebugResources\values-v26_values-v26.arsc.flat
2025-09-26T01:03:22Z C:\Users\Cody\Desktop\tau_crystal\tau_crystal\mobile\android\comcapsule\app\build\intermediates\merged_res\debug\mergeDebugResources\values-v28_values-v28.arsc.flat
2025-09-26T01:03:22Z C:\Users\Cody\Desktop\tau_crystal\tau_crystal\mobile\android\comcapsule\app\build\intermediates\merged_res\debug\mergeDebugResources\values-vi_values-vi.arsc.flat
2025-09-26T01:03:22Z C:\Users\Cody\Desktop\tau_crystal\tau_crystal\mobile\android\comcapsule\app\build\intermediates\merged_res\debug\mergeDebugResources\values-watch-v20_values-watch-v20.arsc.flat
2025-09-26T01:03:22Z C:\Users\Cody\Desktop\tau_crystal\tau_crystal\mobile\android\comcapsule\app\build\intermediates\merged_res\debug\mergeDebugResources\values-watch-v21_values-watch-v21.arsc.flat
2025-09-26T01:03:22Z C:\Users\Cody\Desktop\tau_crystal\tau_crystal\mobile\android\comcapsule\app\build\intermediates\merged_res\debug\mergeDebugResources\values-xlarge-v4_values-xlarge-v4.arsc.flat
2025-09-26T01:03:22Z C:\Users\Cody\Desktop\tau_crystal\tau_crystal\mobile\android\comcapsule\app\build\intermediates\merged_res\debug\mergeDebugResources\values-zh-rCN_values-zh-rCN.arsc.flat
2025-09-26T01:03:22Z C:\Users\Cody\Desktop\tau_crystal\tau_crystal\mobile\android\comcapsule\app\build\intermediates\merged_res\debug\mergeDebugResources\values-zh-rHK_values-zh-rHK.arsc.flat
2025-09-26T01:03:22Z C:\Users\Cody\Desktop\tau_crystal\tau_crystal\mobile\android\comcapsule\app\build\intermediates\merged_res\debug\mergeDebugResources\values-zh-rTW_values-zh-rTW.arsc.flat
2025-09-26T01:03:22Z C:\Users\Cody\Desktop\tau_crystal\tau_crystal\mobile\android\comcapsule\app\build\intermediates\merged_res\debug\mergeDebugResources\values-zu_values-zu.arsc.flat
2025-09-26T01:03:22Z C:\Users\Cody\Desktop\tau_crystal\tau_crystal\mobile\android\comcapsule\app\build\intermediates\merged_res\debug\mergeDebugResources\xml_backup_rules.xml.flat
2025-09-26T01:03:22Z C:\Users\Cody\Desktop\tau_crystal\tau_crystal\mobile\android\comcapsule\app\build\intermediates\merged_res\debug\mergeDebugResources\xml_data_extraction_rules.xml.flat
2025-09-26T01:03:22Z C:\Users\Cody\Desktop\tau_crystal\tau_crystal\mobile\android\comcapsule\app\build\intermediates\merged_res_blame_folder\debug\mergeDebugResources\out\multi-v2\mergeDebugResources.json
2025-09-26T01:03:22Z C:\Users\Cody\Desktop\tau_crystal\tau_crystal\mobile\android\comcapsule\app\build\intermediates\merged_res_blame_folder\debug\mergeDebugResources\out\multi-v2\values.json
2025-09-26T01:03:22Z C:\Users\Cody\Desktop\tau_crystal\tau_crystal\mobile\android\comcapsule\app\build\intermediates\merged_res_blame_folder\debug\mergeDebugResources\out\multi-v2\values-af.json
2025-09-26T01:03:22Z C:\Users\Cody\Desktop\tau_crystal\tau_crystal\mobile\android\comcapsule\app\build\intermediates\merged_res_blame_folder\debug\mergeDebugResources\out\multi-v2\values-am.json
2025-09-26T01:03:22Z C:\Users\Cody\Desktop\tau_crystal\tau_crystal\mobile\android\comcapsule\app\build\intermediates\merged_res_blame_folder\debug\mergeDebugResources\out\multi-v2\values-as.json
2025-09-26T01:03:22Z C:\Users\Cody\Desktop\tau_crystal\tau_crystal\mobile\android\comcapsule\app\build\intermediates\merged_res_blame_folder\debug\mergeDebugResources\out\multi-v2\values-az.json
2025-09-26T01:03:22Z C:\Users\Cody\Desktop\tau_crystal\tau_crystal\mobile\android\comcapsule\app\build\intermediates\merged_res_blame_folder\debug\mergeDebugResources\out\multi-v2\values-bg.json
2025-09-26T01:03:22Z C:\Users\Cody\Desktop\tau_crystal\tau_crystal\mobile\android\comcapsule\app\build\intermediates\merged_res_blame_folder\debug\mergeDebugResources\out\multi-v2\values-bn.json
2025-09-26T01:03:22Z C:\Users\Cody\Desktop\tau_crystal\tau_crystal\mobile\android\comcapsule\app\build\intermediates\merged_res_blame_folder\debug\mergeDebugResources\out\multi-v2\values-bs.json
2025-09-26T01:03:22Z C:\Users\Cody\Desktop\tau_crystal\tau_crystal\mobile\android\comcapsule\app\build\intermediates\merged_res_blame_folder\debug\mergeDebugResources\out\multi-v2\values-ca.json
2025-09-26T01:03:22Z C:\Users\Cody\Desktop\tau_crystal\tau_crystal\mobile\android\comcapsule\app\build\intermediates\merged_res_blame_folder\debug\mergeDebugResources\out\multi-v2\values-cs.json
2025-09-26T01:03:22Z C:\Users\Cody\Desktop\tau_crystal\tau_crystal\mobile\android\comcapsule\app\build\intermediates\merged_res_blame_folder\debug\mergeDebugResources\out\multi-v2\values-da.json
2025-09-26T01:03:22Z C:\Users\Cody\Desktop\tau_crystal\tau_crystal\mobile\android\comcapsule\app\build\intermediates\merged_res_blame_folder\debug\mergeDebugResources\out\multi-v2\values-el.json
2025-09-26T01:03:22Z C:\Users\Cody\Desktop\tau_crystal\tau_crystal\mobile\android\comcapsule\app\build\intermediates\merged_res_blame_folder\debug\mergeDebugResources\out\multi-v2\values-en-rAU.json
2025-09-26T01:03:22Z C:\Users\Cody\Desktop\tau_crystal\tau_crystal\mobile\android\comcapsule\app\build\intermediates\merged_res_blame_folder\debug\mergeDebugResources\out\multi-v2\values-en-rCA.json
2025-09-26T01:03:22Z C:\Users\Cody\Desktop\tau_crystal\tau_crystal\mobile\android\comcapsule\app\build\intermediates\merged_res_blame_folder\debug\mergeDebugResources\out\multi-v2\values-en-rGB.json
2025-09-26T01:03:22Z C:\Users\Cody\Desktop\tau_crystal\tau_crystal\mobile\android\comcapsule\app\build\intermediates\merged_res_blame_folder\debug\mergeDebugResources\out\multi-v2\values-en-rIN.json
2025-09-26T01:03:22Z C:\Users\Cody\Desktop\tau_crystal\tau_crystal\mobile\android\comcapsule\app\build\intermediates\merged_res_blame_folder\debug\mergeDebugResources\out\multi-v2\values-en-rXC.json
2025-09-26T01:03:22Z C:\Users\Cody\Desktop\tau_crystal\tau_crystal\mobile\android\comcapsule\app\build\intermediates\merged_res_blame_folder\debug\mergeDebugResources\out\multi-v2\values-es.json
2025-09-26T01:03:22Z C:\Users\Cody\Desktop\tau_crystal\tau_crystal\mobile\android\comcapsule\app\build\intermediates\merged_res_blame_folder\debug\mergeDebugResources\out\multi-v2\values-es-rUS.json
2025-09-26T01:03:22Z C:\Users\Cody\Desktop\tau_crystal\tau_crystal\mobile\android\comcapsule\app\build\intermediates\merged_res_blame_folder\debug\mergeDebugResources\out\multi-v2\values-et.json
2025-09-26T01:03:22Z C:\Users\Cody\Desktop\tau_crystal\tau_crystal\mobile\android\comcapsule\app\build\intermediates\merged_res_blame_folder\debug\mergeDebugResources\out\multi-v2\values-eu.json
2025-09-26T01:03:22Z C:\Users\Cody\Desktop\tau_crystal\tau_crystal\mobile\android\comcapsule\app\build\intermediates\merged_res_blame_folder\debug\mergeDebugResources\out\multi-v2\values-fa.json
2025-09-26T01:03:22Z C:\Users\Cody\Desktop\tau_crystal\tau_crystal\mobile\android\comcapsule\app\build\intermediates\merged_res_blame_folder\debug\mergeDebugResources\out\multi-v2\values-fi.json
2025-09-26T01:03:22Z C:\Users\Cody\Desktop\tau_crystal\tau_crystal\mobile\android\comcapsule\app\build\intermediates\merged_res_blame_folder\debug\mergeDebugResources\out\multi-v2\values-fr.json
2025-09-26T01:03:22Z C:\Users\Cody\Desktop\tau_crystal\tau_crystal\mobile\android\comcapsule\app\build\intermediates\merged_res_blame_folder\debug\mergeDebugResources\out\multi-v2\values-fr-rCA.json
2025-09-26T01:03:22Z C:\Users\Cody\Desktop\tau_crystal\tau_crystal\mobile\android\comcapsule\app\build\intermediates\merged_res_blame_folder\debug\mergeDebugResources\out\multi-v2\values-gl.json
2025-09-26T01:03:22Z C:\Users\Cody\Desktop\tau_crystal\tau_crystal\mobile\android\comcapsule\app\build\intermediates\merged_res_blame_folder\debug\mergeDebugResources\out\multi-v2\values-gu.json
2025-09-26T01:03:22Z C:\Users\Cody\Desktop\tau_crystal\tau_crystal\mobile\android\comcapsule\app\build\intermediates\merged_res_blame_folder\debug\mergeDebugResources\out\multi-v2\values-h720dp-v13.json
2025-09-26T01:03:22Z C:\Users\Cody\Desktop\tau_crystal\tau_crystal\mobile\android\comcapsule\app\build\intermediates\merged_res_blame_folder\debug\mergeDebugResources\out\multi-v2\values-hdpi-v4.json
2025-09-26T01:03:22Z C:\Users\Cody\Desktop\tau_crystal\tau_crystal\mobile\android\comcapsule\app\build\intermediates\merged_res_blame_folder\debug\mergeDebugResources\out\multi-v2\values-hi.json
2025-09-26T01:03:22Z C:\Users\Cody\Desktop\tau_crystal\tau_crystal\mobile\android\comcapsule\app\build\intermediates\merged_res_blame_folder\debug\mergeDebugResources\out\multi-v2\values-hr.json
2025-09-26T01:03:22Z C:\Users\Cody\Desktop\tau_crystal\tau_crystal\mobile\android\comcapsule\app\build\intermediates\merged_res_blame_folder\debug\mergeDebugResources\out\multi-v2\values-hu.json
2025-09-26T01:03:22Z C:\Users\Cody\Desktop\tau_crystal\tau_crystal\mobile\android\comcapsule\app\build\intermediates\merged_res_blame_folder\debug\mergeDebugResources\out\multi-v2\values-hy.json
2025-09-26T01:03:22Z C:\Users\Cody\Desktop\tau_crystal\tau_crystal\mobile\android\comcapsule\app\build\intermediates\merged_res_blame_folder\debug\mergeDebugResources\out\multi-v2\values-in.json
2025-09-26T01:03:22Z C:\Users\Cody\Desktop\tau_crystal\tau_crystal\mobile\android\comcapsule\app\build\intermediates\merged_res_blame_folder\debug\mergeDebugResources\out\multi-v2\values-is.json
2025-09-26T01:03:22Z C:\Users\Cody\Desktop\tau_crystal\tau_crystal\mobile\android\comcapsule\app\build\intermediates\merged_res_blame_folder\debug\mergeDebugResources\out\multi-v2\values-it.json
2025-09-26T01:03:22Z C:\Users\Cody\Desktop\tau_crystal\tau_crystal\mobile\android\comcapsule\app\build\intermediates\merged_res_blame_folder\debug\mergeDebugResources\out\multi-v2\values-iw.json
2025-09-26T01:03:22Z C:\Users\Cody\Desktop\tau_crystal\tau_crystal\mobile\android\comcapsule\app\build\intermediates\merged_res_blame_folder\debug\mergeDebugResources\out\multi-v2\values-ja.json
2025-09-26T01:03:22Z C:\Users\Cody\Desktop\tau_crystal\tau_crystal\mobile\android\comcapsule\app\build\intermediates\merged_res_blame_folder\debug\mergeDebugResources\out\multi-v2\values-kk.json
2025-09-26T01:03:22Z C:\Users\Cody\Desktop\tau_crystal\tau_crystal\mobile\android\comcapsule\app\build\intermediates\merged_res_blame_folder\debug\mergeDebugResources\out\multi-v2\values-ko.json
2025-09-26T01:03:22Z C:\Users\Cody\Desktop\tau_crystal\tau_crystal\mobile\android\comcapsule\app\build\intermediates\merged_res_blame_folder\debug\mergeDebugResources\out\multi-v2\values-ky.json
2025-09-26T01:03:22Z C:\Users\Cody\Desktop\tau_crystal\tau_crystal\mobile\android\comcapsule\app\build\intermediates\merged_res_blame_folder\debug\mergeDebugResources\out\multi-v2\values-ldltr-v21.json
2025-09-26T01:03:22Z C:\Users\Cody\Desktop\tau_crystal\tau_crystal\mobile\android\comcapsule\app\build\intermediates\merged_res_blame_folder\debug\mergeDebugResources\out\multi-v2\values-lo.json
2025-09-26T01:03:22Z C:\Users\Cody\Desktop\tau_crystal\tau_crystal\mobile\android\comcapsule\app\build\intermediates\merged_res_blame_folder\debug\mergeDebugResources\out\multi-v2\values-lt.json
2025-09-26T01:03:22Z C:\Users\Cody\Desktop\tau_crystal\tau_crystal\mobile\android\comcapsule\app\build\intermediates\merged_res_blame_folder\debug\mergeDebugResources\out\multi-v2\values-lv.json
2025-09-26T01:03:22Z C:\Users\Cody\Desktop\tau_crystal\tau_crystal\mobile\android\comcapsule\app\build\intermediates\merged_res_blame_folder\debug\mergeDebugResources\out\multi-v2\values-mk.json
2025-09-26T01:03:22Z C:\Users\Cody\Desktop\tau_crystal\tau_crystal\mobile\android\comcapsule\app\build\intermediates\merged_res_blame_folder\debug\mergeDebugResources\out\multi-v2\values-ml.json
2025-09-26T01:03:22Z C:\Users\Cody\Desktop\tau_crystal\tau_crystal\mobile\android\comcapsule\app\build\intermediates\merged_res_blame_folder\debug\mergeDebugResources\out\multi-v2\values-mn.json
2025-09-26T01:03:22Z C:\Users\Cody\Desktop\tau_crystal\tau_crystal\mobile\android\comcapsule\app\build\intermediates\merged_res_blame_folder\debug\mergeDebugResources\out\multi-v2\values-mr.json
2025-09-26T01:03:22Z C:\Users\Cody\Desktop\tau_crystal\tau_crystal\mobile\android\comcapsule\app\build\intermediates\merged_res_blame_folder\debug\mergeDebugResources\out\multi-v2\values-ms.json
2025-09-26T01:03:22Z C:\Users\Cody\Desktop\tau_crystal\tau_crystal\mobile\android\comcapsule\app\build\intermediates\merged_res_blame_folder\debug\mergeDebugResources\out\multi-v2\values-my.json
2025-09-26T01:03:22Z C:\Users\Cody\Desktop\tau_crystal\tau_crystal\mobile\android\comcapsule\app\build\intermediates\merged_res_blame_folder\debug\mergeDebugResources\out\multi-v2\values-nb.json
2025-09-26T01:03:22Z C:\Users\Cody\Desktop\tau_crystal\tau_crystal\mobile\android\comcapsule\app\build\intermediates\merged_res_blame_folder\debug\mergeDebugResources\out\multi-v2\values-ne.json
2025-09-26T01:03:22Z C:\Users\Cody\Desktop\tau_crystal\tau_crystal\mobile\android\comcapsule\app\build\intermediates\merged_res_blame_folder\debug\mergeDebugResources\out\multi-v2\values-night-v8.json
2025-09-26T01:03:22Z C:\Users\Cody\Desktop\tau_crystal\tau_crystal\mobile\android\comcapsule\app\build\intermediates\merged_res_blame_folder\debug\mergeDebugResources\out\multi-v2\values-or.json
2025-09-26T01:03:22Z C:\Users\Cody\Desktop\tau_crystal\tau_crystal\mobile\android\comcapsule\app\build\intermediates\merged_res_blame_folder\debug\mergeDebugResources\out\multi-v2\values-pa.json
2025-09-26T01:03:22Z C:\Users\Cody\Desktop\tau_crystal\tau_crystal\mobile\android\comcapsule\app\build\intermediates\merged_res_blame_folder\debug\mergeDebugResources\out\multi-v2\values-port.json
2025-09-26T01:03:22Z C:\Users\Cody\Desktop\tau_crystal\tau_crystal\mobile\android\comcapsule\app\build\intermediates\merged_res_blame_folder\debug\mergeDebugResources\out\multi-v2\values-pt.json
2025-09-26T01:03:22Z C:\Users\Cody\Desktop\tau_crystal\tau_crystal\mobile\android\comcapsule\app\build\intermediates\merged_res_blame_folder\debug\mergeDebugResources\out\multi-v2\values-pt-rBR.json
2025-09-26T01:03:22Z C:\Users\Cody\Desktop\tau_crystal\tau_crystal\mobile\android\comcapsule\app\build\intermediates\merged_res_blame_folder\debug\mergeDebugResources\out\multi-v2\values-ro.json
2025-09-26T01:03:22Z C:\Users\Cody\Desktop\tau_crystal\tau_crystal\mobile\android\comcapsule\app\build\intermediates\merged_res_blame_folder\debug\mergeDebugResources\out\multi-v2\values-ru.json
2025-09-26T01:03:22Z C:\Users\Cody\Desktop\tau_crystal\tau_crystal\mobile\android\comcapsule\app\build\intermediates\merged_res_blame_folder\debug\mergeDebugResources\out\multi-v2\values-si.json
2025-09-26T01:03:22Z C:\Users\Cody\Desktop\tau_crystal\tau_crystal\mobile\android\comcapsule\app\build\intermediates\merged_res_blame_folder\debug\mergeDebugResources\out\multi-v2\values-sl.json
2025-09-26T01:03:22Z C:\Users\Cody\Desktop\tau_crystal\tau_crystal\mobile\android\comcapsule\app\build\intermediates\merged_res_blame_folder\debug\mergeDebugResources\out\multi-v2\values-sq.json
2025-09-26T01:03:22Z C:\Users\Cody\Desktop\tau_crystal\tau_crystal\mobile\android\comcapsule\app\build\intermediates\merged_res_blame_folder\debug\mergeDebugResources\out\multi-v2\values-sr.json
2025-09-26T01:03:22Z C:\Users\Cody\Desktop\tau_crystal\tau_crystal\mobile\android\comcapsule\app\build\intermediates\merged_res_blame_folder\debug\mergeDebugResources\out\multi-v2\values-sv.json
2025-09-26T01:03:22Z C:\Users\Cody\Desktop\tau_crystal\tau_crystal\mobile\android\comcapsule\app\build\intermediates\merged_res_blame_folder\debug\mergeDebugResources\out\multi-v2\values-sw.json
2025-09-26T01:03:22Z C:\Users\Cody\Desktop\tau_crystal\tau_crystal\mobile\android\comcapsule\app\build\intermediates\merged_res_blame_folder\debug\mergeDebugResources\out\multi-v2\values-sw600dp-v13.json
2025-09-26T01:03:22Z C:\Users\Cody\Desktop\tau_crystal\tau_crystal\mobile\android\comcapsule\app\build\intermediates\merged_res_blame_folder\debug\mergeDebugResources\out\multi-v2\values-ta.json
2025-09-26T01:03:22Z C:\Users\Cody\Desktop\tau_crystal\tau_crystal\mobile\android\comcapsule\app\build\intermediates\merged_res_blame_folder\debug\mergeDebugResources\out\multi-v2\values-te.json
2025-09-26T01:03:22Z C:\Users\Cody\Desktop\tau_crystal\tau_crystal\mobile\android\comcapsule\app\build\intermediates\merged_res_blame_folder\debug\mergeDebugResources\out\multi-v2\values-th.json
2025-09-26T01:03:22Z C:\Users\Cody\Desktop\tau_crystal\tau_crystal\mobile\android\comcapsule\app\build\intermediates\merged_res_blame_folder\debug\mergeDebugResources\out\multi-v2\values-tl.json
2025-09-26T01:03:22Z C:\Users\Cody\Desktop\tau_crystal\tau_crystal\mobile\android\comcapsule\app\build\intermediates\merged_res_blame_folder\debug\mergeDebugResources\out\multi-v2\values-tr.json
2025-09-26T01:03:22Z C:\Users\Cody\Desktop\tau_crystal\tau_crystal\mobile\android\comcapsule\app\build\intermediates\merged_res_blame_folder\debug\mergeDebugResources\out\multi-v2\values-uk.json
2025-09-26T01:03:22Z C:\Users\Cody\Desktop\tau_crystal\tau_crystal\mobile\android\comcapsule\app\build\intermediates\merged_res_blame_folder\debug\mergeDebugResources\out\multi-v2\values-ur.json
2025-09-26T01:03:22Z C:\Users\Cody\Desktop\tau_crystal\tau_crystal\mobile\android\comcapsule\app\build\intermediates\merged_res_blame_folder\debug\mergeDebugResources\out\multi-v2\values-uz.json
2025-09-26T01:03:22Z C:\Users\Cody\Desktop\tau_crystal\tau_crystal\mobile\android\comcapsule\app\build\intermediates\merged_res_blame_folder\debug\mergeDebugResources\out\multi-v2\values-v16.json
2025-09-26T01:03:22Z C:\Users\Cody\Desktop\tau_crystal\tau_crystal\mobile\android\comcapsule\app\build\intermediates\merged_res_blame_folder\debug\mergeDebugResources\out\multi-v2\values-v17.json
2025-09-26T01:03:22Z C:\Users\Cody\Desktop\tau_crystal\tau_crystal\mobile\android\comcapsule\app\build\intermediates\merged_res_blame_folder\debug\mergeDebugResources\out\multi-v2\values-v18.json
2025-09-26T01:03:22Z C:\Users\Cody\Desktop\tau_crystal\tau_crystal\mobile\android\comcapsule\app\build\intermediates\merged_res_blame_folder\debug\mergeDebugResources\out\multi-v2\values-v21.json
2025-09-26T01:03:22Z C:\Users\Cody\Desktop\tau_crystal\tau_crystal\mobile\android\comcapsule\app\build\intermediates\merged_res_blame_folder\debug\mergeDebugResources\out\multi-v2\values-v22.json
2025-09-26T01:03:22Z C:\Users\Cody\Desktop\tau_crystal\tau_crystal\mobile\android\comcapsule\app\build\intermediates\merged_res_blame_folder\debug\mergeDebugResources\out\multi-v2\values-v23.json
2025-09-26T01:03:22Z C:\Users\Cody\Desktop\tau_crystal\tau_crystal\mobile\android\comcapsule\app\build\intermediates\merged_res_blame_folder\debug\mergeDebugResources\out\multi-v2\values-v24.json
2025-09-26T01:03:22Z C:\Users\Cody\Desktop\tau_crystal\tau_crystal\mobile\android\comcapsule\app\build\intermediates\merged_res_blame_folder\debug\mergeDebugResources\out\multi-v2\values-v25.json
2025-09-26T01:03:22Z C:\Users\Cody\Desktop\tau_crystal\tau_crystal\mobile\android\comcapsule\app\build\intermediates\merged_res_blame_folder\debug\mergeDebugResources\out\multi-v2\values-v26.json
2025-09-26T01:03:22Z C:\Users\Cody\Desktop\tau_crystal\tau_crystal\mobile\android\comcapsule\app\build\intermediates\merged_res_blame_folder\debug\mergeDebugResources\out\multi-v2\values-v28.json
2025-09-26T01:03:22Z C:\Users\Cody\Desktop\tau_crystal\tau_crystal\mobile\android\comcapsule\app\build\intermediates\merged_res_blame_folder\debug\mergeDebugResources\out\multi-v2\values-vi.json
2025-09-26T01:03:22Z C:\Users\Cody\Desktop\tau_crystal\tau_crystal\mobile\android\comcapsule\app\build\intermediates\merged_res_blame_folder\debug\mergeDebugResources\out\multi-v2\values-watch-v20.json
2025-09-26T01:03:22Z C:\Users\Cody\Desktop\tau_crystal\tau_crystal\mobile\android\comcapsule\app\build\intermediates\merged_res_blame_folder\debug\mergeDebugResources\out\multi-v2\values-watch-v21.json
2025-09-26T01:03:22Z C:\Users\Cody\Desktop\tau_crystal\tau_crystal\mobile\android\comcapsule\app\build\intermediates\merged_res_blame_folder\debug\mergeDebugResources\out\multi-v2\values-xlarge-v4.json
2025-09-26T01:03:22Z C:\Users\Cody\Desktop\tau_crystal\tau_crystal\mobile\android\comcapsule\app\build\intermediates\merged_res_blame_folder\debug\mergeDebugResources\out\multi-v2\values-zh-rHK.json
2025-09-26T01:03:22Z C:\Users\Cody\Desktop\tau_crystal\tau_crystal\mobile\android\comcapsule\app\build\intermediates\merged_res_blame_folder\debug\mergeDebugResources\out\multi-v2\values-zh-rTW.json
2025-09-26T01:03:22Z C:\Users\Cody\Desktop\tau_crystal\tau_crystal\mobile\android\comcapsule\app\build\intermediates\merged_res_blame_folder\debug\mergeDebugResources\out\multi-v2\values-zu.json
2025-09-26T01:03:22Z C:\Users\Cody\Desktop\tau_crystal\tau_crystal\mobile\android\comcapsule\app\build\intermediates\merged_res_blame_folder\debug\mergeDebugResources\out\single\mergeDebugResources.json
2025-09-26T01:03:22Z C:\Users\Cody\Desktop\tau_crystal\tau_crystal\mobile\android\comcapsule\app\build\intermediates\packaged_res\debug\packageDebugResources\values\values.xml
2025-09-26T01:03:23Z C:\Users\Cody\Desktop\tau_crystal\tau_crystal\mobile\android\comcapsule\.gradle\8.13\checksums\sha1-checksums.bin
2025-09-26T01:03:23Z C:\Users\Cody\Desktop\tau_crystal\tau_crystal\mobile\android\comcapsule\app\build\intermediates\annotation_processor_list\debug\javaPreCompileDebug\annotationProcessors.json
2025-09-26T01:03:23Z C:\Users\Cody\Desktop\tau_crystal\tau_crystal\mobile\android\comcapsule\app\build\intermediates\incremental\mergeDebugAssets\merger.xml
2025-09-26T01:03:23Z C:\Users\Cody\Desktop\tau_crystal\tau_crystal\mobile\android\comcapsule\app\build\intermediates\incremental\mergeDebugShaders\merger.xml
2025-09-26T01:03:23Z C:\Users\Cody\Desktop\tau_crystal\tau_crystal\mobile\android\comcapsule\app\build\intermediates\local_only_symbol_list\debug\parseDebugLocalResources\R-def.txt
2025-09-26T01:03:33Z C:\Users\Cody\Desktop\tau_crystal\tau_crystal\mobile\android\comcapsule\app\build\intermediates\incremental\mergeDebugJniLibFolders\merger.xml
2025-09-26T01:03:34Z C:\Users\Cody\Desktop\tau_crystal\tau_crystal\mobile\android\comcapsule\app\build\intermediates\app_metadata\debug\writeDebugAppMetadata\app-metadata.properties
2025-09-26T01:03:34Z C:\Users\Cody\Desktop\tau_crystal\tau_crystal\mobile\android\comcapsule\app\build\intermediates\signing_config_versions\debug\writeDebugSigningConfigVersions\signing-config-versions.json
2025-09-26T01:03:35Z C:\Users\Cody\Desktop\tau_crystal\tau_crystal\mobile\android\comcapsule\app\build\intermediates\dex\debug\mergeExtDexDebug\classes.dex
2025-09-26T01:03:39Z C:\Users\Cody\Desktop\tau_crystal\tau_crystal\mobile\android\comcapsule\app\build\intermediates\dex_number_of_buckets_file\debug\dexBuilderDebug\out
2025-09-26T01:03:39Z C:\Users\Cody\Desktop\tau_crystal\tau_crystal\mobile\android\comcapsule\app\build\intermediates\java_res\debug\processDebugJavaRes\out\META-INF\app_debug.kotlin_module
2025-09-26T01:03:39Z C:\Users\Cody\Desktop\tau_crystal\tau_crystal\mobile\android\comcapsule\app\build\intermediates\project_dex_archive\debug\dexBuilderDebug\out\468f875d1f33c7758c1244740336311a6d760292edb0603ee510c7ef19e4dacf_0.jar
2025-09-26T01:03:39Z C:\Users\Cody\Desktop\tau_crystal\tau_crystal\mobile\android\comcapsule\app\build\intermediates\project_dex_archive\debug\dexBuilderDebug\out\468f875d1f33c7758c1244740336311a6d760292edb0603ee510c7ef19e4dacf_1.jar
2025-09-26T01:03:39Z C:\Users\Cody\Desktop\tau_crystal\tau_crystal\mobile\android\comcapsule\app\build\intermediates\project_dex_archive\debug\dexBuilderDebug\out\468f875d1f33c7758c1244740336311a6d760292edb0603ee510c7ef19e4dacf_2.jar
2025-09-26T01:03:39Z C:\Users\Cody\Desktop\tau_crystal\tau_crystal\mobile\android\comcapsule\app\build\intermediates\project_dex_archive\debug\dexBuilderDebug\out\468f875d1f33c7758c1244740336311a6d760292edb0603ee510c7ef19e4dacf_3.jar
2025-09-26T01:03:39Z C:\Users\Cody\Desktop\tau_crystal\tau_crystal\mobile\android\comcapsule\app\build\kotlin\compileDebugKotlin\cacheable\caches-jvm\inputs\source-to-output.tab.keystream
2025-09-26T01:03:39Z C:\Users\Cody\Desktop\tau_crystal\tau_crystal\mobile\android\comcapsule\app\build\kotlin\compileDebugKotlin\cacheable\caches-jvm\inputs\source-to-output.tab_i
2025-09-26T01:03:39Z C:\Users\Cody\Desktop\tau_crystal\tau_crystal\mobile\android\comcapsule\app\build\kotlin\compileDebugKotlin\cacheable\caches-jvm\jvm\kotlin\class-attributes.tab.keystream
2025-09-26T01:03:39Z C:\Users\Cody\Desktop\tau_crystal\tau_crystal\mobile\android\comcapsule\app\build\kotlin\compileDebugKotlin\cacheable\caches-jvm\jvm\kotlin\class-attributes.tab_i
2025-09-26T01:03:39Z C:\Users\Cody\Desktop\tau_crystal\tau_crystal\mobile\android\comcapsule\app\build\kotlin\compileDebugKotlin\cacheable\caches-jvm\jvm\kotlin\class-fq-name-to-source.tab.keystream
2025-09-26T01:03:39Z C:\Users\Cody\Desktop\tau_crystal\tau_crystal\mobile\android\comcapsule\app\build\kotlin\compileDebugKotlin\cacheable\caches-jvm\jvm\kotlin\class-fq-name-to-source.tab_i
2025-09-26T01:03:39Z C:\Users\Cody\Desktop\tau_crystal\tau_crystal\mobile\android\comcapsule\app\build\kotlin\compileDebugKotlin\cacheable\caches-jvm\jvm\kotlin\proto.tab.keystream
2025-09-26T01:03:39Z C:\Users\Cody\Desktop\tau_crystal\tau_crystal\mobile\android\comcapsule\app\build\kotlin\compileDebugKotlin\cacheable\caches-jvm\jvm\kotlin\proto.tab_i
2025-09-26T01:03:39Z C:\Users\Cody\Desktop\tau_crystal\tau_crystal\mobile\android\comcapsule\app\build\kotlin\compileDebugKotlin\cacheable\caches-jvm\jvm\kotlin\source-to-classes.tab.keystream
2025-09-26T01:03:39Z C:\Users\Cody\Desktop\tau_crystal\tau_crystal\mobile\android\comcapsule\app\build\kotlin\compileDebugKotlin\cacheable\caches-jvm\jvm\kotlin\source-to-classes.tab_i
2025-09-26T01:03:39Z C:\Users\Cody\Desktop\tau_crystal\tau_crystal\mobile\android\comcapsule\app\build\kotlin\compileDebugKotlin\cacheable\caches-jvm\jvm\kotlin\subtypes.tab.keystream
2025-09-26T01:03:39Z C:\Users\Cody\Desktop\tau_crystal\tau_crystal\mobile\android\comcapsule\app\build\kotlin\compileDebugKotlin\cacheable\caches-jvm\jvm\kotlin\subtypes.tab_i
2025-09-26T01:03:39Z C:\Users\Cody\Desktop\tau_crystal\tau_crystal\mobile\android\comcapsule\app\build\kotlin\compileDebugKotlin\cacheable\caches-jvm\jvm\kotlin\supertypes.tab.keystream
2025-09-26T01:03:39Z C:\Users\Cody\Desktop\tau_crystal\tau_crystal\mobile\android\comcapsule\app\build\kotlin\compileDebugKotlin\cacheable\caches-jvm\jvm\kotlin\supertypes.tab_i
2025-09-26T01:03:39Z C:\Users\Cody\Desktop\tau_crystal\tau_crystal\mobile\android\comcapsule\app\build\kotlin\compileDebugKotlin\cacheable\caches-jvm\lookups\file-to-id.tab.keystream
2025-09-26T01:03:39Z C:\Users\Cody\Desktop\tau_crystal\tau_crystal\mobile\android\comcapsule\app\build\kotlin\compileDebugKotlin\cacheable\caches-jvm\lookups\file-to-id.tab_i
2025-09-26T01:03:40Z C:\Users\Cody\Desktop\tau_crystal\tau_crystal\mobile\android\comcapsule\app\build\intermediates\dex\debug\mergeProjectDexDebug\0\classes.dex
2025-09-26T01:03:40Z C:\Users\Cody\Desktop\tau_crystal\tau_crystal\mobile\android\comcapsule\app\build\intermediates\incremental\debug-mergeJavaRes\merge-state
2025-09-26T01:03:40Z C:\Users\Cody\Desktop\tau_crystal\tau_crystal\mobile\android\comcapsule\app\build\intermediates\incremental\debug-mergeJavaRes\zip-cache\03FVUP3LSfTFg4hl1CWSQa0gI2s=
2025-09-26T01:03:40Z C:\Users\Cody\Desktop\tau_crystal\tau_crystal\mobile\android\comcapsule\app\build\intermediates\incremental\debug-mergeJavaRes\zip-cache\15deRLQXlYthntogUsKsL2tjwzc=
2025-09-26T01:03:40Z C:\Users\Cody\Desktop\tau_crystal\tau_crystal\mobile\android\comcapsule\app\build\intermediates\incremental\debug-mergeJavaRes\zip-cache\3w+N5ldmMwkTllDHEuKa1ufEnts=
2025-09-26T01:03:40Z C:\Users\Cody\Desktop\tau_crystal\tau_crystal\mobile\android\comcapsule\app\build\intermediates\incremental\debug-mergeJavaRes\zip-cache\3ZLWWlPP_5HtIX8Hrh456gYHFxg=
2025-09-26T01:03:40Z C:\Users\Cody\Desktop\tau_crystal\tau_crystal\mobile\android\comcapsule\app\build\intermediates\incremental\debug-mergeJavaRes\zip-cache\89aj5cegNCsWjxa5okxini2i_xc=
2025-09-26T01:03:40Z C:\Users\Cody\Desktop\tau_crystal\tau_crystal\mobile\android\comcapsule\app\build\intermediates\incremental\debug-mergeJavaRes\zip-cache\a+xD5azZimxjo_OO0RoPhkZZs7Y=
2025-09-26T01:03:40Z C:\Users\Cody\Desktop\tau_crystal\tau_crystal\mobile\android\comcapsule\app\build\intermediates\incremental\debug-mergeJavaRes\zip-cache\A6oQc7ZuCVn_kFB4NNHuoWsQa1U=
2025-09-26T01:03:40Z C:\Users\Cody\Desktop\tau_crystal\tau_crystal\mobile\android\comcapsule\app\build\intermediates\incremental\debug-mergeJavaRes\zip-cache\Ap2GsDf+dfAgrrSzNnbnbY0pEZU=
2025-09-26T01:03:40Z C:\Users\Cody\Desktop\tau_crystal\tau_crystal\mobile\android\comcapsule\app\build\intermediates\incremental\debug-mergeJavaRes\zip-cache\BiN5jy0Sqzg1jaxfiq+Fh5Prljw=
2025-09-26T01:03:40Z C:\Users\Cody\Desktop\tau_crystal\tau_crystal\mobile\android\comcapsule\app\build\intermediates\incremental\debug-mergeJavaRes\zip-cache\cf9ocex3vrSR0R9OwWxt5iQCOZk=
2025-09-26T01:03:40Z C:\Users\Cody\Desktop\tau_crystal\tau_crystal\mobile\android\comcapsule\app\build\intermediates\incremental\debug-mergeJavaRes\zip-cache\CwAJCozGZkja0VcmMztJz7iheeo=
2025-09-26T01:03:40Z C:\Users\Cody\Desktop\tau_crystal\tau_crystal\mobile\android\comcapsule\app\build\intermediates\incremental\debug-mergeJavaRes\zip-cache\DujsETKMz2bYDfNjVVz8bqH5qRs=
2025-09-26T01:03:40Z C:\Users\Cody\Desktop\tau_crystal\tau_crystal\mobile\android\comcapsule\app\build\intermediates\incremental\debug-mergeJavaRes\zip-cache\edbBvcTCni6fPhVjYbvcs0o3tIM=
2025-09-26T01:03:40Z C:\Users\Cody\Desktop\tau_crystal\tau_crystal\mobile\android\comcapsule\app\build\intermediates\incremental\debug-mergeJavaRes\zip-cache\F41zFEWCMjA_c9ECYVz601m7tVU=
2025-09-26T01:03:40Z C:\Users\Cody\Desktop\tau_crystal\tau_crystal\mobile\android\comcapsule\app\build\intermediates\incremental\debug-mergeJavaRes\zip-cache\FFDSZR59U+aHIoGyzXglkuk9PAk=
2025-09-26T01:03:40Z C:\Users\Cody\Desktop\tau_crystal\tau_crystal\mobile\android\comcapsule\app\build\intermediates\incremental\debug-mergeJavaRes\zip-cache\FIv061dTX+VjgZ_VB5uWQiLJJnM=
2025-09-26T01:03:40Z C:\Users\Cody\Desktop\tau_crystal\tau_crystal\mobile\android\comcapsule\app\build\intermediates\incremental\debug-mergeJavaRes\zip-cache\FRxVc8AzsaUnsN_b5H1HRf0Bnn8=
2025-09-26T01:03:40Z C:\Users\Cody\Desktop\tau_crystal\tau_crystal\mobile\android\comcapsule\app\build\intermediates\incremental\debug-mergeJavaRes\zip-cache\G6E4OvZVuuuE58nBhHJQgYvlieI=
2025-09-26T01:03:40Z C:\Users\Cody\Desktop\tau_crystal\tau_crystal\mobile\android\comcapsule\app\build\intermediates\incremental\debug-mergeJavaRes\zip-cache\H1Uu6rMxXxEZRzGUl+WOluaz2cg=
2025-09-26T01:03:40Z C:\Users\Cody\Desktop\tau_crystal\tau_crystal\mobile\android\comcapsule\app\build\intermediates\incremental\debug-mergeJavaRes\zip-cache\hpvIesI55e7f_wWPut0_XOMn5hc=
2025-09-26T01:03:40Z C:\Users\Cody\Desktop\tau_crystal\tau_crystal\mobile\android\comcapsule\app\build\intermediates\incremental\debug-mergeJavaRes\zip-cache\J9W+1KL7g_faSN4cVI3ChdBdu5M=
2025-09-26T01:03:40Z C:\Users\Cody\Desktop\tau_crystal\tau_crystal\mobile\android\comcapsule\app\build\intermediates\incremental\debug-mergeJavaRes\zip-cache\K9B9oM8to+uY0KFDjhrTQI1a2kM=
2025-09-26T01:03:40Z C:\Users\Cody\Desktop\tau_crystal\tau_crystal\mobile\android\comcapsule\app\build\intermediates\incremental\debug-mergeJavaRes\zip-cache\LDZASBHxIONLRjTAVAWAfkNk96s=
2025-09-26T01:03:40Z C:\Users\Cody\Desktop\tau_crystal\tau_crystal\mobile\android\comcapsule\app\build\intermediates\incremental\debug-mergeJavaRes\zip-cache\m7sXAK2LFJ+6f4f1emcGzyce8eg=
2025-09-26T01:03:40Z C:\Users\Cody\Desktop\tau_crystal\tau_crystal\mobile\android\comcapsule\app\build\intermediates\incremental\debug-mergeJavaRes\zip-cache\mUHFkiqeSY494WlbHjrueV3xIoU=
2025-09-26T01:03:40Z C:\Users\Cody\Desktop\tau_crystal\tau_crystal\mobile\android\comcapsule\app\build\intermediates\incremental\debug-mergeJavaRes\zip-cache\mXdL3DhajzFJmuA1pz+_adLwfFs=
2025-09-26T01:03:40Z C:\Users\Cody\Desktop\tau_crystal\tau_crystal\mobile\android\comcapsule\app\build\intermediates\incremental\debug-mergeJavaRes\zip-cache\ntEp7eposyalamppbALBITfu08o=
2025-09-26T01:03:40Z C:\Users\Cody\Desktop\tau_crystal\tau_crystal\mobile\android\comcapsule\app\build\intermediates\incremental\debug-mergeJavaRes\zip-cache\NWsqPKS87oj9_446OKzhn4Z8z5U=
2025-09-26T01:03:40Z C:\Users\Cody\Desktop\tau_crystal\tau_crystal\mobile\android\comcapsule\app\build\intermediates\incremental\debug-mergeJavaRes\zip-cache\OfCL0V1fkF67SRKRWuDjAaQaIsU=
2025-09-26T01:03:40Z C:\Users\Cody\Desktop\tau_crystal\tau_crystal\mobile\android\comcapsule\app\build\intermediates\incremental\debug-mergeJavaRes\zip-cache\RIisBpkyOU69B9ChzsLTXHuS2LA=
2025-09-26T01:03:40Z C:\Users\Cody\Desktop\tau_crystal\tau_crystal\mobile\android\comcapsule\app\build\intermediates\incremental\debug-mergeJavaRes\zip-cache\tHNfYq5Rq9642cX+nHbkAWqI_UE=
2025-09-26T01:03:40Z C:\Users\Cody\Desktop\tau_crystal\tau_crystal\mobile\android\comcapsule\app\build\intermediates\incremental\debug-mergeJavaRes\zip-cache\tLwldLDTzIkbOVA4eZUbWyV1zuc=
2025-09-26T01:03:40Z C:\Users\Cody\Desktop\tau_crystal\tau_crystal\mobile\android\comcapsule\app\build\intermediates\incremental\debug-mergeJavaRes\zip-cache\tvlwYGSycc0E6EZyaNAWPQxgTb8=
2025-09-26T01:03:40Z C:\Users\Cody\Desktop\tau_crystal\tau_crystal\mobile\android\comcapsule\app\build\intermediates\incremental\debug-mergeJavaRes\zip-cache\ubE0wajgjZSnXhGI4Lf24MCf8TY=
2025-09-26T01:03:40Z C:\Users\Cody\Desktop\tau_crystal\tau_crystal\mobile\android\comcapsule\app\build\intermediates\incremental\debug-mergeJavaRes\zip-cache\uKiBV60KR+VroT_MZZvgukAX0d0=
2025-09-26T01:03:40Z C:\Users\Cody\Desktop\tau_crystal\tau_crystal\mobile\android\comcapsule\app\build\intermediates\incremental\debug-mergeJavaRes\zip-cache\v3zIXJeTogEzl3A1tit_6fKDxYw=
2025-09-26T01:03:40Z C:\Users\Cody\Desktop\tau_crystal\tau_crystal\mobile\android\comcapsule\app\build\intermediates\incremental\debug-mergeJavaRes\zip-cache\VkeFhsDaay5HmdF1RBJO+++Pfbo=
2025-09-26T01:03:40Z C:\Users\Cody\Desktop\tau_crystal\tau_crystal\mobile\android\comcapsule\app\build\intermediates\incremental\debug-mergeJavaRes\zip-cache\xM3Kd+G8HSunj57pvuDKEb4dZbY=
2025-09-26T01:03:40Z C:\Users\Cody\Desktop\tau_crystal\tau_crystal\mobile\android\comcapsule\app\build\intermediates\incremental\debug-mergeJavaRes\zip-cache\XSWK7wfHWqEXlM_qPX0bAIqsHXY=
2025-09-26T01:03:40Z C:\Users\Cody\Desktop\tau_crystal\tau_crystal\mobile\android\comcapsule\app\build\intermediates\incremental\debug-mergeJavaRes\zip-cache\Xxyyrf7DIkysG+xG30LvJIUSjwc=
2025-09-26T01:03:40Z C:\Users\Cody\Desktop\tau_crystal\tau_crystal\mobile\android\comcapsule\app\build\intermediates\incremental\debug-mergeJavaRes\zip-cache\YwoCR1FH8cj29qomg8kfx9fsg68=
2025-09-26T01:03:40Z C:\Users\Cody\Desktop\tau_crystal\tau_crystal\mobile\android\comcapsule\app\build\intermediates\incremental\debug-mergeJavaRes\zip-cache\ZTUnmdJSNY7H+CVDtPzVPFiqv8Q=
2025-09-26T01:03:40Z C:\Users\Cody\Desktop\tau_crystal\tau_crystal\mobile\android\comcapsule\app\build\intermediates\incremental\debug-mergeJavaRes\zip-cache\zy6UW_K5lBifNrAuDdax+1z5Weo=
2025-09-26T01:03:40Z C:\Users\Cody\Desktop\tau_crystal\tau_crystal\mobile\android\comcapsule\app\build\intermediates\merged_java_res\debug\mergeDebugJavaResource\base.jar
2025-09-26T01:04:37Z C:\Users\Cody\Desktop\tau_crystal\tau_crystal\mobile\android\comcapsule\app\build.gradle.kts
2025-09-26T01:04:49Z C:\Users\Cody\Desktop\tau_crystal\tau_crystal\mobile\android\comcapsule\app\build\intermediates\compatible_screen_manifest\debug\createDebugCompatibleScreenManifests\output-metadata.json
2025-09-26T01:04:52Z C:\Users\Cody\Desktop\tau_crystal\tau_crystal\mobile\android\comcapsule\app\build\intermediates\apk_ide_redirect_file\debug\createDebugApkListingFileRedirect\redirect.txt
2025-09-26T01:04:52Z C:\Users\Cody\Desktop\tau_crystal\tau_crystal\mobile\android\comcapsule\app\build\intermediates\incremental\packageDebug\tmp\debug\zip-cache\javaResources0
2025-09-26T01:05:05Z C:\Users\Cody\Desktop\tau_crystal\tau_crystal\.git\objects\41\f962782b91648fceb2fe62d4ec769fc78817d5
2025-09-26T01:05:05Z C:\Users\Cody\Desktop\tau_crystal\tau_crystal\.git\objects\59\3a2747ece1dc3ebae3de6ae75e1e8403724288
2025-09-26T01:05:05Z C:\Users\Cody\Desktop\tau_crystal\tau_crystal\.git\objects\f7\2e1ad56966375e1ecd6eb29d43a24cf5b9f9c2
2025-09-26T01:05:06Z C:\Users\Cody\Desktop\tau_crystal\tau_crystal\.git\objects\0a\243675ec04b207a91d883ffa0e614bc177fdb6
2025-09-26T01:05:06Z C:\Users\Cody\Desktop\tau_crystal\tau_crystal\.git\objects\13\8fe0768a2232f27ec7cd9e881a19f5a9418f92
2025-09-26T01:05:06Z C:\Users\Cody\Desktop\tau_crystal\tau_crystal\.git\objects\1c\9848888124a9c8614370113fea293c47758e64
2025-09-26T01:05:06Z C:\Users\Cody\Desktop\tau_crystal\tau_crystal\.git\objects\26\5d066d5d675a9e19fb20c742d50709dd8f2169
2025-09-26T01:05:06Z C:\Users\Cody\Desktop\tau_crystal\tau_crystal\.git\objects\54\57514dbb994448b1d4c296efb1dc5b37945c5a
2025-09-26T01:05:06Z C:\Users\Cody\Desktop\tau_crystal\tau_crystal\.git\objects\56\4e5dff59876d7d395fdbc83418f7017546b618
2025-09-26T01:05:06Z C:\Users\Cody\Desktop\tau_crystal\tau_crystal\.git\objects\78\02c18c4f91407e6a5cbb3fd716c8a0dfc3a3c1
2025-09-26T01:05:06Z C:\Users\Cody\Desktop\tau_crystal\tau_crystal\.git\objects\7f\b99a04fb789645fc5953a99e5062700a6ae308
2025-09-26T01:05:06Z C:\Users\Cody\Desktop\tau_crystal\tau_crystal\.git\objects\90\998293adb11b6f12692ca925c667baacd0c557
2025-09-26T01:05:06Z C:\Users\Cody\Desktop\tau_crystal\tau_crystal\.git\objects\98\751226f123f81cef1b68243d1c57e6cc902ef8
2025-09-26T01:05:06Z C:\Users\Cody\Desktop\tau_crystal\tau_crystal\.git\objects\bb\66999de19577e3c5f4e62a1f318ac0ca383a25
2025-09-26T01:05:06Z C:\Users\Cody\Desktop\tau_crystal\tau_crystal\.git\objects\be\0eedc92a250019c95dbd0e8f640666e812ee89
2025-09-26T01:05:06Z C:\Users\Cody\Desktop\tau_crystal\tau_crystal\.git\objects\fa\f16f0022127c9707adc05eea6f331a4b5b335d
2025-09-26T01:05:29Z C:\Users\Cody\Desktop\tau_crystal\tau_crystal\scripts\android\build_and_install.sh
2025-09-26T01:07:50Z C:\Users\Cody\Desktop\tau_crystal\tau_crystal\mobile\android\comcapsule\app\src\main\AndroidManifest.xml
2025-09-26T01:08:09Z C:\Users\Cody\Desktop\tau_crystal\tau_crystal\mobile\android\comcapsule\app\build\intermediates\manifest_merge_blame_file\debug\processDebugMainManifest\manifest-merger-blame-debug-report.txt
2025-09-26T01:08:09Z C:\Users\Cody\Desktop\tau_crystal\tau_crystal\mobile\android\comcapsule\app\build\intermediates\merged_manifest\debug\processDebugMainManifest\AndroidManifest.xml
2025-09-26T01:08:09Z C:\Users\Cody\Desktop\tau_crystal\tau_crystal\mobile\android\comcapsule\app\build\outputs\logs\manifest-merger-debug-report.txt
2025-09-26T01:08:11Z C:\Users\Cody\Desktop\tau_crystal\tau_crystal\mobile\android\comcapsule\app\build\intermediates\merged_manifests\debug\processDebugManifest\AndroidManifest.xml
2025-09-26T01:08:11Z C:\Users\Cody\Desktop\tau_crystal\tau_crystal\mobile\android\comcapsule\app\build\intermediates\merged_manifests\debug\processDebugManifest\output-metadata.json
2025-09-26T01:08:11Z C:\Users\Cody\Desktop\tau_crystal\tau_crystal\mobile\android\comcapsule\app\build\intermediates\packaged_manifests\debug\processDebugManifestForPackage\AndroidManifest.xml
2025-09-26T01:08:11Z C:\Users\Cody\Desktop\tau_crystal\tau_crystal\mobile\android\comcapsule\app\build\intermediates\packaged_manifests\debug\processDebugManifestForPackage\output-metadata.json
2025-09-26T01:08:12Z C:\Users\Cody\Desktop\tau_crystal\tau_crystal\mobile\android\comcapsule\app\build\intermediates\compile_and_runtime_not_namespaced_r_class_jar\debug\processDebugResources\R.jar
2025-09-26T01:08:12Z C:\Users\Cody\Desktop\tau_crystal\tau_crystal\mobile\android\comcapsule\app\build\intermediates\linked_resources_binary_format\debug\processDebugResources\linked-resources-binary-format-debug.ap_
2025-09-26T01:08:12Z C:\Users\Cody\Desktop\tau_crystal\tau_crystal\mobile\android\comcapsule\app\build\intermediates\linked_resources_binary_format\debug\processDebugResources\output-metadata.json
2025-09-26T01:08:12Z C:\Users\Cody\Desktop\tau_crystal\tau_crystal\mobile\android\comcapsule\app\build\intermediates\runtime_symbol_list\debug\processDebugResources\R.txt
2025-09-26T01:08:12Z C:\Users\Cody\Desktop\tau_crystal\tau_crystal\mobile\android\comcapsule\app\build\intermediates\stable_resource_ids_file\debug\processDebugResources\stableIds.txt
2025-09-26T01:08:12Z C:\Users\Cody\Desktop\tau_crystal\tau_crystal\mobile\android\comcapsule\app\build\intermediates\symbol_list_with_package_name\debug\processDebugResources\package-aware-r.txt
2025-09-26T01:08:15Z C:\Users\Cody\Desktop\tau_crystal\tau_crystal\mobile\android\comcapsule\app\build\intermediates\incremental\packageDebug\tmp\debug\zip-cache\androidResources
2025-09-26T01:08:15Z C:\Users\Cody\Desktop\tau_crystal\tau_crystal\mobile\android\comcapsule\app\build\kotlin\compileDebugKotlin\cacheable\caches-jvm\jvm\kotlin\internal-name-to-source.tab.keystream
2025-09-26T01:08:15Z C:\Users\Cody\Desktop\tau_crystal\tau_crystal\mobile\android\comcapsule\app\build\kotlin\compileDebugKotlin\cacheable\caches-jvm\jvm\kotlin\internal-name-to-source.tab_i
2025-09-26T01:08:34Z C:\Users\Cody\Desktop\tau_crystal\tau_crystal\.git\HEAD
2025-09-26T01:08:34Z C:\Users\Cody\Desktop\tau_crystal\tau_crystal\.git\objects\92\dc64c3c795330e501fbc2f6d17dc283ff2afab
2025-09-26T01:08:34Z C:\Users\Cody\Desktop\tau_crystal\tau_crystal\.git\objects\c1\29dbcde7d5459b4237c2dda996ba8f93dbc099
2025-09-26T01:08:34Z C:\Users\Cody\Desktop\tau_crystal\tau_crystal\.git\objects\ff\5be16c7f853dbbe0b2d6fe1fcc0cec334c2987
2025-09-26T01:08:35Z C:\Users\Cody\Desktop\tau_crystal\tau_crystal\.git\objects\15\0a952d1f8306f8ec381940a5d3e76518c62925
2025-09-26T01:08:35Z C:\Users\Cody\Desktop\tau_crystal\tau_crystal\.git\objects\19\98b9c0e187e8d8ef1a801af05c4cefceff716b
2025-09-26T01:08:35Z C:\Users\Cody\Desktop\tau_crystal\tau_crystal\.git\objects\22\32cf9e13c6c5356692bc806a3cd6aa90a2654a
2025-09-26T01:08:35Z C:\Users\Cody\Desktop\tau_crystal\tau_crystal\.git\objects\36\a5c0f62d1542a26261d8d3020ee8ca41c16c91
2025-09-26T01:08:35Z C:\Users\Cody\Desktop\tau_crystal\tau_crystal\.git\objects\46\4d5114c9b1ce5041cc0529f1fc8cffcdfc6eb4
2025-09-26T01:08:35Z C:\Users\Cody\Desktop\tau_crystal\tau_crystal\.git\objects\8e\c2b2d7b56c9947a9b4880a93a2d5136989f2fd
2025-09-26T01:08:35Z C:\Users\Cody\Desktop\tau_crystal\tau_crystal\.git\objects\95\15ea1cbf2568771f1bc28f4183097684129280
2025-09-26T01:08:35Z C:\Users\Cody\Desktop\tau_crystal\tau_crystal\.git\objects\96\28aed75f32845ef11923966474d7c36f13d1bf
2025-09-26T01:08:35Z C:\Users\Cody\Desktop\tau_crystal\tau_crystal\.git\objects\b3\c9ef0f8fee67b6a19f408fd5e6f0afc01faa78
2025-09-26T01:08:35Z C:\Users\Cody\Desktop\tau_crystal\tau_crystal\.git\objects\e1\9948ae5ca28560f9a46afc3a0372c39645449a
2025-09-26T01:08:35Z C:\Users\Cody\Desktop\tau_crystal\tau_crystal\.git\objects\e3\4c2d121f57b155a720264032f6e7dffcb9acaa
2025-09-26T01:08:35Z C:\Users\Cody\Desktop\tau_crystal\tau_crystal\.git\objects\ed\9c64e98926021f3348786d2d777d08ff283063
2025-09-26T01:08:35Z C:\Users\Cody\Desktop\tau_crystal\tau_crystal\.git\objects\f5\bdc8ad38336486c9f2b919244deb7191d7cc1f
2025-09-26T01:08:36Z C:\Users\Cody\Desktop\tau_crystal\tau_crystal\.git\FETCH_HEAD
2025-09-26T01:08:38Z C:\Users\Cody\Desktop\tau_crystal\tau_crystal\.git\config
2025-09-26T01:15:00Z C:\Users\Cody\Desktop\tau_crystal\tau_crystal\mobile\android\comcapsule\app\src\main\java\com\capsule\MainActivity.kt
2025-09-26T01:15:10Z C:\Users\Cody\Desktop\tau_crystal\tau_crystal\mobile\android\comcapsule\.gradle\8.13\fileHashes\resourceHashesCache.bin
2025-09-26T01:15:11Z C:\Users\Cody\Desktop\tau_crystal\tau_crystal\mobile\android\comcapsule\app\build\intermediates\desugar_graph\debug\dexBuilderDebug\out\currentProject\dirs_bucket_0\graph.bin
2025-09-26T01:15:11Z C:\Users\Cody\Desktop\tau_crystal\tau_crystal\mobile\android\comcapsule\app\build\intermediates\desugar_graph\debug\dexBuilderDebug\out\currentProject\dirs_bucket_1\graph.bin
2025-09-26T01:15:11Z C:\Users\Cody\Desktop\tau_crystal\tau_crystal\mobile\android\comcapsule\app\build\intermediates\desugar_graph\debug\dexBuilderDebug\out\currentProject\dirs_bucket_2\graph.bin
2025-09-26T01:15:11Z C:\Users\Cody\Desktop\tau_crystal\tau_crystal\mobile\android\comcapsule\app\build\intermediates\desugar_graph\debug\dexBuilderDebug\out\currentProject\dirs_bucket_3\graph.bin
2025-09-26T01:15:11Z C:\Users\Cody\Desktop\tau_crystal\tau_crystal\mobile\android\comcapsule\app\build\intermediates\desugar_graph\debug\dexBuilderDebug\out\currentProject\jar_37c9dff79c35be92900d8d18ab3ac3b818c123135fde3c3a91ed737e7282cb5d_bucket_0\graph.bin
2025-09-26T01:15:11Z C:\Users\Cody\Desktop\tau_crystal\tau_crystal\mobile\android\comcapsule\app\build\intermediates\desugar_graph\debug\dexBuilderDebug\out\currentProject\jar_37c9dff79c35be92900d8d18ab3ac3b818c123135fde3c3a91ed737e7282cb5d_bucket_1\graph.bin
2025-09-26T01:15:11Z C:\Users\Cody\Desktop\tau_crystal\tau_crystal\mobile\android\comcapsule\app\build\intermediates\desugar_graph\debug\dexBuilderDebug\out\currentProject\jar_37c9dff79c35be92900d8d18ab3ac3b818c123135fde3c3a91ed737e7282cb5d_bucket_2\graph.bin
2025-09-26T01:15:11Z C:\Users\Cody\Desktop\tau_crystal\tau_crystal\mobile\android\comcapsule\app\build\intermediates\desugar_graph\debug\dexBuilderDebug\out\currentProject\jar_37c9dff79c35be92900d8d18ab3ac3b818c123135fde3c3a91ed737e7282cb5d_bucket_3\graph.bin
2025-09-26T01:15:11Z C:\Users\Cody\Desktop\tau_crystal\tau_crystal\mobile\android\comcapsule\app\build\intermediates\dex_archive_input_jar_hashes\debug\dexBuilderDebug\out
2025-09-26T01:15:11Z C:\Users\Cody\Desktop\tau_crystal\tau_crystal\mobile\android\comcapsule\app\build\intermediates\project_dex_archive\debug\dexBuilderDebug\out\com\capsule\MainActivity$captureOnce$hash$1.dex
2025-09-26T01:15:11Z C:\Users\Cody\Desktop\tau_crystal\tau_crystal\mobile\android\comcapsule\app\build\intermediates\project_dex_archive\debug\dexBuilderDebug\out\com\capsule\MainActivity.dex
2025-09-26T01:15:11Z C:\Users\Cody\Desktop\tau_crystal\tau_crystal\mobile\android\comcapsule\app\build\kotlin\compileDebugKotlin\cacheable\caches-jvm\inputs\source-to-output.tab
2025-09-26T01:15:11Z C:\Users\Cody\Desktop\tau_crystal\tau_crystal\mobile\android\comcapsule\app\build\kotlin\compileDebugKotlin\cacheable\caches-jvm\inputs\source-to-output.tab.keystream.len
2025-09-26T01:15:11Z C:\Users\Cody\Desktop\tau_crystal\tau_crystal\mobile\android\comcapsule\app\build\kotlin\compileDebugKotlin\cacheable\caches-jvm\inputs\source-to-output.tab.len
2025-09-26T01:15:11Z C:\Users\Cody\Desktop\tau_crystal\tau_crystal\mobile\android\comcapsule\app\build\kotlin\compileDebugKotlin\cacheable\caches-jvm\inputs\source-to-output.tab.values.at
2025-09-26T01:15:11Z C:\Users\Cody\Desktop\tau_crystal\tau_crystal\mobile\android\comcapsule\app\build\kotlin\compileDebugKotlin\cacheable\caches-jvm\inputs\source-to-output.tab_i.len
2025-09-26T01:15:11Z C:\Users\Cody\Desktop\tau_crystal\tau_crystal\mobile\android\comcapsule\app\build\kotlin\compileDebugKotlin\cacheable\caches-jvm\jvm\kotlin\class-attributes.tab
2025-09-26T01:15:11Z C:\Users\Cody\Desktop\tau_crystal\tau_crystal\mobile\android\comcapsule\app\build\kotlin\compileDebugKotlin\cacheable\caches-jvm\jvm\kotlin\class-attributes.tab.keystream.len
2025-09-26T01:15:11Z C:\Users\Cody\Desktop\tau_crystal\tau_crystal\mobile\android\comcapsule\app\build\kotlin\compileDebugKotlin\cacheable\caches-jvm\jvm\kotlin\class-attributes.tab.len
2025-09-26T01:15:11Z C:\Users\Cody\Desktop\tau_crystal\tau_crystal\mobile\android\comcapsule\app\build\kotlin\compileDebugKotlin\cacheable\caches-jvm\jvm\kotlin\class-attributes.tab.values.at
2025-09-26T01:15:11Z C:\Users\Cody\Desktop\tau_crystal\tau_crystal\mobile\android\comcapsule\app\build\kotlin\compileDebugKotlin\cacheable\caches-jvm\jvm\kotlin\class-attributes.tab_i.len
2025-09-26T01:15:11Z C:\Users\Cody\Desktop\tau_crystal\tau_crystal\mobile\android\comcapsule\app\build\kotlin\compileDebugKotlin\cacheable\caches-jvm\jvm\kotlin\class-fq-name-to-source.tab
2025-09-26T01:15:11Z C:\Users\Cody\Desktop\tau_crystal\tau_crystal\mobile\android\comcapsule\app\build\kotlin\compileDebugKotlin\cacheable\caches-jvm\jvm\kotlin\class-fq-name-to-source.tab.keystream.len
2025-09-26T01:15:11Z C:\Users\Cody\Desktop\tau_crystal\tau_crystal\mobile\android\comcapsule\app\build\kotlin\compileDebugKotlin\cacheable\caches-jvm\jvm\kotlin\class-fq-name-to-source.tab.len
2025-09-26T01:15:11Z C:\Users\Cody\Desktop\tau_crystal\tau_crystal\mobile\android\comcapsule\app\build\kotlin\compileDebugKotlin\cacheable\caches-jvm\jvm\kotlin\class-fq-name-to-source.tab.values.at
2025-09-26T01:15:11Z C:\Users\Cody\Desktop\tau_crystal\tau_crystal\mobile\android\comcapsule\app\build\kotlin\compileDebugKotlin\cacheable\caches-jvm\jvm\kotlin\class-fq-name-to-source.tab_i.len
2025-09-26T01:15:11Z C:\Users\Cody\Desktop\tau_crystal\tau_crystal\mobile\android\comcapsule\app\build\kotlin\compileDebugKotlin\cacheable\caches-jvm\jvm\kotlin\internal-name-to-source.tab
2025-09-26T01:15:11Z C:\Users\Cody\Desktop\tau_crystal\tau_crystal\mobile\android\comcapsule\app\build\kotlin\compileDebugKotlin\cacheable\caches-jvm\jvm\kotlin\internal-name-to-source.tab.keystream.len
2025-09-26T01:15:11Z C:\Users\Cody\Desktop\tau_crystal\tau_crystal\mobile\android\comcapsule\app\build\kotlin\compileDebugKotlin\cacheable\caches-jvm\jvm\kotlin\internal-name-to-source.tab.len
2025-09-26T01:15:11Z C:\Users\Cody\Desktop\tau_crystal\tau_crystal\mobile\android\comcapsule\app\build\kotlin\compileDebugKotlin\cacheable\caches-jvm\jvm\kotlin\internal-name-to-source.tab.values.at
2025-09-26T01:15:11Z C:\Users\Cody\Desktop\tau_crystal\tau_crystal\mobile\android\comcapsule\app\build\kotlin\compileDebugKotlin\cacheable\caches-jvm\jvm\kotlin\internal-name-to-source.tab_i.len
2025-09-26T01:15:11Z C:\Users\Cody\Desktop\tau_crystal\tau_crystal\mobile\android\comcapsule\app\build\kotlin\compileDebugKotlin\cacheable\caches-jvm\jvm\kotlin\proto.tab
2025-09-26T01:15:11Z C:\Users\Cody\Desktop\tau_crystal\tau_crystal\mobile\android\comcapsule\app\build\kotlin\compileDebugKotlin\cacheable\caches-jvm\jvm\kotlin\proto.tab.keystream.len
2025-09-26T01:15:11Z C:\Users\Cody\Desktop\tau_crystal\tau_crystal\mobile\android\comcapsule\app\build\kotlin\compileDebugKotlin\cacheable\caches-jvm\jvm\kotlin\proto.tab.len
2025-09-26T01:15:11Z C:\Users\Cody\Desktop\tau_crystal\tau_crystal\mobile\android\comcapsule\app\build\kotlin\compileDebugKotlin\cacheable\caches-jvm\jvm\kotlin\proto.tab.values.at
2025-09-26T01:15:11Z C:\Users\Cody\Desktop\tau_crystal\tau_crystal\mobile\android\comcapsule\app\build\kotlin\compileDebugKotlin\cacheable\caches-jvm\jvm\kotlin\proto.tab_i.len
2025-09-26T01:15:11Z C:\Users\Cody\Desktop\tau_crystal\tau_crystal\mobile\android\comcapsule\app\build\kotlin\compileDebugKotlin\cacheable\caches-jvm\jvm\kotlin\source-to-classes.tab
2025-09-26T01:15:11Z C:\Users\Cody\Desktop\tau_crystal\tau_crystal\mobile\android\comcapsule\app\build\kotlin\compileDebugKotlin\cacheable\caches-jvm\jvm\kotlin\source-to-classes.tab.keystream.len
2025-09-26T01:15:11Z C:\Users\Cody\Desktop\tau_crystal\tau_crystal\mobile\android\comcapsule\app\build\kotlin\compileDebugKotlin\cacheable\caches-jvm\jvm\kotlin\source-to-classes.tab.len
2025-09-26T01:15:11Z C:\Users\Cody\Desktop\tau_crystal\tau_crystal\mobile\android\comcapsule\app\build\kotlin\compileDebugKotlin\cacheable\caches-jvm\jvm\kotlin\source-to-classes.tab.values.at
2025-09-26T01:15:11Z C:\Users\Cody\Desktop\tau_crystal\tau_crystal\mobile\android\comcapsule\app\build\kotlin\compileDebugKotlin\cacheable\caches-jvm\jvm\kotlin\source-to-classes.tab_i.len
2025-09-26T01:15:11Z C:\Users\Cody\Desktop\tau_crystal\tau_crystal\mobile\android\comcapsule\app\build\kotlin\compileDebugKotlin\cacheable\caches-jvm\jvm\kotlin\subtypes.tab
2025-09-26T01:15:11Z C:\Users\Cody\Desktop\tau_crystal\tau_crystal\mobile\android\comcapsule\app\build\kotlin\compileDebugKotlin\cacheable\caches-jvm\jvm\kotlin\subtypes.tab.keystream.len
2025-09-26T01:15:11Z C:\Users\Cody\Desktop\tau_crystal\tau_crystal\mobile\android\comcapsule\app\build\kotlin\compileDebugKotlin\cacheable\caches-jvm\jvm\kotlin\subtypes.tab.len
2025-09-26T01:15:11Z C:\Users\Cody\Desktop\tau_crystal\tau_crystal\mobile\android\comcapsule\app\build\kotlin\compileDebugKotlin\cacheable\caches-jvm\jvm\kotlin\subtypes.tab.values.at
2025-09-26T01:15:11Z C:\Users\Cody\Desktop\tau_crystal\tau_crystal\mobile\android\comcapsule\app\build\kotlin\compileDebugKotlin\cacheable\caches-jvm\jvm\kotlin\subtypes.tab_i.len
2025-09-26T01:15:11Z C:\Users\Cody\Desktop\tau_crystal\tau_crystal\mobile\android\comcapsule\app\build\kotlin\compileDebugKotlin\cacheable\caches-jvm\jvm\kotlin\supertypes.tab
2025-09-26T01:15:11Z C:\Users\Cody\Desktop\tau_crystal\tau_crystal\mobile\android\comcapsule\app\build\kotlin\compileDebugKotlin\cacheable\caches-jvm\jvm\kotlin\supertypes.tab.keystream.len
2025-09-26T01:15:11Z C:\Users\Cody\Desktop\tau_crystal\tau_crystal\mobile\android\comcapsule\app\build\kotlin\compileDebugKotlin\cacheable\caches-jvm\jvm\kotlin\supertypes.tab.len
2025-09-26T01:15:11Z C:\Users\Cody\Desktop\tau_crystal\tau_crystal\mobile\android\comcapsule\app\build\kotlin\compileDebugKotlin\cacheable\caches-jvm\jvm\kotlin\supertypes.tab.values.at
2025-09-26T01:15:11Z C:\Users\Cody\Desktop\tau_crystal\tau_crystal\mobile\android\comcapsule\app\build\kotlin\compileDebugKotlin\cacheable\caches-jvm\jvm\kotlin\supertypes.tab_i.len
2025-09-26T01:15:11Z C:\Users\Cody\Desktop\tau_crystal\tau_crystal\mobile\android\comcapsule\app\build\kotlin\compileDebugKotlin\cacheable\caches-jvm\lookups\counters.tab
2025-09-26T01:15:11Z C:\Users\Cody\Desktop\tau_crystal\tau_crystal\mobile\android\comcapsule\app\build\kotlin\compileDebugKotlin\cacheable\caches-jvm\lookups\file-to-id.tab
2025-09-26T01:15:11Z C:\Users\Cody\Desktop\tau_crystal\tau_crystal\mobile\android\comcapsule\app\build\kotlin\compileDebugKotlin\cacheable\caches-jvm\lookups\file-to-id.tab.keystream.len
2025-09-26T01:15:11Z C:\Users\Cody\Desktop\tau_crystal\tau_crystal\mobile\android\comcapsule\app\build\kotlin\compileDebugKotlin\cacheable\caches-jvm\lookups\file-to-id.tab.len
2025-09-26T01:15:11Z C:\Users\Cody\Desktop\tau_crystal\tau_crystal\mobile\android\comcapsule\app\build\kotlin\compileDebugKotlin\cacheable\caches-jvm\lookups\file-to-id.tab.values.at
2025-09-26T01:15:11Z C:\Users\Cody\Desktop\tau_crystal\tau_crystal\mobile\android\comcapsule\app\build\kotlin\compileDebugKotlin\cacheable\caches-jvm\lookups\file-to-id.tab_i.len
2025-09-26T01:15:11Z C:\Users\Cody\Desktop\tau_crystal\tau_crystal\mobile\android\comcapsule\app\build\kotlin\compileDebugKotlin\cacheable\caches-jvm\lookups\id-to-file.tab
2025-09-26T01:15:11Z C:\Users\Cody\Desktop\tau_crystal\tau_crystal\mobile\android\comcapsule\app\build\kotlin\compileDebugKotlin\cacheable\caches-jvm\lookups\id-to-file.tab.keystream
2025-09-26T01:15:11Z C:\Users\Cody\Desktop\tau_crystal\tau_crystal\mobile\android\comcapsule\app\build\kotlin\compileDebugKotlin\cacheable\caches-jvm\lookups\id-to-file.tab.keystream.len
2025-09-26T01:15:11Z C:\Users\Cody\Desktop\tau_crystal\tau_crystal\mobile\android\comcapsule\app\build\kotlin\compileDebugKotlin\cacheable\caches-jvm\lookups\id-to-file.tab.len
2025-09-26T01:15:11Z C:\Users\Cody\Desktop\tau_crystal\tau_crystal\mobile\android\comcapsule\app\build\kotlin\compileDebugKotlin\cacheable\caches-jvm\lookups\id-to-file.tab.values.at
2025-09-26T01:15:11Z C:\Users\Cody\Desktop\tau_crystal\tau_crystal\mobile\android\comcapsule\app\build\kotlin\compileDebugKotlin\cacheable\caches-jvm\lookups\id-to-file.tab_i
2025-09-26T01:15:11Z C:\Users\Cody\Desktop\tau_crystal\tau_crystal\mobile\android\comcapsule\app\build\kotlin\compileDebugKotlin\cacheable\caches-jvm\lookups\id-to-file.tab_i.len
2025-09-26T01:15:11Z C:\Users\Cody\Desktop\tau_crystal\tau_crystal\mobile\android\comcapsule\app\build\kotlin\compileDebugKotlin\cacheable\caches-jvm\lookups\lookups.tab
2025-09-26T01:15:11Z C:\Users\Cody\Desktop\tau_crystal\tau_crystal\mobile\android\comcapsule\app\build\kotlin\compileDebugKotlin\cacheable\caches-jvm\lookups\lookups.tab.keystream
2025-09-26T01:15:11Z C:\Users\Cody\Desktop\tau_crystal\tau_crystal\mobile\android\comcapsule\app\build\kotlin\compileDebugKotlin\cacheable\caches-jvm\lookups\lookups.tab.keystream.len
2025-09-26T01:15:11Z C:\Users\Cody\Desktop\tau_crystal\tau_crystal\mobile\android\comcapsule\app\build\kotlin\compileDebugKotlin\cacheable\caches-jvm\lookups\lookups.tab.len
2025-09-26T01:15:11Z C:\Users\Cody\Desktop\tau_crystal\tau_crystal\mobile\android\comcapsule\app\build\kotlin\compileDebugKotlin\cacheable\caches-jvm\lookups\lookups.tab.values.at
2025-09-26T01:15:11Z C:\Users\Cody\Desktop\tau_crystal\tau_crystal\mobile\android\comcapsule\app\build\kotlin\compileDebugKotlin\cacheable\caches-jvm\lookups\lookups.tab_i
2025-09-26T01:15:11Z C:\Users\Cody\Desktop\tau_crystal\tau_crystal\mobile\android\comcapsule\app\build\kotlin\compileDebugKotlin\cacheable\caches-jvm\lookups\lookups.tab_i.len
2025-09-26T01:15:11Z C:\Users\Cody\Desktop\tau_crystal\tau_crystal\mobile\android\comcapsule\app\build\kotlin\compileDebugKotlin\cacheable\last-build.bin
2025-09-26T01:15:11Z C:\Users\Cody\Desktop\tau_crystal\tau_crystal\mobile\android\comcapsule\app\build\kotlin\compileDebugKotlin\classpath-snapshot\shrunk-classpath-snapshot.bin
2025-09-26T01:15:11Z C:\Users\Cody\Desktop\tau_crystal\tau_crystal\mobile\android\comcapsule\app\build\kotlin\compileDebugKotlin\local-state\build-history.bin
2025-09-26T01:15:11Z C:\Users\Cody\Desktop\tau_crystal\tau_crystal\mobile\android\comcapsule\app\build\tmp\kotlin-classes\debug\com\capsule\MainActivity$captureOnce$hash$1.class
2025-09-26T01:15:11Z C:\Users\Cody\Desktop\tau_crystal\tau_crystal\mobile\android\comcapsule\app\build\tmp\kotlin-classes\debug\com\capsule\MainActivity.class
2025-09-26T01:15:11Z C:\Users\Cody\Desktop\tau_crystal\tau_crystal\mobile\android\comcapsule\app\build\tmp\kotlin-classes\debug\META-INF\app_debug.kotlin_module
2025-09-26T01:15:12Z C:\Users\Cody\Desktop\tau_crystal\tau_crystal\mobile\android\comcapsule\.gradle\8.13\checksums\checksums.lock
2025-09-26T01:15:12Z C:\Users\Cody\Desktop\tau_crystal\tau_crystal\mobile\android\comcapsule\.gradle\8.13\executionHistory\executionHistory.bin
2025-09-26T01:15:12Z C:\Users\Cody\Desktop\tau_crystal\tau_crystal\mobile\android\comcapsule\.gradle\8.13\executionHistory\executionHistory.lock
2025-09-26T01:15:12Z C:\Users\Cody\Desktop\tau_crystal\tau_crystal\mobile\android\comcapsule\.gradle\8.13\fileChanges\last-build.bin
2025-09-26T01:15:12Z C:\Users\Cody\Desktop\tau_crystal\tau_crystal\mobile\android\comcapsule\.gradle\8.13\fileHashes\fileHashes.bin
2025-09-26T01:15:12Z C:\Users\Cody\Desktop\tau_crystal\tau_crystal\mobile\android\comcapsule\.gradle\8.13\fileHashes\fileHashes.lock
2025-09-26T01:15:12Z C:\Users\Cody\Desktop\tau_crystal\tau_crystal\mobile\android\comcapsule\.gradle\buildOutputCleanup\buildOutputCleanup.lock
2025-09-26T01:15:12Z C:\Users\Cody\Desktop\tau_crystal\tau_crystal\mobile\android\comcapsule\.gradle\buildOutputCleanup\outputFiles.bin
2025-09-26T01:15:12Z C:\Users\Cody\Desktop\tau_crystal\tau_crystal\mobile\android\comcapsule\app\build\intermediates\dex\debug\mergeProjectDexDebug\8\classes.dex
2025-09-26T01:15:12Z C:\Users\Cody\Desktop\tau_crystal\tau_crystal\mobile\android\comcapsule\app\build\intermediates\incremental\packageDebug\tmp\debug\dex-renamer-state.txt
2025-09-26T01:15:12Z C:\Users\Cody\Desktop\tau_crystal\tau_crystal\mobile\android\comcapsule\app\build\outputs\apk\debug\app-debug.apk
2025-09-26T01:15:12Z C:\Users\Cody\Desktop\tau_crystal\tau_crystal\mobile\android\comcapsule\app\build\outputs\apk\debug\output-metadata.json
2025-09-26T01:36:32Z C:\Users\Cody\Desktop\tau_crystal\tau_crystal\.tmp\yourfile.pcm
2025-09-26T01:37:58Z C:\Users\Cody\Desktop\tau_crystal\tau_crystal\.tmp\pcm_candidates.txt
2025-09-26T14:13:04Z C:\Users\Cody\Desktop\tau_crystal\tau_crystal\.tmp\witness_1758849895699_16000Hz.pcm
2025-09-26T14:13:07Z C:\Users\Cody\Desktop\tau_crystal\tau_crystal\.tmp\witness_1758849895699_16000Hz.json
2025-09-26T14:33:32Z C:\Users\Cody\Desktop\tau_crystal\tau_crystal\crash.log
2025-09-26T20:12:00Z C:\Users\Cody\Desktop\tau_crystal\tau_crystal\.exec_geom\symbol.conf
2025-09-26T20:12:01Z C:\Users\Cody\Desktop\tau_crystal\tau_crystal\.exec_geom\exceptionals.tsv
2025-09-26T20:12:15Z C:\Users\Cody\Desktop\tau_crystal\tau_crystal\scripts\exec_geom\invariants.sh
2025-09-26T20:12:22Z C:\Users\Cody\Desktop\tau_crystal\tau_crystal\scripts\exec_geom\guard.sh
2025-09-26T20:12:23Z C:\Users\Cody\Desktop\tau_crystal\tau_crystal\scripts\ci\check_execution_geometry.sh
2025-09-26T20:12:28Z C:\Users\Cody\Desktop\tau_crystal\tau_crystal\.github\workflows\exec-geometry.yml
2025-09-26T20:12:34Z C:\Users\Cody\Desktop\tau_crystal\tau_crystal\docs\monographs\execution_geometry_seifert.md
2025-09-26T20:12:35Z C:\Users\Cody\Desktop\tau_crystal\tau_crystal\.git\objects\14\6237d533bc207bdaf169a7dbca3577f00d81f6
2025-09-26T20:12:35Z C:\Users\Cody\Desktop\tau_crystal\tau_crystal\.git\objects\2d\d64f7fdce0410e15daf162f84a80eae8440172
2025-09-26T20:12:35Z C:\Users\Cody\Desktop\tau_crystal\tau_crystal\.git\objects\37\841dff82459a0931de9e5178c1ac6d56552ea8
2025-09-26T20:12:35Z C:\Users\Cody\Desktop\tau_crystal\tau_crystal\.git\objects\41\29ce75a374e50c3ef4816760d65c679ac1adfa
2025-09-26T20:12:35Z C:\Users\Cody\Desktop\tau_crystal\tau_crystal\.git\objects\6b\e6ec6f1d02247f713cb4d33686c9bad47958b6
2025-09-26T20:12:35Z C:\Users\Cody\Desktop\tau_crystal\tau_crystal\.git\objects\6f\f1a78cd2f9a2ccc6e3dbe50c7dc5ebea75ad50
2025-09-26T20:12:35Z C:\Users\Cody\Desktop\tau_crystal\tau_crystal\.git\objects\7c\774d2316f3a6ff117cbcdaf4b0b69e7fd86fdb
2025-09-26T20:12:35Z C:\Users\Cody\Desktop\tau_crystal\tau_crystal\.git\objects\86\7a4a43c5ac3f20ffc99141a50396cc105169f5
2025-09-26T20:12:35Z C:\Users\Cody\Desktop\tau_crystal\tau_crystal\.git\objects\90\225e5f941c341aa16795f315fa3cafa4d5a9fe
2025-09-26T20:12:35Z C:\Users\Cody\Desktop\tau_crystal\tau_crystal\.git\objects\9d\c2e5fa6a7a443ff8a6477b5c394c3e0c951470
2025-09-26T20:12:35Z C:\Users\Cody\Desktop\tau_crystal\tau_crystal\.git\objects\a6\cc4ac20d4e6ca5633e260cd851045d9ac9bb04
2025-09-26T20:12:35Z C:\Users\Cody\Desktop\tau_crystal\tau_crystal\.git\objects\c6\2b2cb6cf7c655e0397687197eb0a7ce3e8edd6
2025-09-26T20:12:35Z C:\Users\Cody\Desktop\tau_crystal\tau_crystal\.git\objects\cb\bd1c8237860612819a2664484bbcb98d0ff791
2025-09-26T20:12:35Z C:\Users\Cody\Desktop\tau_crystal\tau_crystal\.git\objects\cc\31410e94b9039f0cd3ed35aa677da7b823a173
2025-09-26T20:12:35Z C:\Users\Cody\Desktop\tau_crystal\tau_crystal\.git\objects\e0\a913aef5397da113c17ac60cb5f19acc9d5de9
2025-09-26T20:12:35Z C:\Users\Cody\Desktop\tau_crystal\tau_crystal\.git\objects\e0\e7335b6b474e5acda7808b889c5cc1b8edadde
2025-09-26T20:12:35Z C:\Users\Cody\Desktop\tau_crystal\tau_crystal\.git\objects\f3\d2c83eeb3d4400bc71c4be4b97c98a31deebbb
2025-09-26T20:14:58Z C:\Users\Cody\Desktop\tau_crystal\tau_crystal\scripts\exec_geom\_math.sh
2025-09-26T20:14:59Z C:\Users\Cody\Desktop\tau_crystal\tau_crystal\.exec_geom\scenarios\index.tsv
2025-09-26T20:15:02Z C:\Users\Cody\Desktop\tau_crystal\tau_crystal\.exec_geom\adapters\python.sh
2025-09-26T20:19:00Z C:\Users\Cody\Desktop\tau_crystal\tau_crystal\.cacbe\attention.tsv
2025-09-26T20:19:04Z C:\Users\Cody\Desktop\tau_crystal\tau_crystal\scripts\ops\cacbe_lint.sh
2025-09-26T20:19:10Z C:\Users\Cody\Desktop\tau_crystal\tau_crystal\scripts\ops\cacbe_attention.sh
2025-09-26T20:19:13Z C:\Users\Cody\Desktop\tau_crystal\tau_crystal\scripts\ops\cacbe_gate.sh
2025-09-26T20:19:15Z C:\Users\Cody\Desktop\tau_crystal\tau_crystal\.git\hooks\pre-commit
2025-09-26T20:19:19Z C:\Users\Cody\Desktop\tau_crystal\tau_crystal\.github\workflows\cacbe.yml
2025-09-26T20:19:20Z C:\Users\Cody\Desktop\tau_crystal\tau_crystal\.tau_ledger\cacbe\scan_20250926T201920Z.tsv
2025-09-26T21:04:03Z C:\Users\Cody\Desktop\tau_crystal\tau_crystal\.git\objects\1f\8b49abfd4ffcee036c0bedcc4cb1c150effe1e
2025-09-26T21:04:03Z C:\Users\Cody\Desktop\tau_crystal\tau_crystal\.git\objects\3c\723b852af98f824df8c3925ecd844a49759c60
2025-09-26T21:04:03Z C:\Users\Cody\Desktop\tau_crystal\tau_crystal\.git\objects\4e\2f89aedfbe00d6b3e1c7a9d854e60c10dcd112
2025-09-26T21:04:03Z C:\Users\Cody\Desktop\tau_crystal\tau_crystal\.git\objects\ad\10001d911631aae2e6e23201a811729facdf56
2025-09-26T21:04:03Z C:\Users\Cody\Desktop\tau_crystal\tau_crystal\.git\objects\e2\66c44371d4c9aac06089d2b876ad20f75edd35
2025-09-26T21:05:18Z C:\Users\Cody\Desktop\tau_crystal\tau_crystal\.tau_ledger\cacbe\scan_20250926T210518Z.tsv
2025-09-26T21:07:38Z C:\Users\Cody\Desktop\tau_crystal\tau_crystal\.tau_ledger\cacbe\scan_20250926T210738Z.tsv
2025-09-26T21:08:00Z C:\Users\Cody\Desktop\tau_crystal\tau_crystal\.cacbe\causes.tsv
2025-09-26T21:09:27Z C:\Users\Cody\Desktop\tau_crystal\tau_crystal\.tau_ledger\cacbe\scan_20250926T210927Z.tsv
2025-09-26T21:10:02Z C:\Users\Cody\Desktop\tau_crystal\tau_crystal\.tau_ledger\cacbe\scan_20250926T211002Z.tsv
2025-09-26T21:10:33Z C:\Users\Cody\Desktop\tau_crystal\tau_crystal\.tau_ledger\cacbe\scan_20250926T211033Z.tsv
2025-09-26T21:11:02Z C:\Users\Cody\Desktop\tau_crystal\tau_crystal\docs\monographs\crash_proofing_doctrine.md
2025-09-26T21:11:04Z C:\Users\Cody\Desktop\tau_crystal\tau_crystal\.tau_ledger\cacbe\scan_20250926T211104Z.tsv
2025-09-26T21:30:48Z C:\Users\Cody\Desktop\tau_crystal\tau_crystal\scripts\gates\holonomy_align.sh
2025-09-26T21:30:49Z C:\Users\Cody\Desktop\tau_crystal\tau_crystal\cases\seifert_example.ini
2025-09-26T21:30:50Z C:\Users\Cody\Desktop\tau_crystal\tau_crystal\scripts\gates\holonomy_align_test.sh
2025-09-26T21:30:52Z C:\Users\Cody\Desktop\tau_crystal\tau_crystal\docs\monographs\holonomy_alignment.md
2025-09-26T21:30:53Z C:\Users\Cody\Desktop\tau_crystal\tau_crystal\.git\objects\05\bcb4b521dcbbeb72a087aed075d56e2454bd9f
2025-09-26T21:30:53Z C:\Users\Cody\Desktop\tau_crystal\tau_crystal\.git\objects\10\0595cb736f6f4e4a02458948227e94de249583
2025-09-26T21:30:53Z C:\Users\Cody\Desktop\tau_crystal\tau_crystal\.git\objects\19\a55531dc0b477f3c3157a8aa7f5c9f55880325
2025-09-26T21:30:53Z C:\Users\Cody\Desktop\tau_crystal\tau_crystal\.git\objects\6d\4f51b5e6ca89c5498711502d0400da6f3be73f
2025-09-26T21:30:53Z C:\Users\Cody\Desktop\tau_crystal\tau_crystal\.git\objects\6e\d5ac902032dc01da4be0db9b880a3912ff3d7b
2025-09-26T21:30:53Z C:\Users\Cody\Desktop\tau_crystal\tau_crystal\.git\objects\9f\31b59a1ee342be76f0e76d229d3d4966c8d705
2025-09-26T21:30:53Z C:\Users\Cody\Desktop\tau_crystal\tau_crystal\.git\objects\b9\54d4c666fc9fb74236458e2d05e82e97714662
2025-09-26T21:30:53Z C:\Users\Cody\Desktop\tau_crystal\tau_crystal\.git\objects\be\0967a4754e21567c94219ac631a2ac0171d99b
2025-09-26T21:30:53Z C:\Users\Cody\Desktop\tau_crystal\tau_crystal\.git\objects\c5\295ea5ce7631fdf2b6ab98a3e49c58a485bc26
2025-09-26T21:30:53Z C:\Users\Cody\Desktop\tau_crystal\tau_crystal\.git\objects\ce\513086ac638be6b9b6294d715aebd09106036e
2025-09-26T21:30:53Z C:\Users\Cody\Desktop\tau_crystal\tau_crystal\.git\objects\f4\bc81f756da61d3cddc978f234ba5a9ba831e6d
2025-09-26T21:33:19Z C:\Users\Cody\Desktop\tau_crystal\tau_crystal\.tau_ledger\holonomy\run_32439.log
2025-09-26T21:33:20Z C:\Users\Cody\Desktop\tau_crystal\tau_crystal\.github\workflows\holonomy.yml
2025-09-26T21:33:22Z C:\Users\Cody\Desktop\tau_crystal\tau_crystal\.git\objects\29\b7b01d8be5deb2fee683a870607e0c8753cc16
2025-09-26T21:33:23Z C:\Users\Cody\Desktop\tau_crystal\tau_crystal\.git\COMMIT_EDITMSG
2025-09-26T21:33:23Z C:\Users\Cody\Desktop\tau_crystal\tau_crystal\.git\index
2025-09-26T21:33:23Z C:\Users\Cody\Desktop\tau_crystal\tau_crystal\.git\logs\HEAD
2025-09-26T21:33:23Z C:\Users\Cody\Desktop\tau_crystal\tau_crystal\.git\logs\refs\heads\work-20250926
2025-09-26T21:33:23Z C:\Users\Cody\Desktop\tau_crystal\tau_crystal\.git\objects\4f\d5890e3fa301fd467edb0d70b08017cdf890a6
2025-09-26T21:33:23Z C:\Users\Cody\Desktop\tau_crystal\tau_crystal\.git\objects\75\018c5b6b227eca1d9d4eae93b4a81369fc6c84
2025-09-26T21:33:23Z C:\Users\Cody\Desktop\tau_crystal\tau_crystal\.git\objects\7c\97ab224c7751c203bee94553d17fd4a15c2472
2025-09-26T21:33:23Z C:\Users\Cody\Desktop\tau_crystal\tau_crystal\.git\objects\7d\e0cc5b6c4e80cf023fbfa734aebfa65b56abd3
2025-09-26T21:33:23Z C:\Users\Cody\Desktop\tau_crystal\tau_crystal\.git\refs\heads\work-20250926
2025-09-26T21:33:25Z C:\Users\Cody\Desktop\tau_crystal\tau_crystal\.git\logs\refs\remotes\origin\work-20250926
2025-09-26T21:33:25Z C:\Users\Cody\Desktop\tau_crystal\tau_crystal\.git\refs\remotes\origin\work-20250926
2025-09-26T22:03:28Z C:\Users\Cody\Desktop\tau_crystal\tau_crystal\.cache\daily_20250926_1279.tmp
2025-09-26T22:03:28Z C:\Users\Cody\Desktop\tau_crystal\tau_crystal\.cache\daily_debug_1245.err
2025-09-26T22:04:10Z C:\Users\Cody\Desktop\tau_crystal\tau_crystal\.cache\daily_20250926_1386.tmp
2025-09-26T22:12:13Z C:\Users\Cody\Desktop\tau_crystal\tau_crystal\scripts\ops\daily_log.sh.bad.1758924883
2025-09-26T22:12:13Z C:\Users\Cody\Desktop\tau_crystal\tau_crystal\scripts\ops\daily_log.sh.bak.20250926T221213Z
2025-09-26T22:12:34Z C:\Users\Cody\Desktop\tau_crystal\tau_crystal\.cache\daily_20250926_699.tmp
2025-09-26T22:12:48Z C:\Users\Cody\Desktop\tau_crystal\tau_crystal\.cache\daily_20250925_752.tmp
2025-09-26T22:13:02Z C:\Users\Cody\Desktop\tau_crystal\tau_crystal\.cache\daily_20250924_805.tmp
2025-09-26T22:13:04Z C:\Users\Cody\Desktop\tau_crystal\tau_crystal\.cache\daily_20250923_858.tmp
2025-09-26T22:14:51Z C:\Users\Cody\Desktop\tau_crystal\tau_crystal\scripts\ops\daily_log.sh
2025-09-26T22:15:21Z C:\Users\Cody\Desktop\tau_crystal\tau_crystal\.tau_ledger\daily\20250926.log
2025-09-26T22:15:44Z C:\Users\Cody\Desktop\tau_crystal\tau_crystal\.tau_ledger\daily\20250925.log
2025-09-26T22:16:07Z C:\Users\Cody\Desktop\tau_crystal\tau_crystal\.tau_ledger\daily\20250924.log
2025-09-26T22:16:08Z C:\Users\Cody\Desktop\tau_crystal\tau_crystal\.cache\daily_20250923_1218.tmp

== fs/top changed sizes today ==
213797458 C:\Users\Cody\Desktop\tau_crystal\tau_crystal\.git\objects\pack\pack-bab9d6068760cc82e059104e3fb113f915bac9aa.pack
36276625 C:\Users\Cody\Desktop\tau_crystal\tau_crystal\publish\auto-20250922T220241Z\auto-20250922T220241Z.tar.gz
36276625 C:\Users\Cody\Desktop\tau_crystal\tau_crystal\analysis\capsules\auto-20250922T220241Z\auto-20250922T220241Z.tar.gz
36214861 C:\Users\Cody\Desktop\tau_crystal\tau_crystal\.git\objects\19\ade822b631dbc8b32803363fbef62f71584c40
18115034 C:\Users\Cody\Desktop\tau_crystal\tau_crystal\mobile\android\comcapsule\app\build\intermediates\intermediary_bundle\release\packageReleaseBundle\intermediary-bundle.aab
17806309 C:\Users\Cody\Desktop\tau_crystal\tau_crystal\mobile\android\comcapsule\app\build\intermediates\module_bundle\release\buildReleasePreBundle\base.zip
13537776 C:\Users\Cody\Desktop\tau_crystal\tau_crystal\mobile\android\comcapsule\app\build\intermediates\dex\release\mergeDexRelease\classes.dex
13521796 C:\Users\Cody\Desktop\tau_crystal\tau_crystal\mobile\android\comcapsule\app\build\intermediates\external_libs_dex\release\mergeExtDexRelease\classes.dex
12483906 C:\Users\Cody\Desktop\tau_crystal\tau_crystal\analysis\capsules\auto-20250923T153800Z\auto-20250923T153800Z.tar.gz
11710995 C:\Users\Cody\Desktop\tau_crystal\tau_crystal\analysis\capsules\auto-20250923T154931Z\auto-20250923T154931Z.tar.gz
6653676 C:\Users\Cody\Desktop\tau_crystal\tau_crystal\mobile\android\comcapsule\app\build\intermediates\dex\debug\mergeExtDexDebug\classes.dex
6499017 C:\Users\Cody\Desktop\tau_crystal\tau_crystal\mobile\android\comcapsule\app\build\outputs\apk\release\app-release.apk
6176303 C:\Users\Cody\Desktop\tau_crystal\tau_crystal\mobile\android\comcapsule\app\build\outputs\bundle\release\app-release.aab
5414748 C:\Users\Cody\Desktop\tau_crystal\tau_crystal\.git\objects\pack\pack-53d634b8286bfeeb1b94bd066f532f38c0954cb7.pack
4104809 C:\Users\Cody\Desktop\tau_crystal\tau_crystal\mobile\android\comcapsule\app\build\intermediates\incremental\release-mergeJavaRes\zip-cache\Sf3jxDvmEYncqC6QijMmjmTke9c=
3997076 C:\Users\Cody\Desktop\tau_crystal\tau_crystal\mobile\android\comcapsule\app\build\intermediates\dex\release\mergeDexRelease\classes2.dex
3980218 C:\Users\Cody\Desktop\tau_crystal\tau_crystal\mobile\android\comcapsule\app\build\intermediates\incremental\release-mergeJavaRes\zip-cache\YWc+_wlRvoLGdacI5RLoHLfvTwU=
3939948 C:\Users\Cody\Desktop\tau_crystal\tau_crystal\mobile\android\comcapsule\app\build\intermediates\external_libs_dex\release\mergeExtDexRelease\classes2.dex
3213553 C:\Users\Cody\Desktop\tau_crystal\tau_crystal\mobile\android\comcapsule\app\build\outputs\apk\debug\app-debug.apk
2921904 C:\Users\Cody\Desktop\tau_crystal\tau_crystal\analysis\inventory\mathlib.imports.ALL_ON_DISK.with_files.txt
2715054 C:\Users\Cody\Desktop\tau_crystal\tau_crystal\mobile\android\comcapsule\app\build\intermediates\incremental\release-mergeJavaRes\zip-cache\tDgr0fTpxPAotoWYUudZdJFJwBo=
2243691 C:\Users\Cody\Desktop\tau_crystal\tau_crystal\mobile\android\comcapsule\.gradle\8.13\executionHistory\executionHistory.bin
1718956 C:\Users\Cody\Desktop\tau_crystal\tau_crystal\mobile\android\comcapsule\app\build\intermediates\incremental\debug-mergeJavaRes\zip-cache\VkeFhsDaay5HmdF1RBJO+++Pfbo=
1718956 C:\Users\Cody\Desktop\tau_crystal\tau_crystal\mobile\android\comcapsule\app\build\intermediates\incremental\release-mergeJavaRes\zip-cache\VkeFhsDaay5HmdF1RBJO+++Pfbo=
1551152 C:\Users\Cody\Desktop\tau_crystal\tau_crystal\mobile\android\comcapsule\app\build\intermediates\incremental\release-mergeJavaRes\zip-cache\ztVlxjvrJRnMEhkdKBIIY_HeNXU=

== git/untracked ==
  .cacbe/attention.tsv
  .cacbe/causes.tsv
  .cache/daily_20250923_1218.tmp
  .cache/daily_20250923_858.tmp
  .cache/daily_20250924_805.tmp
  .cache/daily_20250925_752.tmp
  .cache/daily_20250926_1279.tmp
  .cache/daily_20250926_1386.tmp
  .cache/daily_20250926_699.tmp
  .cache/daily_debug_1245.err
  .exec_geom/adapters/python.sh
  .exec_geom/scenarios/index.tsv
  .github/workflows/cacbe.yml
  .tmp/pcm_candidates.txt
  .tmp/witness_1758849895699_16000Hz.json
  .tmp/witness_1758849895699_16000Hz.pcm
  .tmp/yourfile.pcm
  crash.log
  scripts/exec_geom/_math.sh
  scripts/ops/cacbe_attention.sh
  scripts/ops/cacbe_gate.sh
  scripts/ops/cacbe_lint.sh
  scripts/ops/daily_log.sh
  scripts/ops/daily_log.sh.bad.1758924883

== actions/workflows present ==
  .github/workflows/assure.yml
  .github/workflows/assure.yml.bak.20250919-153953
  .github/workflows/cacbe.yml
  .github/workflows/canonical-guard.yml
  .github/workflows/cathedral-gates.yml
  .github/workflows/ci.yml
  .github/workflows/claims-guard.yml
  .github/workflows/cohomology.yml
  .github/workflows/companion-guard.yml
  .github/workflows/exec-geometry.yml
  .github/workflows/frozen-guard.yml
  .github/workflows/fusion.yml
  .github/workflows/geom-anchor.yml
  .github/workflows/geom-ci.yml
  .github/workflows/geom-proof.yml
  .github/workflows/hecke-11a1.yml
  .github/workflows/hecke-11a1.yml.bak.20250919-153953
  .github/workflows/hecke-guard.yml
  .github/workflows/holonomy.yml
  .github/workflows/instrument.yml
  .github/workflows/meaningfulness-guard.yml
  .github/workflows/mirror.yml
  .github/workflows/mirror.yml.bak.20250919-154153
  .github/workflows/morpho-ci.yml
  .github/workflows/morpho-release.yml
  .github/workflows/morpho.yml
  .github/workflows/morpho_ci.yml
  .github/workflows/panic-sentinel.yml
  .github/workflows/poison.yml
  .github/workflows/poison.yml.bak.20250919-153953
  .github/workflows/prim.yml
  .github/workflows/ramanujan-ci.yml
  .github/workflows/release.yml
  .github/workflows/rgflow.yml
  .github/workflows/run1.yml
  .github/workflows/season1-ci.yml
  .github/workflows/self-test.yml
  .github/workflows/spec-guard.yml
  .github/workflows/spec-guard.yml.bak.20250919-153953
  .github/workflows/tau-plumbing.yml
  .github/workflows/tau_crystal.yml
  .github/workflows/verify_proof.yml
  .github/workflows/_boundary.disabled

== digest ==
sha256: d58f07c898b5d1aa5eea3eab2703044957aea004f79dcb41fe6a88db11bbf8e2
