{
  "schema": "taucrystal/lattice.v1",
  "timestamp": "2025-09-15T08:24:39Z",
  "cell": {"type": "orthorhombic", "a": 1.000000000, "b": 1.200000000, "c": 1.500000000},
  "mass": 1.000000000,
  "force": {"kx": 10.000000000, "ky": 12.000000000, "kz": 14.000000000}
}
