fermion	index	mass_GeV	logZ	tags
electron	54	0.00051099895	-8.24	2*3^3
muon	405	0.1056583755	-4.59	3^4*5
tau	1485	1.77686	-2.71	3*5*99
up	72	0.0023	-7.56	2^3*3^2
down	90	0.0048	-7.11	2*3^2*5
strange	324	0.095	-5.60	2^2*3^4
charm	1215	1.27	-3.10	3^5*5
bottom	3645	4.18	-2.30	3^6*5
top	4095	172.76	-0.10	3*5*273
nu_e	6	0.000001	-9.00	2*3   
nu_mu	18	0.000008	-8.40	2*3^2
nu_tau	30	0.000050	-7.80	2*3*5
