{
  "_inputs": {
    "mu0": 0.9,
    "b": 0.02,
    "ell1": 13.888888888888888,
    "ell2": 16.666666666666664,
    "log_base": "e"
  },
  "_claims": {
    "relative_functor": "composition holds; additivity of log det \u03a3"
  },
  "_certificates": {
    "mu_comp_resid": 2.220446049250313e-16,
    "additivity_resid": 0.0,
    "tolerances": {
      "mu": 1e-12,
      "add": 1e-12
    }
  },
  "mu": {
    "mu0": 0.9,
    "mu1": 1.2,
    "mu2": 1.9999999999999996,
    "muT": 1.9999999999999998
  },
  "logdet": {
    "total": 0.17948857188401934,
    "segmented_sum": 0.17948857188401934
  }
}