{
  "run_id": "aps_20250930T185214Z",
  "inputs": {
    "mu0": 0.9,
    "b": 0.02,
    "L": 12.0,
    "steps": 241
  },
  "bulk": 0.036029156957535946,
  "eta_half": 4.126613822790886,
  "k_integer": 2,
  "aps_sum": -2.09058466583335,
  "residual": 2.126613822790886
}