{
  "mu": 1.5,
  "sign_flip_phase": 1.0,
  "perm_phase": 1.0,
  "sign_flip_shape_err": 0.0,
  "perm_shape_err": 0.0,
  "phi_twist_class": "H2_shift",
  "shape_gm1": [
    0.7475116155353191,
    0.8225100245912331,
    1.070581685314641,
    1.1154983149140623,
    1.3619216589549228
  ]
}