{
  "run_id": "eta_tmf_20250930T174740Z",
  "timestamp_utc": "20250930T174740Z",
  "inputs": {
    "mu0": 0.9,
    "b": 0.02,
    "ell": 44.44444444444444,
    "mu_mid": 1.5
  },
  "stack": {
    "requested": "B5",
    "phi_twist": false,
    "effective": "B5",
    "order": 3840,
    "log_base": "e",
    "eta_half_logW": 4.126613822790886,
    "eta_refs": {
      "half_ln_W_B5": 4.126613822790886,
      "half_ln_W_E6": 5.427958665513078,
      "W_B5": 3840,
      "W_E6": 51840
    }
  },
  "spectral_snapshot": {
    "lam": [
      2.2675,
      2.495,
      3.2475,
      3.38375,
      4.1312500000000005
    ],
    "shape_gm1": [
      0.7475116155353191,
      0.8225100245912331,
      1.070581685314641,
      1.1154983149140623,
      1.3619216589549228
    ],
    "eigs_l2_err": 0.0
  }
}