{
  "sum_segments": -4.440892098500626e-16,
  "whole": -4.440892098500626e-16,
  "abs_err": 0.0
}