{
  "sum_segments": 0.0,
  "whole": 0.0,
  "abs_err": 0.0,
  "whole_with_eta": -4.126613822790886,
  "eta_applied": 4.126613822790886
}