{
  "sum_segments": 0.0,
  "whole": 0.0,
  "abs_err": 0.0,
  "whole_with_eta": -5.427958665513078,
  "eta_applied": 5.427958665513078
}