{
  "sum_segments": -4.440892098500626e-16,
  "whole": -8.881784197001252e-16,
  "abs_err": 4.440892098500626e-16
}