{
  "sum_segments": -8.881784197001252e-16,
  "whole": -1.7763568394002505e-15,
  "abs_err": 8.881784197001252e-16
}