{
  "mu_principal": [
    8.408988944290744e+16,
    0.00011699999999999977
  ],
  "mu_monodromy": [
    11808547517625.217,
    -583425910614.9143
  ],
  "shape_norm_err": 1.9640768639270667e-12
}