{
  "run_id": "relfun_20250930T185212Z",
  "inputs": {
    "mu0": 0.9,
    "b": 0.02,
    "ell1": 10.0,
    "ell2": 5.0
  },
  "mu_total": 1.2328767123287672,
  "mu_compose": 1.2328767123287672,
  "residual": 0.0,
  "pass": true
}