{
  "bootstrap_mu": {
    "mu_slope": 0.5687737522599426,
    "bias_corrected": 0.5687737522599426,
    "ci_lower": 0.39750482239998086,
    "ci_upper": 0.7024162581778827,
    "B": 2000,
    "seed": 42
  }
}