{
  "rank1_candidates": [
    {
      "mean": -1.032973645,
      "d1": -0.02259878999999998,
      "d2": 0.05204268999999995,
      "rank1_flag": 0
    }
  ]
}
