{"double_zero":{"critical_zeros":[],"d1":-0.9258063798726386,"d2":305.0433224899832,"flag":false,"freq_res":0.0078125,"hann":true,"heuristic_primes":[2,3,5,7,11,13,17,19],"sym2_outside_strip":[],"zero_pad":128}}\n