{"one_loop":{"F":2.226783379577764,"F_delta":-0.07580171341628184,"L_signed":0.07580171341628189,"amplitude_vs_dF_residual":5.551115123125783e-17,"entropy":0.007874865156418553,"fisher_relation_residual":0.0,"invariant_residual":0.0,"logA_rel":0.07580171341628189,"mu":0.1078748651564186,"scheduler_N":0.01263361890271365,"wall_times":{"1":9.50212931632136,"2":9.975212478233336,"3":9.998765901959134,"4":9.999938557876467,"5":9.999996940976795}},"params":{"b":1.0,"c":1.0,"ell":0.73,"mu0":0.1,"n":2.0},"params_b1":0.2,"schema":"taucrystal/rg_affine_leaf/v1","two_loop":{"integral_residual":0.0,"logA2":0.07586225753244277,"mu":0.1080517162270386,"newton_steps":8.0}}