{
"status":"ok","grid":[0.8,0.9,1.0,1.1,1.2,1.5,2.0],"L":[1.21134261,1.20449855,1.19828326,1.19265446,1.18756577,1.17507603,1.16110880],"zeros":[]}
