{"status":"ok","motives":[{"start":1,"end":20,"len":20,"mean":0.73223,"var":0.0561617},{"start":20,"end":50,"len":31,"mean":-0.212674,"var":0.463918},{"start":50,"end":80,"len":31,"mean":0.133244,"var":0.49859},{"start":80,"end":96,"len":17,"mean":0.50782,"var":0.162183}]}