{
  "measured": {
    "T": 0.0021997999865561724,
    "E": null,
    "tau": 173.0
  },
  "n": 2298850,
  "k": 173,
  "acc": 15468118.46810297
}