ts	type	sha256	merkle_root	size_bytes	source	path	git_commit	git_status
2025-09-10T13:58:48-04:00	receipt	01ebb6a044345cbfecbd0c4ac3a55725526962b593936ddfff194344838fb7e3		3714	git	campaigns/residuals_20250910_173422Z/summary.json	3580f4b18f2e35b02ddd727657f7becdd46d09ed	committed
2025-09-10T13:58:48-04:00	receipt	01ebb6a044345cbfecbd0c4ac3a55725526962b593936ddfff194344838fb7e3		3714	git	campaigns/residuals_20250910_173422Z/summary.json	8e37c691f0bd7edd9d54708f4f71fa9cf199ce0c	committed
2025-10-01T17:21:35-04:00	receipt	0356292a9a45d6bdf4e0233f8953b56fbb184a7c3aa58c97a4a1ea7e2ae950f6		231	git	.tau_ledger/entropy/2025-09-29T09-10-18Z_witness_quick.json	8bee4b8868ab33aa4bdfb64da418aa67c8c61431	committed
2025-10-01T17:21:35-04:00	receipt	04ce6a2dc1e093211b4db35b69e7ff6315fbaf325d2b1e4fcb1cf4a989cf3acf		375	git	analysis/freed/relative_index_20251001T004034Z.json	8bee4b8868ab33aa4bdfb64da418aa67c8c61431	committed
2025-09-22T15:05:59-04:00	receipt	05656bd3129320afd2b8caa57ed86b0814dcea288d660ed476bfe0674aa48c0c	92feedebd75fa1dc2a59de55e9dadbb290b787c590f2a9ee2f8d1775346f1058	156	git	analysis/capsules/auto-20250922T185919Z/capsule.receipt.json	408acd47a72c5d257045bb4565a8c5294d55f0b6	committed
2025-10-01T21:01:42-04:00	receipt	05ab277c3cfef72d4159b67d7764ef5098665e21f80cc98874d023d9ad01fe8d		227	git	.stage_23to29/_verify/unzip/tau_crystal/.tau_ledger/holo/holov1-20250914T193555Z.json	57f17787f15385b46f5477f80321ec049465c899	committed
2025-09-14T16:21:14-04:00	receipt	05ab277c3cfef72d4159b67d7764ef5098665e21f80cc98874d023d9ad01fe8d		227	git	.tau_ledger/holo/holov1-20250914T193555Z.json	447289884c59584bd0af0dc0ab9a5975dc6de16f	committed
2025-10-01T17:21:35-04:00	receipt	05ab277c3cfef72d4159b67d7764ef5098665e21f80cc98874d023d9ad01fe8d		227	git	.tau_ledger/holo/holov1-20250914T193555Z.json	8bee4b8868ab33aa4bdfb64da418aa67c8c61431	committed
2025-09-19T09:05:15-04:00	receipt	05ab277c3cfef72d4159b67d7764ef5098665e21f80cc98874d023d9ad01fe8d		227	git	_verify/unzip/tau_crystal/.tau_ledger/holo/holov1-20250914T193555Z.json	43c6b14ea8ea20ac7c4492c1ad12f5f95c5f61cf	committed
2025-10-01T17:21:35-04:00	receipt	0650f4e998202c26a48718641563dc8d8459578d115984e54b0f247398be74bb		796	git	.tau_ledger/freed/axiom_relative_index_20251001T014228Z.json	8bee4b8868ab33aa4bdfb64da418aa67c8c61431	committed
2025-09-30T21:55:50-04:00	receipt	0650f4e998202c26a48718641563dc8d8459578d115984e54b0f247398be74bb		796	git	.tau_ledger/freed/axiom_relative_index_20251001T015549Z.json	5add921041614b5a727eaccba3a7019f76179fe8	committed
2025-10-01T17:21:35-04:00	receipt	06c90f8f8707845e8652fcd53a0dfcf127bfdbfd522b63b8a3f1cb073f0d18a7		246	git	analysis/freed/atlas_swap_20251001T010749Z.json	8bee4b8868ab33aa4bdfb64da418aa67c8c61431	committed
2025-10-01T17:21:35-04:00	receipt	083583663d6465ee887b937da6d0fcf2843e68bdd1852fcde5019ada019090d6		1093	git	.tau_ledger/timefold/state/state_20250929T034553Z_ce6b47f71598.json	8bee4b8868ab33aa4bdfb64da418aa67c8c61431	committed
2025-10-02T03:12:20-04:00	receipt	0962b622b37fded95f9d239835f07eacc1f556c3bfb2d29a62a8f00ea66e27a4	ecf817815289060a4d4e86a5975da450c7b0f6d3adee82b289bb82fa8905b94d	156	git	.stage_23to29/analysis/capsules/auto-20250922T214829Z/capsule.receipt.json	01b168b5847dab7e08708c8f741740c171778f0a	committed
2025-10-02T03:12:20-04:00	receipt	0962b622b37fded95f9d239835f07eacc1f556c3bfb2d29a62a8f00ea66e27a4	ecf817815289060a4d4e86a5975da450c7b0f6d3adee82b289bb82fa8905b94d	156	git	.stage_23to29/analysis/capsules/auto-20250922T214829Z/capsule.receipt.json	5634886006567bbc8a0b7e8f6e7798ed4b6d4c8c	committed
2025-10-02T03:12:20-04:00	receipt	0962b622b37fded95f9d239835f07eacc1f556c3bfb2d29a62a8f00ea66e27a4	ecf817815289060a4d4e86a5975da450c7b0f6d3adee82b289bb82fa8905b94d	156	git	analysis/capsules/auto-20250922T214829Z/capsule.receipt.json	01b168b5847dab7e08708c8f741740c171778f0a	committed
2025-10-02T03:12:20-04:00	receipt	0962b622b37fded95f9d239835f07eacc1f556c3bfb2d29a62a8f00ea66e27a4	ecf817815289060a4d4e86a5975da450c7b0f6d3adee82b289bb82fa8905b94d	156	git	analysis/capsules/auto-20250922T214829Z/capsule.receipt.json	5634886006567bbc8a0b7e8f6e7798ed4b6d4c8c	committed
2025-09-23T16:40:49-04:00	receipt	0962b622b37fded95f9d239835f07eacc1f556c3bfb2d29a62a8f00ea66e27a4	ecf817815289060a4d4e86a5975da450c7b0f6d3adee82b289bb82fa8905b94d	156	git	analysis/capsules/auto-20250922T214829Z/capsule.receipt.json	603f7f299e3b203e740dcebe480b8f50babb6a7c	committed
2025-10-01T21:01:42-04:00	receipt	09e312b6be4d71c14eaa4a2d1112450f1acd54935a73b135a6aed7893df89e99	5cc63adf6e6f305128d2932c5b298b78659e7b0e275ac79accaecc5846a992d8	933	git	.stage_23to29/_verify/unzip/tau_crystal/.tau_ledger/automorphic/hecke_1757927249.json	57f17787f15385b46f5477f80321ec049465c899	committed
2025-09-15T13:51:58-04:00	receipt	09e312b6be4d71c14eaa4a2d1112450f1acd54935a73b135a6aed7893df89e99	5cc63adf6e6f305128d2932c5b298b78659e7b0e275ac79accaecc5846a992d8	933	git	.tau_ledger/automorphic/hecke_1757927249.json	510e2b644f6ccf13f0cec16f5a6aee0564789284	committed
2025-10-01T17:21:35-04:00	receipt	09e312b6be4d71c14eaa4a2d1112450f1acd54935a73b135a6aed7893df89e99	5cc63adf6e6f305128d2932c5b298b78659e7b0e275ac79accaecc5846a992d8	933	git	.tau_ledger/automorphic/hecke_1757927249.json	8bee4b8868ab33aa4bdfb64da418aa67c8c61431	committed
2025-09-19T09:05:15-04:00	receipt	09e312b6be4d71c14eaa4a2d1112450f1acd54935a73b135a6aed7893df89e99	5cc63adf6e6f305128d2932c5b298b78659e7b0e275ac79accaecc5846a992d8	933	git	_verify/unzip/tau_crystal/.tau_ledger/automorphic/hecke_1757927249.json	43c6b14ea8ea20ac7c4492c1ad12f5f95c5f61cf	committed
2025-09-06T01:17:06-04:00	receipt	0a5d185c61228d5ed28c657fc9006a2c973ad45ebea31dbbfd2e3252df135501	sha256:a16d83c982128ca003f0a73ff62c254060d4301cfe1e47e7f5444a95ef283d9c	1073	git	manifests/a16d83c982128ca003f0a73ff62c254060d4301cfe1e47e7f5444a95ef283d9c.json	449760c0317e99a1c4680cccde035ec0efdc2f2e	committed
2025-10-01T21:01:42-04:00	receipt	0d9ffb177da31d8bfd6d59907df7eb421d62a6c13f3d4b25986b19e87d70a38d	11083d6ed31e71bc87d92b9486402e967dad22cdb03acf0729bc1020ecde8e1f	159281	git	.stage_23to29/_verify/unzip/tau_crystal/.tau_ledger/discovery/confirm_double_zero_stable.json	57f17787f15385b46f5477f80321ec049465c899	committed
2025-10-02T03:12:20-04:00	receipt	0d9ffb177da31d8bfd6d59907df7eb421d62a6c13f3d4b25986b19e87d70a38d	11083d6ed31e71bc87d92b9486402e967dad22cdb03acf0729bc1020ecde8e1f	159281	git	.stage_23to29/analysis/capsules/auto-20250922T214829Z/confirm_double_zero_stable.json	01b168b5847dab7e08708c8f741740c171778f0a	committed
2025-10-02T03:12:20-04:00	receipt	0d9ffb177da31d8bfd6d59907df7eb421d62a6c13f3d4b25986b19e87d70a38d	11083d6ed31e71bc87d92b9486402e967dad22cdb03acf0729bc1020ecde8e1f	159281	git	.stage_23to29/analysis/capsules/auto-20250922T214829Z/confirm_double_zero_stable.json	5634886006567bbc8a0b7e8f6e7798ed4b6d4c8c	committed
2025-10-02T03:12:20-04:00	receipt	0d9ffb177da31d8bfd6d59907df7eb421d62a6c13f3d4b25986b19e87d70a38d	11083d6ed31e71bc87d92b9486402e967dad22cdb03acf0729bc1020ecde8e1f	159281	git	.stage_23to29/analysis/capsules/auto-20250922T215137Z/confirm_double_zero_stable.json	01b168b5847dab7e08708c8f741740c171778f0a	committed
2025-10-02T03:12:20-04:00	receipt	0d9ffb177da31d8bfd6d59907df7eb421d62a6c13f3d4b25986b19e87d70a38d	11083d6ed31e71bc87d92b9486402e967dad22cdb03acf0729bc1020ecde8e1f	159281	git	.stage_23to29/analysis/capsules/auto-20250922T215137Z/confirm_double_zero_stable.json	5634886006567bbc8a0b7e8f6e7798ed4b6d4c8c	committed
2025-10-02T03:12:20-04:00	receipt	0d9ffb177da31d8bfd6d59907df7eb421d62a6c13f3d4b25986b19e87d70a38d	11083d6ed31e71bc87d92b9486402e967dad22cdb03acf0729bc1020ecde8e1f	159281	git	.stage_23to29/analysis/capsules/auto-20250922T220215Z/confirm_double_zero_stable.json	01b168b5847dab7e08708c8f741740c171778f0a	committed
2025-10-02T03:12:20-04:00	receipt	0d9ffb177da31d8bfd6d59907df7eb421d62a6c13f3d4b25986b19e87d70a38d	11083d6ed31e71bc87d92b9486402e967dad22cdb03acf0729bc1020ecde8e1f	159281	git	.stage_23to29/analysis/capsules/auto-20250922T220215Z/confirm_double_zero_stable.json	5634886006567bbc8a0b7e8f6e7798ed4b6d4c8c	committed
2025-10-02T03:12:20-04:00	receipt	0d9ffb177da31d8bfd6d59907df7eb421d62a6c13f3d4b25986b19e87d70a38d	11083d6ed31e71bc87d92b9486402e967dad22cdb03acf0729bc1020ecde8e1f	159281	git	.stage_23to29/analysis/capsules/auto-20250922T220241Z/confirm_double_zero_stable.json	01b168b5847dab7e08708c8f741740c171778f0a	committed
2025-10-02T03:12:20-04:00	receipt	0d9ffb177da31d8bfd6d59907df7eb421d62a6c13f3d4b25986b19e87d70a38d	11083d6ed31e71bc87d92b9486402e967dad22cdb03acf0729bc1020ecde8e1f	159281	git	.stage_23to29/analysis/capsules/auto-20250922T220241Z/confirm_double_zero_stable.json	5634886006567bbc8a0b7e8f6e7798ed4b6d4c8c	committed
2025-10-02T03:12:20-04:00	receipt	0d9ffb177da31d8bfd6d59907df7eb421d62a6c13f3d4b25986b19e87d70a38d	11083d6ed31e71bc87d92b9486402e967dad22cdb03acf0729bc1020ecde8e1f	159281	git	.stage_23to29/analysis/capsules/auto-20250922T222942Z/confirm_double_zero_stable.json	01b168b5847dab7e08708c8f741740c171778f0a	committed
2025-10-02T03:12:20-04:00	receipt	0d9ffb177da31d8bfd6d59907df7eb421d62a6c13f3d4b25986b19e87d70a38d	11083d6ed31e71bc87d92b9486402e967dad22cdb03acf0729bc1020ecde8e1f	159281	git	.stage_23to29/analysis/capsules/auto-20250922T222942Z/confirm_double_zero_stable.json	5634886006567bbc8a0b7e8f6e7798ed4b6d4c8c	committed
2025-10-02T03:12:20-04:00	receipt	0d9ffb177da31d8bfd6d59907df7eb421d62a6c13f3d4b25986b19e87d70a38d	11083d6ed31e71bc87d92b9486402e967dad22cdb03acf0729bc1020ecde8e1f	159281	git	.stage_23to29/analysis/capsules/auto-20250922T224731Z/confirm_double_zero_stable.json	01b168b5847dab7e08708c8f741740c171778f0a	committed
2025-10-02T03:12:20-04:00	receipt	0d9ffb177da31d8bfd6d59907df7eb421d62a6c13f3d4b25986b19e87d70a38d	11083d6ed31e71bc87d92b9486402e967dad22cdb03acf0729bc1020ecde8e1f	159281	git	.stage_23to29/analysis/capsules/auto-20250922T224731Z/confirm_double_zero_stable.json	5634886006567bbc8a0b7e8f6e7798ed4b6d4c8c	committed
2025-10-01T17:21:35-04:00	receipt	0d9ffb177da31d8bfd6d59907df7eb421d62a6c13f3d4b25986b19e87d70a38d	11083d6ed31e71bc87d92b9486402e967dad22cdb03acf0729bc1020ecde8e1f	159281	git	.tau_ledger/discovery/confirm_double_zero_stable.json	8bee4b8868ab33aa4bdfb64da418aa67c8c61431	committed
2025-09-19T09:05:15-04:00	receipt	0d9ffb177da31d8bfd6d59907df7eb421d62a6c13f3d4b25986b19e87d70a38d	11083d6ed31e71bc87d92b9486402e967dad22cdb03acf0729bc1020ecde8e1f	159281	git	_verify/unzip/tau_crystal/.tau_ledger/discovery/confirm_double_zero_stable.json	43c6b14ea8ea20ac7c4492c1ad12f5f95c5f61cf	committed
2025-10-02T03:12:20-04:00	receipt	0d9ffb177da31d8bfd6d59907df7eb421d62a6c13f3d4b25986b19e87d70a38d	11083d6ed31e71bc87d92b9486402e967dad22cdb03acf0729bc1020ecde8e1f	159281	git	analysis/capsules/auto-20250922T214829Z/confirm_double_zero_stable.json	01b168b5847dab7e08708c8f741740c171778f0a	committed
2025-10-02T03:12:20-04:00	receipt	0d9ffb177da31d8bfd6d59907df7eb421d62a6c13f3d4b25986b19e87d70a38d	11083d6ed31e71bc87d92b9486402e967dad22cdb03acf0729bc1020ecde8e1f	159281	git	analysis/capsules/auto-20250922T214829Z/confirm_double_zero_stable.json	5634886006567bbc8a0b7e8f6e7798ed4b6d4c8c	committed
2025-10-02T03:12:20-04:00	receipt	0d9ffb177da31d8bfd6d59907df7eb421d62a6c13f3d4b25986b19e87d70a38d	11083d6ed31e71bc87d92b9486402e967dad22cdb03acf0729bc1020ecde8e1f	159281	git	analysis/capsules/auto-20250922T215137Z/confirm_double_zero_stable.json	01b168b5847dab7e08708c8f741740c171778f0a	committed
2025-10-02T03:12:20-04:00	receipt	0d9ffb177da31d8bfd6d59907df7eb421d62a6c13f3d4b25986b19e87d70a38d	11083d6ed31e71bc87d92b9486402e967dad22cdb03acf0729bc1020ecde8e1f	159281	git	analysis/capsules/auto-20250922T215137Z/confirm_double_zero_stable.json	5634886006567bbc8a0b7e8f6e7798ed4b6d4c8c	committed
2025-09-23T16:40:49-04:00	receipt	0d9ffb177da31d8bfd6d59907df7eb421d62a6c13f3d4b25986b19e87d70a38d	11083d6ed31e71bc87d92b9486402e967dad22cdb03acf0729bc1020ecde8e1f	159281	git	analysis/capsules/auto-20250922T215137Z/confirm_double_zero_stable.json	603f7f299e3b203e740dcebe480b8f50babb6a7c	committed
2025-10-02T03:12:20-04:00	receipt	0d9ffb177da31d8bfd6d59907df7eb421d62a6c13f3d4b25986b19e87d70a38d	11083d6ed31e71bc87d92b9486402e967dad22cdb03acf0729bc1020ecde8e1f	159281	git	analysis/capsules/auto-20250922T220215Z/confirm_double_zero_stable.json	01b168b5847dab7e08708c8f741740c171778f0a	committed
2025-10-02T03:12:20-04:00	receipt	0d9ffb177da31d8bfd6d59907df7eb421d62a6c13f3d4b25986b19e87d70a38d	11083d6ed31e71bc87d92b9486402e967dad22cdb03acf0729bc1020ecde8e1f	159281	git	analysis/capsules/auto-20250922T220215Z/confirm_double_zero_stable.json	5634886006567bbc8a0b7e8f6e7798ed4b6d4c8c	committed
2025-09-23T16:40:49-04:00	receipt	0d9ffb177da31d8bfd6d59907df7eb421d62a6c13f3d4b25986b19e87d70a38d	11083d6ed31e71bc87d92b9486402e967dad22cdb03acf0729bc1020ecde8e1f	159281	git	analysis/capsules/auto-20250922T220215Z/confirm_double_zero_stable.json	603f7f299e3b203e740dcebe480b8f50babb6a7c	committed
2025-10-02T03:12:20-04:00	receipt	0d9ffb177da31d8bfd6d59907df7eb421d62a6c13f3d4b25986b19e87d70a38d	11083d6ed31e71bc87d92b9486402e967dad22cdb03acf0729bc1020ecde8e1f	159281	git	analysis/capsules/auto-20250922T220241Z/confirm_double_zero_stable.json	01b168b5847dab7e08708c8f741740c171778f0a	committed
2025-10-02T03:12:20-04:00	receipt	0d9ffb177da31d8bfd6d59907df7eb421d62a6c13f3d4b25986b19e87d70a38d	11083d6ed31e71bc87d92b9486402e967dad22cdb03acf0729bc1020ecde8e1f	159281	git	analysis/capsules/auto-20250922T220241Z/confirm_double_zero_stable.json	5634886006567bbc8a0b7e8f6e7798ed4b6d4c8c	committed
2025-09-23T16:40:49-04:00	receipt	0d9ffb177da31d8bfd6d59907df7eb421d62a6c13f3d4b25986b19e87d70a38d	11083d6ed31e71bc87d92b9486402e967dad22cdb03acf0729bc1020ecde8e1f	159281	git	analysis/capsules/auto-20250922T220241Z/confirm_double_zero_stable.json	603f7f299e3b203e740dcebe480b8f50babb6a7c	committed
2025-10-02T03:12:20-04:00	receipt	0d9ffb177da31d8bfd6d59907df7eb421d62a6c13f3d4b25986b19e87d70a38d	11083d6ed31e71bc87d92b9486402e967dad22cdb03acf0729bc1020ecde8e1f	159281	git	analysis/capsules/auto-20250922T222942Z/confirm_double_zero_stable.json	01b168b5847dab7e08708c8f741740c171778f0a	committed
2025-10-02T03:12:20-04:00	receipt	0d9ffb177da31d8bfd6d59907df7eb421d62a6c13f3d4b25986b19e87d70a38d	11083d6ed31e71bc87d92b9486402e967dad22cdb03acf0729bc1020ecde8e1f	159281	git	analysis/capsules/auto-20250922T222942Z/confirm_double_zero_stable.json	5634886006567bbc8a0b7e8f6e7798ed4b6d4c8c	committed
2025-09-23T16:40:49-04:00	receipt	0d9ffb177da31d8bfd6d59907df7eb421d62a6c13f3d4b25986b19e87d70a38d	11083d6ed31e71bc87d92b9486402e967dad22cdb03acf0729bc1020ecde8e1f	159281	git	analysis/capsules/auto-20250922T222942Z/confirm_double_zero_stable.json	603f7f299e3b203e740dcebe480b8f50babb6a7c	committed
2025-10-02T03:12:20-04:00	receipt	0d9ffb177da31d8bfd6d59907df7eb421d62a6c13f3d4b25986b19e87d70a38d	11083d6ed31e71bc87d92b9486402e967dad22cdb03acf0729bc1020ecde8e1f	159281	git	analysis/capsules/auto-20250922T224731Z/confirm_double_zero_stable.json	01b168b5847dab7e08708c8f741740c171778f0a	committed
2025-10-02T03:12:20-04:00	receipt	0d9ffb177da31d8bfd6d59907df7eb421d62a6c13f3d4b25986b19e87d70a38d	11083d6ed31e71bc87d92b9486402e967dad22cdb03acf0729bc1020ecde8e1f	159281	git	analysis/capsules/auto-20250922T224731Z/confirm_double_zero_stable.json	5634886006567bbc8a0b7e8f6e7798ed4b6d4c8c	committed
2025-09-23T16:40:49-04:00	receipt	0d9ffb177da31d8bfd6d59907df7eb421d62a6c13f3d4b25986b19e87d70a38d	11083d6ed31e71bc87d92b9486402e967dad22cdb03acf0729bc1020ecde8e1f	159281	git	analysis/capsules/auto-20250922T224731Z/confirm_double_zero_stable.json	603f7f299e3b203e740dcebe480b8f50babb6a7c	committed
2025-09-22T13:28:19-04:00	receipt	0d9ffb177da31d8bfd6d59907df7eb421d62a6c13f3d4b25986b19e87d70a38d	11083d6ed31e71bc87d92b9486402e967dad22cdb03acf0729bc1020ecde8e1f	159281	git	analysis/capsules/init-20250922T172818Z/confirm_double_zero_stable.json	6523fa5e52bc9e77047776ba7c506cbe594d19b2	committed
2025-10-01T17:21:35-04:00	receipt	0f3445a38cdf7822589a0abc37f33929f089e50ff51099edd0ed8c39818b99ef	74353175e75a437f6888b86657485855af1ec451f3dd48892072385151d79a1c	1051	git	.tau_ledger/entropy/witness_20250929T043512Z_74353175e75a.json	8bee4b8868ab33aa4bdfb64da418aa67c8c61431	committed
2025-09-06T02:24:34-04:00	receipt	0fe08c941d8061baf940547682b22f68e1d0b58931b0b8b32e7ee0e206bb4137	sha256:c1eed52958abd56e858c4e7a312b38eb866c3aeb13786a8517e3169f972ee409	1055	git	rescue/20250906-011842/manifests/c1eed52958abd56e858c4e7a312b38eb866c3aeb13786a8517e3169f972ee409.json	16a4cc5a4de973d78adf308301af9a349922ec47	committed
2025-09-06T02:24:34-04:00	receipt	0fe08c941d8061baf940547682b22f68e1d0b58931b0b8b32e7ee0e206bb4137	sha256:c1eed52958abd56e858c4e7a312b38eb866c3aeb13786a8517e3169f972ee409	1055	git	rescue/20250906-011842/manifests/c1eed52958abd56e858c4e7a312b38eb866c3aeb13786a8517e3169f972ee409.json	5e5d4612f88f10db8e46c2eee4d0a98cde54b855	committed
2025-10-01T17:21:35-04:00	receipt	114f50cb1fd58fab54b7277969cc2e82c7f090ef60a596e1350449ba8bf7d4bd	74353175e75a437f6888b86657485855af1ec451f3dd48892072385151d79a1c	1051	git	.tau_ledger/entropy/witness_20250929T063118Z_74353175e75a.json	8bee4b8868ab33aa4bdfb64da418aa67c8c61431	committed
2025-10-01T21:01:42-04:00	receipt	1271554dcb5bc515622cb69e9f66357e23ce45085deac3e7890d5fcea2077c20		3526	git	.stage_23to29/certs/spectral_cert_20250922T000922Z/MANIFEST.json	57f17787f15385b46f5477f80321ec049465c899	committed
2025-10-01T17:21:35-04:00	receipt	1282b321accade1a80c8a58635a1537efcf1180a30fafbc93f288c7d75cc21ad		214	git	.tau_ledger/seifert/2025-09-29T08-00-20Z_couple.json	8bee4b8868ab33aa4bdfb64da418aa67c8c61431	committed
2025-10-01T20:50:09-04:00	receipt	147f00bdce6a275a5914c0f98295d07341a9980db94927f2357ccb3f99930877		383	git	.tau_ledger/anomaly_M1_canon_20251002T005006Z.receipt.json	7185797a450f3e6a5fb1f4c94f3f40e4d82cc943	committed
2025-09-15T13:51:58-04:00	receipt	1568bff769b498493adb63bd91fb14d229309f92f08500b4f89d842e55a43f25	26762467dc0c006469c549450e342313849383195c49c7b12443f61d2eba7a75	275	git	.tau_ledger/cache/cache-20250914T144514Z.json	510e2b644f6ccf13f0cec16f5a6aee0564789284	committed
2025-10-01T17:21:35-04:00	receipt	157121a8b2f042856e5c2f817bdaffdb1d7fdeeb7037603342e0ee417e3ada3d		359	git	.tau_ledger/freed/axioms_passfail_20250930T201336Z.manifest.json	8bee4b8868ab33aa4bdfb64da418aa67c8c61431	committed
2025-10-01T21:01:42-04:00	receipt	166b3950b01cd90f678595c919d873b5a4aaba301191ae0040eb39ab8950d85c		887	git	.stage_23to29/_ci_artifacts/physics/post_cert.json	57f17787f15385b46f5477f80321ec049465c899	committed
2025-10-01T21:01:42-04:00	receipt	166b3950b01cd90f678595c919d873b5a4aaba301191ae0040eb39ab8950d85c		887	git	.stage_23to29/_verify/unzip/tau_crystal/_ci_artifacts/physics/post_cert.json	57f17787f15385b46f5477f80321ec049465c899	committed
2025-09-13T12:00:02-04:00	receipt	166b3950b01cd90f678595c919d873b5a4aaba301191ae0040eb39ab8950d85c		887	git	_ci_artifacts/physics/post_cert.json	4086bc297aa65dbc8b65681be5012f76f18f75f5	committed
2025-09-13T12:00:02-04:00	receipt	166b3950b01cd90f678595c919d873b5a4aaba301191ae0040eb39ab8950d85c		887	git	_ci_artifacts/physics/post_cert.json	62980c1d1b8bc88399e41086203a777db3be8708	committed
2025-09-19T09:05:15-04:00	receipt	166b3950b01cd90f678595c919d873b5a4aaba301191ae0040eb39ab8950d85c		887	git	_verify/unzip/tau_crystal/_ci_artifacts/physics/post_cert.json	43c6b14ea8ea20ac7c4492c1ad12f5f95c5f61cf	committed
2025-10-01T17:21:35-04:00	receipt	16dd2146b9d5aa21f0dbf25a146455f099e0aa6652c5fc1e64e49a6d44ac694e		476	git	analysis/capsules/lost/lost_discovery_radar_20250927T202321Z/manifest.json	8bee4b8868ab33aa4bdfb64da418aa67c8c61431	committed
2025-10-01T17:21:35-04:00	receipt	17093f5c0b47b8c5fe45ed42fa2ee2a3b5fbced9c56a4b81000defa5af865d35		443	git	.tau_ledger/geom/_archive/anchor_20250919170524_3df490a1c12368fb2702561fb2212427cb682a5a45949310653692ad422c2c82.json	8bee4b8868ab33aa4bdfb64da418aa67c8c61431	committed
2025-09-19T13:20:22-04:00	receipt	17093f5c0b47b8c5fe45ed42fa2ee2a3b5fbced9c56a4b81000defa5af865d35		443	git	.tau_ledger/geom/anchor_20250919170524_3df490a1c12368fb2702561fb2212427cb682a5a45949310653692ad422c2c82.json	1a371471d2b1b81cf87e1eaa362127223ea7b3b4	committed
2025-09-19T13:20:22-04:00	receipt	17093f5c0b47b8c5fe45ed42fa2ee2a3b5fbced9c56a4b81000defa5af865d35		443	git	.tau_ledger/geom/anchor_20250919170524_3df490a1c12368fb2702561fb2212427cb682a5a45949310653692ad422c2c82.json	8908b573c3994498e634f76992fbc04761cf2251	committed
2025-09-21T18:02:16-04:00	receipt	171cf6ae0c727db96a25a2956aa6a531e50741e6db46c2797b2b7753714d811b		2513	git	_fusion_out/MANIFEST.json	40e0fb2a563e16c4c998b3e58eb0b5b72c05fbd3	committed
2025-09-06T18:15:54-04:00	receipt	17b132b97e78c364419dc12401797915a2be79c504eaf3831ec3ecbb67574f8a	dd2082617be677bde8470977933f2f97806c9eb922a3a7f9b498d4d850ec2f1a	369	git	.tau_ledger/receipts/20250906T071717Z-46b1e91-local.json	58ac70cb3af1a4648e66eeb3f0ed3b2ab7c22b2d	committed
2025-09-09T00:19:05-04:00	receipt	17b132b97e78c364419dc12401797915a2be79c504eaf3831ec3ecbb67574f8a	dd2082617be677bde8470977933f2f97806c9eb922a3a7f9b498d4d850ec2f1a	369	git	.tau_ledger/receipts/20250906T071717Z-46b1e91-local.json	60cff83d0bae2c2f763366453c00e5216764fc0e	committed
2025-09-06T18:15:54-04:00	receipt	17b132b97e78c364419dc12401797915a2be79c504eaf3831ec3ecbb67574f8a	dd2082617be677bde8470977933f2f97806c9eb922a3a7f9b498d4d850ec2f1a	369	git	.tau_ledger/receipts/20250906T071717Z-46b1e91-local.json	6503cf762ea8d24cb96691334607b46156525f28	committed
2025-09-09T00:19:05-04:00	receipt	17b132b97e78c364419dc12401797915a2be79c504eaf3831ec3ecbb67574f8a	dd2082617be677bde8470977933f2f97806c9eb922a3a7f9b498d4d850ec2f1a	369	git	.tau_ledger/receipts/20250906T071717Z-46b1e91-local.json	91c37c7cb33f5980a273c022ab527bd1f902298f	committed
2025-10-01T21:01:42-04:00	receipt	1940413aab1a6d1fae6fe9f450800b7c1f6cb28dd18aa7e275542217d3c1edde	deadbeef	323	git	.stage_23to29/_verify/unzip/tau_crystal/.tau_ledger/holo/holov1-20250914T143706Z.json	57f17787f15385b46f5477f80321ec049465c899	committed
2025-09-14T10:37:58-04:00	receipt	1940413aab1a6d1fae6fe9f450800b7c1f6cb28dd18aa7e275542217d3c1edde	deadbeef	323	git	.tau_ledger/holo/holov1-20250914T143706Z.json	7f9c53b0636cffba64b0d0605e6f077fc5f73d73	committed
2025-10-01T17:21:35-04:00	receipt	1940413aab1a6d1fae6fe9f450800b7c1f6cb28dd18aa7e275542217d3c1edde	deadbeef	323	git	.tau_ledger/holo/holov1-20250914T143706Z.json	8bee4b8868ab33aa4bdfb64da418aa67c8c61431	committed
2025-09-19T09:05:15-04:00	receipt	1940413aab1a6d1fae6fe9f450800b7c1f6cb28dd18aa7e275542217d3c1edde	deadbeef	323	git	_verify/unzip/tau_crystal/.tau_ledger/holo/holov1-20250914T143706Z.json	43c6b14ea8ea20ac7c4492c1ad12f5f95c5f61cf	committed
2025-09-09T00:19:05-04:00	receipt	196b7a00f3a501e9cf3a0822727dd158170dd3ed7aa6b14d0dc7b9f7035dab89	41251899cddc5e32a22b498ee62f1458a2a517bc090349059fca60ec0337481c	369	git	.tau_ledger/receipts/20250907T165336Z-b256a0f-local.json	60cff83d0bae2c2f763366453c00e5216764fc0e	committed
2025-09-06T01:31:01-04:00	receipt	1b345be8644e6fbe90abe96bbdc667585d8cfbb0bb9242ade76af1d7b4085ce4	sha256:4da10902a9a139498bd23290d2b3ef0853188a8bab4cd9df0537a0f2a74f7e91	995	git	manifests/4da10902a9a139498bd23290d2b3ef0853188a8bab4cd9df0537a0f2a74f7e91.json	78ee39c86f37e399af9907c056ee98d2b2a45774	committed
2025-10-01T17:21:35-04:00	receipt	1ce61e4e9f797f918a8b48fe3ef6b9e6fda70d60e2948176a1294382fe3e64ce	74353175e75a437f6888b86657485855af1ec451f3dd48892072385151d79a1c	1051	git	.tau_ledger/entropy/witness_20250929T043338Z_74353175e75a.json	8bee4b8868ab33aa4bdfb64da418aa67c8c61431	committed
2025-09-06T01:31:46-04:00	receipt	1d12f2a9bdb62cc416b58ea375689ce2e39f2258b8b9231440f31bfca951d2a6	sha256:3959dd3e8636da607afb4ae6a616b165a206a5a9874be9f35200e7a7571102c4	1060	git	manifests/3959dd3e8636da607afb4ae6a616b165a206a5a9874be9f35200e7a7571102c4.json	3dfa4f62a511b2552c13b790af1da391f67a6731	committed
2025-10-01T17:21:35-04:00	receipt	1dcdde94a6503f318b1f981d70291aa5d815b6bc78ebf3475724a882ff85aff7		141	git	.tau_ledger/entropy/2025-09-29T09-13-26Z_witness_quick.json	8bee4b8868ab33aa4bdfb64da418aa67c8c61431	committed
2025-09-06T01:17:06-04:00	receipt	1e199e6e745a86180abe24225bc9b1eefecdaa84ceb3a0e05c9a9dca425f0f8f	sha256:6fcecff5c1054733d0d6fe7403d35049237a8eb21d364df12daac9980488df44	795	git	manifests/6fcecff5c1054733d0d6fe7403d35049237a8eb21d364df12daac9980488df44.json	449760c0317e99a1c4680cccde035ec0efdc2f2e	committed
2025-10-01T17:21:35-04:00	receipt	1e208a1271b7c996e0b27e948eb99061c691263018c4c5649de2695dfdab32ea		384	git	.tau_ledger/freed/files.json	8bee4b8868ab33aa4bdfb64da418aa67c8c61431	committed
2025-10-01T17:21:35-04:00	receipt	1efcb717261b52bee4c52942027f97f6afd4145280e8f5e020bfe80a8dda5a58		300	git	.tau_ledger/freed/factorization_gate_20251001T010748Z.json	8bee4b8868ab33aa4bdfb64da418aa67c8c61431	committed
2025-09-15T06:56:02-04:00	receipt	1f216c360c75016d0a96f5b8f626953fcfa3730b383615865066027ebb931f4c	b0e29df6ca1127409306029d1840a1897f61c387a6573b6f262a1191f426956a	488	git	.tau_ledger/experimental/bootstrap_mu.json	135a181be8101a8df40bfe07545a268d9b89ab43	committed
2025-09-15T13:51:58-04:00	receipt	212a67e25f370c5cee3277dd10fe1ed249bcd7f3dcd740c26d1c57a5c621af1a	54c5c76ecf406d8da276407d4ee6eebcdbb5704cf6cae54f6f2ee04366a480db	275	git	.tau_ledger/cache/cache-20250914T162526Z.json	510e2b644f6ccf13f0cec16f5a6aee0564789284	committed
2025-09-20T11:32:22-04:00	receipt	22eb6510435c19503153e82d9af40b539f19121468b2ac633b31c283f81aa7e4		537	git	.tau_ledger/coho_obstruction_v2.json	0dd0f54a898121978520e4536a8be19ea85fd304	committed
2025-09-15T06:55:12-04:00	receipt	256a0a4cbd8ab3ccb78696c489f2bd8d0f0f41823f103470dab5d2085df1c41b	cdf5f02c80dc52ccf6b7d2df607b2d1102d75f74cac2ae1899e5f7351d02f813	486	git	.tau_ledger/experimental/fft_bsd.json	45ef5e9d71439b491d13c1e501ce05c95c72c169	committed
2025-09-22T15:05:59-04:00	receipt	25ddce9ea5963be72753d777f537439fee366488a223418291ab9426bfc3d942	98a82a7fe2726d976facd8159a2da52960a22bbee0e7e4d3e52558ac499a7490	156	git	analysis/capsules/auto-20250922T182928Z/capsule.receipt.json	408acd47a72c5d257045bb4565a8c5294d55f0b6	committed
2025-10-02T03:12:20-04:00	receipt	26b2a46487039f61124dd904602326064ce8c1e028af02bdef3aaa4a49bba826	3a7c3f6e379b8f5dd91a72f45e847538933f5b90d4676e15be6b6b031fb1a210	156	git	.stage_23to29/analysis/capsules/auto-20250922T215137Z/capsule.receipt.json	01b168b5847dab7e08708c8f741740c171778f0a	committed
2025-10-02T03:12:20-04:00	receipt	26b2a46487039f61124dd904602326064ce8c1e028af02bdef3aaa4a49bba826	3a7c3f6e379b8f5dd91a72f45e847538933f5b90d4676e15be6b6b031fb1a210	156	git	.stage_23to29/analysis/capsules/auto-20250922T215137Z/capsule.receipt.json	5634886006567bbc8a0b7e8f6e7798ed4b6d4c8c	committed
2025-10-02T03:12:20-04:00	receipt	26b2a46487039f61124dd904602326064ce8c1e028af02bdef3aaa4a49bba826	3a7c3f6e379b8f5dd91a72f45e847538933f5b90d4676e15be6b6b031fb1a210	156	git	analysis/capsules/auto-20250922T215137Z/capsule.receipt.json	01b168b5847dab7e08708c8f741740c171778f0a	committed
2025-10-02T03:12:20-04:00	receipt	26b2a46487039f61124dd904602326064ce8c1e028af02bdef3aaa4a49bba826	3a7c3f6e379b8f5dd91a72f45e847538933f5b90d4676e15be6b6b031fb1a210	156	git	analysis/capsules/auto-20250922T215137Z/capsule.receipt.json	5634886006567bbc8a0b7e8f6e7798ed4b6d4c8c	committed
2025-09-23T16:40:49-04:00	receipt	26b2a46487039f61124dd904602326064ce8c1e028af02bdef3aaa4a49bba826	3a7c3f6e379b8f5dd91a72f45e847538933f5b90d4676e15be6b6b031fb1a210	156	git	analysis/capsules/auto-20250922T215137Z/capsule.receipt.json	603f7f299e3b203e740dcebe480b8f50babb6a7c	committed
2025-09-15T13:51:58-04:00	receipt	27e9088817f41135c71fce4ab59d478589af3055b8f26ef4627d208c45f6d649	746864d7bff3ca27b8a7d86b14732f88256c71e0af874546a6f383498dcf9f0b	275	git	.tau_ledger/cache/cache-20250914T175521Z.json	510e2b644f6ccf13f0cec16f5a6aee0564789284	committed
2025-10-02T03:12:20-04:00	receipt	27fef9605fa34452c0f7e9c2d2ec674178c760cf641cf670aad72097b6704e15	6d48389e17d32503e1ac15d33c9c95a573eb0adf58e4fed1da9c5529bb2a4cd8	156	git	.stage_23to29/analysis/capsules/auto-20250922T224731Z/capsule.receipt.json	01b168b5847dab7e08708c8f741740c171778f0a	committed
2025-10-02T03:12:20-04:00	receipt	27fef9605fa34452c0f7e9c2d2ec674178c760cf641cf670aad72097b6704e15	6d48389e17d32503e1ac15d33c9c95a573eb0adf58e4fed1da9c5529bb2a4cd8	156	git	.stage_23to29/analysis/capsules/auto-20250922T224731Z/capsule.receipt.json	5634886006567bbc8a0b7e8f6e7798ed4b6d4c8c	committed
2025-10-02T03:12:20-04:00	receipt	27fef9605fa34452c0f7e9c2d2ec674178c760cf641cf670aad72097b6704e15	6d48389e17d32503e1ac15d33c9c95a573eb0adf58e4fed1da9c5529bb2a4cd8	156	git	analysis/capsules/auto-20250922T224731Z/capsule.receipt.json	01b168b5847dab7e08708c8f741740c171778f0a	committed
2025-10-02T03:12:20-04:00	receipt	27fef9605fa34452c0f7e9c2d2ec674178c760cf641cf670aad72097b6704e15	6d48389e17d32503e1ac15d33c9c95a573eb0adf58e4fed1da9c5529bb2a4cd8	156	git	analysis/capsules/auto-20250922T224731Z/capsule.receipt.json	5634886006567bbc8a0b7e8f6e7798ed4b6d4c8c	committed
2025-09-23T16:40:49-04:00	receipt	27fef9605fa34452c0f7e9c2d2ec674178c760cf641cf670aad72097b6704e15	6d48389e17d32503e1ac15d33c9c95a573eb0adf58e4fed1da9c5529bb2a4cd8	156	git	analysis/capsules/auto-20250922T224731Z/capsule.receipt.json	603f7f299e3b203e740dcebe480b8f50babb6a7c	committed
2025-09-06T18:15:54-04:00	receipt	28fe7f0a164acab7de3482b7b83e95149f7a716e4a311ada5ea085697b06ee7c	8560d643d68cd5b086fe37f7379763bdd047be2e54f58d165d938bceaae239f3	369	git	.tau_ledger/receipts/20250906T071708Z-2b4efa5-local.json	58ac70cb3af1a4648e66eeb3f0ed3b2ab7c22b2d	committed
2025-09-09T00:19:05-04:00	receipt	28fe7f0a164acab7de3482b7b83e95149f7a716e4a311ada5ea085697b06ee7c	8560d643d68cd5b086fe37f7379763bdd047be2e54f58d165d938bceaae239f3	369	git	.tau_ledger/receipts/20250906T071708Z-2b4efa5-local.json	60cff83d0bae2c2f763366453c00e5216764fc0e	committed
2025-09-06T18:15:54-04:00	receipt	28fe7f0a164acab7de3482b7b83e95149f7a716e4a311ada5ea085697b06ee7c	8560d643d68cd5b086fe37f7379763bdd047be2e54f58d165d938bceaae239f3	369	git	.tau_ledger/receipts/20250906T071708Z-2b4efa5-local.json	6503cf762ea8d24cb96691334607b46156525f28	committed
2025-09-09T00:19:05-04:00	receipt	28fe7f0a164acab7de3482b7b83e95149f7a716e4a311ada5ea085697b06ee7c	8560d643d68cd5b086fe37f7379763bdd047be2e54f58d165d938bceaae239f3	369	git	.tau_ledger/receipts/20250906T071708Z-2b4efa5-local.json	91c37c7cb33f5980a273c022ab527bd1f902298f	committed
2025-09-06T16:16:24-04:00	receipt	28fe7f0a164acab7de3482b7b83e95149f7a716e4a311ada5ea085697b06ee7c	8560d643d68cd5b086fe37f7379763bdd047be2e54f58d165d938bceaae239f3	369	git	dist/tau-crystal-demo/.tau_ledger/20250906T071708Z-2b4efa5-local.json	13ee113d0595598f9dec8c7dd69b900236f72e40	committed
2025-10-01T21:01:42-04:00	receipt	29f14ae522599b7c60c35050d90edba1e520c95584f89fb56f06e4ed85237747	0000000000000000000000000000000000000000000000000000000000000000	439	git	.stage_23to29/_verify/unzip/tau_crystal/.tau_ledger/experimental/bsd_rank1.json	57f17787f15385b46f5477f80321ec049465c899	committed
2025-09-15T06:28:32-04:00	receipt	29f14ae522599b7c60c35050d90edba1e520c95584f89fb56f06e4ed85237747	0000000000000000000000000000000000000000000000000000000000000000	439	git	.tau_ledger/experimental/bsd_rank1.json	3b52a73847bb5b757934dd5125e19e00430a8058	committed
2025-10-01T17:21:35-04:00	receipt	29f14ae522599b7c60c35050d90edba1e520c95584f89fb56f06e4ed85237747	0000000000000000000000000000000000000000000000000000000000000000	439	git	.tau_ledger/experimental/bsd_rank1.json	8bee4b8868ab33aa4bdfb64da418aa67c8c61431	committed
2025-09-19T09:05:15-04:00	receipt	29f14ae522599b7c60c35050d90edba1e520c95584f89fb56f06e4ed85237747	0000000000000000000000000000000000000000000000000000000000000000	439	git	_verify/unzip/tau_crystal/.tau_ledger/experimental/bsd_rank1.json	43c6b14ea8ea20ac7c4492c1ad12f5f95c5f61cf	committed
2025-09-21T18:29:33-04:00	receipt	29fb58b21788e50d9834d810c1cddd970a48c9aa28ca836d5e49492f9b326d25		2513	git	_fusion_out/MANIFEST.json	1f5eb6eeabf9b9c807fcf14eaffeaf635869a499	committed
2025-09-21T18:29:33-04:00	receipt	29fb58b21788e50d9834d810c1cddd970a48c9aa28ca836d5e49492f9b326d25		2513	git	_fusion_out/MANIFEST.json	224767c6b0fad368e5c34d47ee3f52802b5b1b55	committed
2025-10-01T17:21:35-04:00	receipt	29fd8585389a617e52d5d222d371cfdbda7c040434c8893616524ea758bec8e5		309	git	.tau_ledger/freed/tmf_sigma_20251001T034117Z.json	8bee4b8868ab33aa4bdfb64da418aa67c8c61431	committed
2025-10-01T17:21:35-04:00	receipt	29fe538efed6bea298a303a7236245b779ce0c019a184fd46415681654fd9908		497	git	analysis/capsules/lost/lost_tau_reflection_20250927T202315Z/manifest.json	8bee4b8868ab33aa4bdfb64da418aa67c8c61431	committed
2025-09-06T15:32:56-04:00	receipt	2ac687bab5d0bc531f29a5e7387ffd6d57faff3676856764ad976976e7b9020f	198235b501b83be3b7c4d490e74590e471126604ddae2a7a3c7a37e12af802b2	1278	git	tau-crystal-receipt.json	7e23b82ed380d5431e48afc4d8bc6321646cc94a	committed
2025-10-01T17:21:35-04:00	receipt	2ad0176760ea3d8c01b40b69287ecea2dd0766e3037eb065e0feb223d64ee5a7		439	git	.tau_ledger/geom/_archive/verify_20250919201747_af319a4cd3f2bd173f78cf2433b57f86078a1f456d67bcb54c079f0e55b7baa7.json	8bee4b8868ab33aa4bdfb64da418aa67c8c61431	committed
2025-09-06T02:24:34-04:00	receipt	2af4db6e4c42cacd5c3a1df2c9053026f39881c15bfcb9d8d0d071b741421711	sha256:a16d83c982128ca003f0a73ff62c254060d4301cfe1e47e7f5444a95ef283d9c	1074	git	rescue/20250906-011842/manifests/a16d83c982128ca003f0a73ff62c254060d4301cfe1e47e7f5444a95ef283d9c.json	16a4cc5a4de973d78adf308301af9a349922ec47	committed
2025-09-06T02:24:34-04:00	receipt	2af4db6e4c42cacd5c3a1df2c9053026f39881c15bfcb9d8d0d071b741421711	sha256:a16d83c982128ca003f0a73ff62c254060d4301cfe1e47e7f5444a95ef283d9c	1074	git	rescue/20250906-011842/manifests/a16d83c982128ca003f0a73ff62c254060d4301cfe1e47e7f5444a95ef283d9c.json	5e5d4612f88f10db8e46c2eee4d0a98cde54b855	committed
2025-09-06T01:31:46-04:00	receipt	2b19bedbad9a4893e67ad0b29f9e88fb2746dcf375e7a1192c357d76a513e973	sha256:d4402f3f84d648f6f7d73c3dc6dc1f3a7089acc03296f709f978298da31b160f	916	git	manifests/d4402f3f84d648f6f7d73c3dc6dc1f3a7089acc03296f709f978298da31b160f.json	3dfa4f62a511b2552c13b790af1da391f67a6731	committed
2025-09-06T01:31:01-04:00	receipt	2fe75787e3b8caf5f62fb46f7c6356db9eaa798e51c523f362738856a5fdf6f4	sha256:d4402f3f84d648f6f7d73c3dc6dc1f3a7089acc03296f709f978298da31b160f	916	git	manifests/d4402f3f84d648f6f7d73c3dc6dc1f3a7089acc03296f709f978298da31b160f.json	78ee39c86f37e399af9907c056ee98d2b2a45774	committed
2025-09-15T07:33:56-04:00	receipt	319535d36c0e8e97fb7c5617a944b2c3958487ec421cf691cf94c895c0ec6d26	1b483f1c954f5ec085019bfb8549efc61a4bc0401e391b978f0a9a6fdfb44ce1	1680	git	.tau_ledger/langlands/combined_ap_satake.json	07ba935809ddb9ee16dff55966e9c75a5bf98b45	committed
2025-09-15T07:33:56-04:00	receipt	319535d36c0e8e97fb7c5617a944b2c3958487ec421cf691cf94c895c0ec6d26	1b483f1c954f5ec085019bfb8549efc61a4bc0401e391b978f0a9a6fdfb44ce1	1680	git	.tau_ledger/langlands/combined_ap_satake.json	8f14d66b125ab4950f3ecfe694d77746c44b847f	committed
2025-10-01T17:21:35-04:00	receipt	32101ad766b5fac5d9890bc68b4db27471a580c52cde5d13d86abfb059737a0f		246	git	analysis/freed/atlas_swap_20251001T004337Z.json	8bee4b8868ab33aa4bdfb64da418aa67c8c61431	committed
2025-09-06T01:31:01-04:00	receipt	328de883981582b487b728d8c23b882dd888f0fbb9ca1758aa2a5eaba3cd4712	sha256:6fcecff5c1054733d0d6fe7403d35049237a8eb21d364df12daac9980488df44	795	git	manifests/6fcecff5c1054733d0d6fe7403d35049237a8eb21d364df12daac9980488df44.json	78ee39c86f37e399af9907c056ee98d2b2a45774	committed
2025-09-06T18:15:54-04:00	receipt	3299fa80c0eb97a338e0d3fab6a60edb86cd1053b530b41a215a0f2f83559654	c40339e00cfcba26ee4342b38c39fa73e96f55c542af9db323d5e509fff76ead	369	git	.tau_ledger/receipts/20250906T072103Z-81369e5-local.json	58ac70cb3af1a4648e66eeb3f0ed3b2ab7c22b2d	committed
2025-09-09T00:19:05-04:00	receipt	3299fa80c0eb97a338e0d3fab6a60edb86cd1053b530b41a215a0f2f83559654	c40339e00cfcba26ee4342b38c39fa73e96f55c542af9db323d5e509fff76ead	369	git	.tau_ledger/receipts/20250906T072103Z-81369e5-local.json	60cff83d0bae2c2f763366453c00e5216764fc0e	committed
2025-09-06T18:15:54-04:00	receipt	3299fa80c0eb97a338e0d3fab6a60edb86cd1053b530b41a215a0f2f83559654	c40339e00cfcba26ee4342b38c39fa73e96f55c542af9db323d5e509fff76ead	369	git	.tau_ledger/receipts/20250906T072103Z-81369e5-local.json	6503cf762ea8d24cb96691334607b46156525f28	committed
2025-09-15T13:51:58-04:00	receipt	3386195d4fdfc66b6b6fd41faf9d4d4baac38216f839beda6157d3e95f885209	75ab6d82380ab7f28214d772f63fdf455039b1935b40e48525e0be762da67a12	275	git	.tau_ledger/cache/cache-20250914T162239Z.json	510e2b644f6ccf13f0cec16f5a6aee0564789284	committed
2025-10-02T03:12:20-04:00	receipt	33f4a4e06b2898a6c6a159167ee82f5fc82abe7e2c31910c32bc814bf032a4f7		176	git	.stage_23to29/_verify/unzip/tau_crystal/analysis/normalized/L_tau.norm.json	01b168b5847dab7e08708c8f741740c171778f0a	committed
2025-10-02T03:12:20-04:00	receipt	33f4a4e06b2898a6c6a159167ee82f5fc82abe7e2c31910c32bc814bf032a4f7		176	git	.stage_23to29/_verify/unzip/tau_crystal/analysis/normalized/L_tau.norm.json	5634886006567bbc8a0b7e8f6e7798ed4b6d4c8c	committed
2025-10-02T03:12:20-04:00	receipt	33f4a4e06b2898a6c6a159167ee82f5fc82abe7e2c31910c32bc814bf032a4f7		176	git	.stage_23to29/analysis/normalized/L_tau.norm.json	01b168b5847dab7e08708c8f741740c171778f0a	committed
2025-10-02T03:12:20-04:00	receipt	33f4a4e06b2898a6c6a159167ee82f5fc82abe7e2c31910c32bc814bf032a4f7		176	git	.stage_23to29/analysis/normalized/L_tau.norm.json	5634886006567bbc8a0b7e8f6e7798ed4b6d4c8c	committed
2025-09-19T09:05:15-04:00	receipt	33f4a4e06b2898a6c6a159167ee82f5fc82abe7e2c31910c32bc814bf032a4f7		176	git	_verify/unzip/tau_crystal/analysis/normalized/L_tau.norm.json	43c6b14ea8ea20ac7c4492c1ad12f5f95c5f61cf	committed
2025-09-15T13:11:54-04:00	receipt	33f4a4e06b2898a6c6a159167ee82f5fc82abe7e2c31910c32bc814bf032a4f7		176	git	analysis/normalized/L_tau.norm.json	1cf1505a9adcc4f321a6116b085b517625865960	committed
2025-09-15T13:11:54-04:00	receipt	33f4a4e06b2898a6c6a159167ee82f5fc82abe7e2c31910c32bc814bf032a4f7		176	git	analysis/normalized/L_tau.norm.json	2121f46969d2434c81be5fdb30236f9bd8b16fe8	committed
2025-10-02T03:12:20-04:00	receipt	350fb4e1ac9acbd6887f3b67b69a2fed95b81e87db61712d4d74cf813b2d4af0		726	git	.stage_23to29/analysis/capsules/auto-20250922T220215Z/manifest.json	01b168b5847dab7e08708c8f741740c171778f0a	committed
2025-10-02T03:12:20-04:00	receipt	350fb4e1ac9acbd6887f3b67b69a2fed95b81e87db61712d4d74cf813b2d4af0		726	git	.stage_23to29/analysis/capsules/auto-20250922T220215Z/manifest.json	5634886006567bbc8a0b7e8f6e7798ed4b6d4c8c	committed
2025-10-02T03:12:20-04:00	receipt	350fb4e1ac9acbd6887f3b67b69a2fed95b81e87db61712d4d74cf813b2d4af0		726	git	analysis/capsules/auto-20250922T220215Z/manifest.json	01b168b5847dab7e08708c8f741740c171778f0a	committed
2025-10-02T03:12:20-04:00	receipt	350fb4e1ac9acbd6887f3b67b69a2fed95b81e87db61712d4d74cf813b2d4af0		726	git	analysis/capsules/auto-20250922T220215Z/manifest.json	5634886006567bbc8a0b7e8f6e7798ed4b6d4c8c	committed
2025-09-23T16:40:49-04:00	receipt	350fb4e1ac9acbd6887f3b67b69a2fed95b81e87db61712d4d74cf813b2d4af0		726	git	analysis/capsules/auto-20250922T220215Z/manifest.json	603f7f299e3b203e740dcebe480b8f50babb6a7c	committed
2025-10-01T21:01:42-04:00	receipt	3545c8a20005d8161241bfc85992f79a60616b5821f3948a4310125755cd4ee4	cc5b674f8fac163d5b25ccff31d0e08f0d5c618e36dbbe26fb07675671e73d73	592	git	.stage_23to29/_verify/unzip/tau_crystal/.tau_ledger/langlands/ap.json	57f17787f15385b46f5477f80321ec049465c899	committed
2025-10-01T21:01:42-04:00	receipt	3545c8a20005d8161241bfc85992f79a60616b5821f3948a4310125755cd4ee4	cc5b674f8fac163d5b25ccff31d0e08f0d5c618e36dbbe26fb07675671e73d73	592	git	.stage_23to29/_verify/unzip/tau_crystal/.tau_ledger/langlands/ap_stable.json	57f17787f15385b46f5477f80321ec049465c899	committed
2025-10-02T03:12:20-04:00	receipt	3545c8a20005d8161241bfc85992f79a60616b5821f3948a4310125755cd4ee4	cc5b674f8fac163d5b25ccff31d0e08f0d5c618e36dbbe26fb07675671e73d73	592	git	.stage_23to29/analysis/capsules/auto-20250922T214829Z/ap.json	01b168b5847dab7e08708c8f741740c171778f0a	committed
2025-10-02T03:12:20-04:00	receipt	3545c8a20005d8161241bfc85992f79a60616b5821f3948a4310125755cd4ee4	cc5b674f8fac163d5b25ccff31d0e08f0d5c618e36dbbe26fb07675671e73d73	592	git	.stage_23to29/analysis/capsules/auto-20250922T214829Z/ap.json	5634886006567bbc8a0b7e8f6e7798ed4b6d4c8c	committed
2025-10-02T03:12:20-04:00	receipt	3545c8a20005d8161241bfc85992f79a60616b5821f3948a4310125755cd4ee4	cc5b674f8fac163d5b25ccff31d0e08f0d5c618e36dbbe26fb07675671e73d73	592	git	.stage_23to29/analysis/capsules/auto-20250922T215137Z/ledger_ap.json	01b168b5847dab7e08708c8f741740c171778f0a	committed
2025-10-02T03:12:20-04:00	receipt	3545c8a20005d8161241bfc85992f79a60616b5821f3948a4310125755cd4ee4	cc5b674f8fac163d5b25ccff31d0e08f0d5c618e36dbbe26fb07675671e73d73	592	git	.stage_23to29/analysis/capsules/auto-20250922T215137Z/ledger_ap.json	5634886006567bbc8a0b7e8f6e7798ed4b6d4c8c	committed
2025-10-02T03:12:20-04:00	receipt	3545c8a20005d8161241bfc85992f79a60616b5821f3948a4310125755cd4ee4	cc5b674f8fac163d5b25ccff31d0e08f0d5c618e36dbbe26fb07675671e73d73	592	git	.stage_23to29/analysis/capsules/auto-20250922T220215Z/ap.json	01b168b5847dab7e08708c8f741740c171778f0a	committed
2025-10-02T03:12:20-04:00	receipt	3545c8a20005d8161241bfc85992f79a60616b5821f3948a4310125755cd4ee4	cc5b674f8fac163d5b25ccff31d0e08f0d5c618e36dbbe26fb07675671e73d73	592	git	.stage_23to29/analysis/capsules/auto-20250922T220215Z/ap.json	5634886006567bbc8a0b7e8f6e7798ed4b6d4c8c	committed
2025-10-02T03:12:20-04:00	receipt	3545c8a20005d8161241bfc85992f79a60616b5821f3948a4310125755cd4ee4	cc5b674f8fac163d5b25ccff31d0e08f0d5c618e36dbbe26fb07675671e73d73	592	git	.stage_23to29/analysis/capsules/auto-20250922T220241Z/ledger_ap.json	01b168b5847dab7e08708c8f741740c171778f0a	committed
2025-10-02T03:12:20-04:00	receipt	3545c8a20005d8161241bfc85992f79a60616b5821f3948a4310125755cd4ee4	cc5b674f8fac163d5b25ccff31d0e08f0d5c618e36dbbe26fb07675671e73d73	592	git	.stage_23to29/analysis/capsules/auto-20250922T220241Z/ledger_ap.json	5634886006567bbc8a0b7e8f6e7798ed4b6d4c8c	committed
2025-10-02T03:12:20-04:00	receipt	3545c8a20005d8161241bfc85992f79a60616b5821f3948a4310125755cd4ee4	cc5b674f8fac163d5b25ccff31d0e08f0d5c618e36dbbe26fb07675671e73d73	592	git	.stage_23to29/analysis/capsules/auto-20250922T222942Z/ledger_ap.json	01b168b5847dab7e08708c8f741740c171778f0a	committed
2025-10-02T03:12:20-04:00	receipt	3545c8a20005d8161241bfc85992f79a60616b5821f3948a4310125755cd4ee4	cc5b674f8fac163d5b25ccff31d0e08f0d5c618e36dbbe26fb07675671e73d73	592	git	.stage_23to29/analysis/capsules/auto-20250922T222942Z/ledger_ap.json	5634886006567bbc8a0b7e8f6e7798ed4b6d4c8c	committed
2025-10-02T03:12:20-04:00	receipt	3545c8a20005d8161241bfc85992f79a60616b5821f3948a4310125755cd4ee4	cc5b674f8fac163d5b25ccff31d0e08f0d5c618e36dbbe26fb07675671e73d73	592	git	.stage_23to29/analysis/capsules/auto-20250922T224731Z/ledger_ap.json	01b168b5847dab7e08708c8f741740c171778f0a	committed
2025-10-02T03:12:20-04:00	receipt	3545c8a20005d8161241bfc85992f79a60616b5821f3948a4310125755cd4ee4	cc5b674f8fac163d5b25ccff31d0e08f0d5c618e36dbbe26fb07675671e73d73	592	git	.stage_23to29/analysis/capsules/auto-20250922T224731Z/ledger_ap.json	5634886006567bbc8a0b7e8f6e7798ed4b6d4c8c	committed
2025-09-15T08:04:08-04:00	receipt	3545c8a20005d8161241bfc85992f79a60616b5821f3948a4310125755cd4ee4	cc5b674f8fac163d5b25ccff31d0e08f0d5c618e36dbbe26fb07675671e73d73	592	git	.tau_ledger/langlands/ap.json	1f45eea33d873f2cfe797ad4d7551fe45ddc440d	committed
2025-09-15T08:04:08-04:00	receipt	3545c8a20005d8161241bfc85992f79a60616b5821f3948a4310125755cd4ee4	cc5b674f8fac163d5b25ccff31d0e08f0d5c618e36dbbe26fb07675671e73d73	592	git	.tau_ledger/langlands/ap.json	616863c2e858129026455afc1757f4a5419f4746	committed
2025-10-01T17:21:35-04:00	receipt	3545c8a20005d8161241bfc85992f79a60616b5821f3948a4310125755cd4ee4	cc5b674f8fac163d5b25ccff31d0e08f0d5c618e36dbbe26fb07675671e73d73	592	git	.tau_ledger/langlands/ap.json	8bee4b8868ab33aa4bdfb64da418aa67c8c61431	committed
2025-09-15T08:13:29-04:00	receipt	3545c8a20005d8161241bfc85992f79a60616b5821f3948a4310125755cd4ee4	cc5b674f8fac163d5b25ccff31d0e08f0d5c618e36dbbe26fb07675671e73d73	592	git	.tau_ledger/langlands/ap_stable.json	3419bcf08f8dcb4ceb6a38535ae6ba567656a603	committed
2025-10-01T17:21:35-04:00	receipt	3545c8a20005d8161241bfc85992f79a60616b5821f3948a4310125755cd4ee4	cc5b674f8fac163d5b25ccff31d0e08f0d5c618e36dbbe26fb07675671e73d73	592	git	.tau_ledger/langlands/ap_stable.json	8bee4b8868ab33aa4bdfb64da418aa67c8c61431	committed
2025-09-19T09:05:15-04:00	receipt	3545c8a20005d8161241bfc85992f79a60616b5821f3948a4310125755cd4ee4	cc5b674f8fac163d5b25ccff31d0e08f0d5c618e36dbbe26fb07675671e73d73	592	git	_verify/unzip/tau_crystal/.tau_ledger/langlands/ap.json	43c6b14ea8ea20ac7c4492c1ad12f5f95c5f61cf	committed
2025-09-19T09:05:15-04:00	receipt	3545c8a20005d8161241bfc85992f79a60616b5821f3948a4310125755cd4ee4	cc5b674f8fac163d5b25ccff31d0e08f0d5c618e36dbbe26fb07675671e73d73	592	git	_verify/unzip/tau_crystal/.tau_ledger/langlands/ap_stable.json	43c6b14ea8ea20ac7c4492c1ad12f5f95c5f61cf	committed
2025-10-02T03:12:20-04:00	receipt	3545c8a20005d8161241bfc85992f79a60616b5821f3948a4310125755cd4ee4	cc5b674f8fac163d5b25ccff31d0e08f0d5c618e36dbbe26fb07675671e73d73	592	git	analysis/capsules/auto-20250922T214829Z/ap.json	01b168b5847dab7e08708c8f741740c171778f0a	committed
2025-10-02T03:12:20-04:00	receipt	3545c8a20005d8161241bfc85992f79a60616b5821f3948a4310125755cd4ee4	cc5b674f8fac163d5b25ccff31d0e08f0d5c618e36dbbe26fb07675671e73d73	592	git	analysis/capsules/auto-20250922T214829Z/ap.json	5634886006567bbc8a0b7e8f6e7798ed4b6d4c8c	committed
2025-10-02T03:12:20-04:00	receipt	3545c8a20005d8161241bfc85992f79a60616b5821f3948a4310125755cd4ee4	cc5b674f8fac163d5b25ccff31d0e08f0d5c618e36dbbe26fb07675671e73d73	592	git	analysis/capsules/auto-20250922T215137Z/ledger_ap.json	01b168b5847dab7e08708c8f741740c171778f0a	committed
2025-10-02T03:12:20-04:00	receipt	3545c8a20005d8161241bfc85992f79a60616b5821f3948a4310125755cd4ee4	cc5b674f8fac163d5b25ccff31d0e08f0d5c618e36dbbe26fb07675671e73d73	592	git	analysis/capsules/auto-20250922T215137Z/ledger_ap.json	5634886006567bbc8a0b7e8f6e7798ed4b6d4c8c	committed
2025-09-23T16:40:49-04:00	receipt	3545c8a20005d8161241bfc85992f79a60616b5821f3948a4310125755cd4ee4	cc5b674f8fac163d5b25ccff31d0e08f0d5c618e36dbbe26fb07675671e73d73	592	git	analysis/capsules/auto-20250922T215137Z/ledger_ap.json	603f7f299e3b203e740dcebe480b8f50babb6a7c	committed
2025-10-02T03:12:20-04:00	receipt	3545c8a20005d8161241bfc85992f79a60616b5821f3948a4310125755cd4ee4	cc5b674f8fac163d5b25ccff31d0e08f0d5c618e36dbbe26fb07675671e73d73	592	git	analysis/capsules/auto-20250922T220215Z/ap.json	01b168b5847dab7e08708c8f741740c171778f0a	committed
2025-10-02T03:12:20-04:00	receipt	3545c8a20005d8161241bfc85992f79a60616b5821f3948a4310125755cd4ee4	cc5b674f8fac163d5b25ccff31d0e08f0d5c618e36dbbe26fb07675671e73d73	592	git	analysis/capsules/auto-20250922T220215Z/ap.json	5634886006567bbc8a0b7e8f6e7798ed4b6d4c8c	committed
2025-09-23T16:40:49-04:00	receipt	3545c8a20005d8161241bfc85992f79a60616b5821f3948a4310125755cd4ee4	cc5b674f8fac163d5b25ccff31d0e08f0d5c618e36dbbe26fb07675671e73d73	592	git	analysis/capsules/auto-20250922T220215Z/ap.json	603f7f299e3b203e740dcebe480b8f50babb6a7c	committed
2025-10-02T03:12:20-04:00	receipt	3545c8a20005d8161241bfc85992f79a60616b5821f3948a4310125755cd4ee4	cc5b674f8fac163d5b25ccff31d0e08f0d5c618e36dbbe26fb07675671e73d73	592	git	analysis/capsules/auto-20250922T220241Z/ledger_ap.json	01b168b5847dab7e08708c8f741740c171778f0a	committed
2025-10-02T03:12:20-04:00	receipt	3545c8a20005d8161241bfc85992f79a60616b5821f3948a4310125755cd4ee4	cc5b674f8fac163d5b25ccff31d0e08f0d5c618e36dbbe26fb07675671e73d73	592	git	analysis/capsules/auto-20250922T220241Z/ledger_ap.json	5634886006567bbc8a0b7e8f6e7798ed4b6d4c8c	committed
2025-09-23T16:40:49-04:00	receipt	3545c8a20005d8161241bfc85992f79a60616b5821f3948a4310125755cd4ee4	cc5b674f8fac163d5b25ccff31d0e08f0d5c618e36dbbe26fb07675671e73d73	592	git	analysis/capsules/auto-20250922T220241Z/ledger_ap.json	603f7f299e3b203e740dcebe480b8f50babb6a7c	committed
2025-10-02T03:12:20-04:00	receipt	3545c8a20005d8161241bfc85992f79a60616b5821f3948a4310125755cd4ee4	cc5b674f8fac163d5b25ccff31d0e08f0d5c618e36dbbe26fb07675671e73d73	592	git	analysis/capsules/auto-20250922T222942Z/ledger_ap.json	01b168b5847dab7e08708c8f741740c171778f0a	committed
2025-10-02T03:12:20-04:00	receipt	3545c8a20005d8161241bfc85992f79a60616b5821f3948a4310125755cd4ee4	cc5b674f8fac163d5b25ccff31d0e08f0d5c618e36dbbe26fb07675671e73d73	592	git	analysis/capsules/auto-20250922T222942Z/ledger_ap.json	5634886006567bbc8a0b7e8f6e7798ed4b6d4c8c	committed
2025-09-23T16:40:49-04:00	receipt	3545c8a20005d8161241bfc85992f79a60616b5821f3948a4310125755cd4ee4	cc5b674f8fac163d5b25ccff31d0e08f0d5c618e36dbbe26fb07675671e73d73	592	git	analysis/capsules/auto-20250922T222942Z/ledger_ap.json	603f7f299e3b203e740dcebe480b8f50babb6a7c	committed
2025-10-02T03:12:20-04:00	receipt	3545c8a20005d8161241bfc85992f79a60616b5821f3948a4310125755cd4ee4	cc5b674f8fac163d5b25ccff31d0e08f0d5c618e36dbbe26fb07675671e73d73	592	git	analysis/capsules/auto-20250922T224731Z/ledger_ap.json	01b168b5847dab7e08708c8f741740c171778f0a	committed
2025-10-02T03:12:20-04:00	receipt	3545c8a20005d8161241bfc85992f79a60616b5821f3948a4310125755cd4ee4	cc5b674f8fac163d5b25ccff31d0e08f0d5c618e36dbbe26fb07675671e73d73	592	git	analysis/capsules/auto-20250922T224731Z/ledger_ap.json	5634886006567bbc8a0b7e8f6e7798ed4b6d4c8c	committed
2025-09-23T16:40:49-04:00	receipt	3545c8a20005d8161241bfc85992f79a60616b5821f3948a4310125755cd4ee4	cc5b674f8fac163d5b25ccff31d0e08f0d5c618e36dbbe26fb07675671e73d73	592	git	analysis/capsules/auto-20250922T224731Z/ledger_ap.json	603f7f299e3b203e740dcebe480b8f50babb6a7c	committed
2025-09-22T13:28:19-04:00	receipt	3545c8a20005d8161241bfc85992f79a60616b5821f3948a4310125755cd4ee4	cc5b674f8fac163d5b25ccff31d0e08f0d5c618e36dbbe26fb07675671e73d73	592	git	analysis/capsules/init-20250922T172818Z/ap.json	6523fa5e52bc9e77047776ba7c506cbe594d19b2	committed
2025-10-02T03:12:20-04:00	receipt	363ded8e0a809542e930a8af3fdbb59dcf5b0f6d68b393a97fc628ef33b75548	3e85a22af30ee1612ca35d533e7ece680ea2803e61cfec7f7bd6f9060bad4643	156	git	.stage_23to29/analysis/capsules/auto-20250922T220215Z/capsule.receipt.json	01b168b5847dab7e08708c8f741740c171778f0a	committed
2025-10-02T03:12:20-04:00	receipt	363ded8e0a809542e930a8af3fdbb59dcf5b0f6d68b393a97fc628ef33b75548	3e85a22af30ee1612ca35d533e7ece680ea2803e61cfec7f7bd6f9060bad4643	156	git	.stage_23to29/analysis/capsules/auto-20250922T220215Z/capsule.receipt.json	5634886006567bbc8a0b7e8f6e7798ed4b6d4c8c	committed
2025-10-02T03:12:20-04:00	receipt	363ded8e0a809542e930a8af3fdbb59dcf5b0f6d68b393a97fc628ef33b75548	3e85a22af30ee1612ca35d533e7ece680ea2803e61cfec7f7bd6f9060bad4643	156	git	analysis/capsules/auto-20250922T220215Z/capsule.receipt.json	01b168b5847dab7e08708c8f741740c171778f0a	committed
2025-10-02T03:12:20-04:00	receipt	363ded8e0a809542e930a8af3fdbb59dcf5b0f6d68b393a97fc628ef33b75548	3e85a22af30ee1612ca35d533e7ece680ea2803e61cfec7f7bd6f9060bad4643	156	git	analysis/capsules/auto-20250922T220215Z/capsule.receipt.json	5634886006567bbc8a0b7e8f6e7798ed4b6d4c8c	committed
2025-09-23T16:40:49-04:00	receipt	363ded8e0a809542e930a8af3fdbb59dcf5b0f6d68b393a97fc628ef33b75548	3e85a22af30ee1612ca35d533e7ece680ea2803e61cfec7f7bd6f9060bad4643	156	git	analysis/capsules/auto-20250922T220215Z/capsule.receipt.json	603f7f299e3b203e740dcebe480b8f50babb6a7c	committed
2025-09-15T13:51:58-04:00	receipt	3670bd79129a17aff21077767f4d9185dd50b9163f186f2607509abc1a5e135e	7f223b407cdf784cf42cb0a523af695830ea88823fcf4d0566e600d410853ff0	275	git	.tau_ledger/cache/cache-20250914T162501Z.json	510e2b644f6ccf13f0cec16f5a6aee0564789284	committed
2025-10-01T17:21:35-04:00	receipt	3975e498e68363cb6ed586000d36f1df6a4a9421a9fb263c4e3a2bc5094f5c56		359	git	.tau_ledger/freed/axioms_passfail_20250930T201329Z.manifest.json	8bee4b8868ab33aa4bdfb64da418aa67c8c61431	committed
2025-10-01T17:21:35-04:00	receipt	3a341feb64a6e4676e739ec6dde788f66056815e5372460dd324f81bcbddfac0		376	git	analysis/freed/relative_index_20251001T003524Z.json	8bee4b8868ab33aa4bdfb64da418aa67c8c61431	committed
2025-10-01T17:21:35-04:00	receipt	3c9b960440cb7ae9e0d81a4c68751d8dd45f75126daa4192a88f2ed2d6c2c33d		4115	git	analysis/derived/receipts/derived.20251001T065401Z.receipt.json	8bee4b8868ab33aa4bdfb64da418aa67c8c61431	committed
2025-10-01T17:21:35-04:00	receipt	3c9feb3ff8d8d55828d1020d4dc894ac6c076d281567e32dbfa9cb3e80bab123		439	git	.tau_ledger/geom/_archive/verify_20250919172411_16b06d8e576576f4e7d851f8295f1b4dac3c11be10d0d55f76e2e761ef863193.json	8bee4b8868ab33aa4bdfb64da418aa67c8c61431	committed
2025-10-01T17:21:35-04:00	receipt	3d163424bf889abc4f2fc84b3b461f8cd157cf3371bc8d628cb68cd54fdec151		436	git	.tau_ledger/lean_module_capsules/capsule_set.seal.json	8bee4b8868ab33aa4bdfb64da418aa67c8c61431	committed
2025-10-01T17:21:35-04:00	receipt	3d163424bf889abc4f2fc84b3b461f8cd157cf3371bc8d628cb68cd54fdec151		436	git	.tau_ledger/timefold/restore/state_20250929T034553Z_ce6b47f71598/.tau_ledger/lean_module_capsules/capsule_set.seal.json	8bee4b8868ab33aa4bdfb64da418aa67c8c61431	committed
2025-10-01T17:21:35-04:00	receipt	3d163424bf889abc4f2fc84b3b461f8cd157cf3371bc8d628cb68cd54fdec151		436	git	.tau_ledger/timefold/restore/state_20250929T035338Z_ce6b47f71598/.tau_ledger/lean_module_capsules/capsule_set.seal.json	8bee4b8868ab33aa4bdfb64da418aa67c8c61431	committed
2025-10-01T17:21:35-04:00	receipt	3d163424bf889abc4f2fc84b3b461f8cd157cf3371bc8d628cb68cd54fdec151		436	git	.tau_ledger/timefold/restore/state_20250929T042104Z_ce6b47f71598/.tau_ledger/lean_module_capsules/capsule_set.seal.json	8bee4b8868ab33aa4bdfb64da418aa67c8c61431	committed
2025-10-01T17:21:35-04:00	receipt	3d163424bf889abc4f2fc84b3b461f8cd157cf3371bc8d628cb68cd54fdec151		436	git	.tau_ledger/timefold/restore/state_20250929T043343Z_ce6b47f71598/.tau_ledger/lean_module_capsules/capsule_set.seal.json	8bee4b8868ab33aa4bdfb64da418aa67c8c61431	committed
2025-10-01T17:21:35-04:00	receipt	3d45b0fa5004ff1fd9ba6f1a3b1deb069cb9e2950a6d9095b6679737db07c814		314	git	.tau_ledger/timefold/timefold_mark_20250929T045935Z_ce6b47f71598.json	8bee4b8868ab33aa4bdfb64da418aa67c8c61431	committed
2025-10-01T17:21:35-04:00	receipt	3df8ca3d1384bb6cfb3cbfe217bb951730c0e97e42a87a14dca9550939eeafdd	74353175e75a437f6888b86657485855af1ec451f3dd48892072385151d79a1c	1051	git	.tau_ledger/entropy/witness_20250929T043515Z_74353175e75a.json	8bee4b8868ab33aa4bdfb64da418aa67c8c61431	committed
2025-10-01T21:01:42-04:00	receipt	3e7fb6ecbd1d7f21d5f21a6a481413ebb5509de2e74f2b44be40dfd7ad4b40dc		668	git	.stage_23to29/_verify/unzip/tau_crystal/docs/schemas/experimental.json	57f17787f15385b46f5477f80321ec049465c899	committed
2025-10-01T21:01:42-04:00	receipt	3e7fb6ecbd1d7f21d5f21a6a481413ebb5509de2e74f2b44be40dfd7ad4b40dc		668	git	.stage_23to29/docs/schemas/experimental.json	57f17787f15385b46f5477f80321ec049465c899	committed
2025-09-19T09:05:15-04:00	receipt	3e7fb6ecbd1d7f21d5f21a6a481413ebb5509de2e74f2b44be40dfd7ad4b40dc		668	git	_verify/unzip/tau_crystal/docs/schemas/experimental.json	43c6b14ea8ea20ac7c4492c1ad12f5f95c5f61cf	committed
2025-09-15T06:34:39-04:00	receipt	3e7fb6ecbd1d7f21d5f21a6a481413ebb5509de2e74f2b44be40dfd7ad4b40dc		668	git	docs/schemas/experimental.json	5439ea6c6dcade01f7221e0e15fea2958f3b2bf0	committed
2025-09-06T12:32:21-04:00	receipt	3e820d4d603b6101e6b0771e795a607ebe765e2ef08195b332bddd6c1574617e	1c11d3ecac0beac2b80fd546e112ba7be7abe2781372665db91684f63270928f	1250	git	tau-crystal-receipt.json	382959c255f6a4b242c6f6dcf304798c331c1f93	committed
2025-10-01T21:01:42-04:00	receipt	3f01f889bcb600d688ac85f7baf090437046ef15264db97644f696d68c46a88a	deadbeef	323	git	.stage_23to29/_verify/unzip/tau_crystal/.tau_ledger/holo/holov1-20250914T144418Z.json	57f17787f15385b46f5477f80321ec049465c899	committed
2025-09-14T10:44:29-04:00	receipt	3f01f889bcb600d688ac85f7baf090437046ef15264db97644f696d68c46a88a	deadbeef	323	git	.tau_ledger/holo/holov1-20250914T144418Z.json	0e74abc7e7544b606e2628ebfd6ae30216c0d49e	committed
2025-09-14T10:44:29-04:00	receipt	3f01f889bcb600d688ac85f7baf090437046ef15264db97644f696d68c46a88a	deadbeef	323	git	.tau_ledger/holo/holov1-20250914T144418Z.json	54450ffcdaf2717ab14dcd58036bccbdad454461	committed
2025-10-01T17:21:35-04:00	receipt	3f01f889bcb600d688ac85f7baf090437046ef15264db97644f696d68c46a88a	deadbeef	323	git	.tau_ledger/holo/holov1-20250914T144418Z.json	8bee4b8868ab33aa4bdfb64da418aa67c8c61431	committed
2025-09-19T09:05:15-04:00	receipt	3f01f889bcb600d688ac85f7baf090437046ef15264db97644f696d68c46a88a	deadbeef	323	git	_verify/unzip/tau_crystal/.tau_ledger/holo/holov1-20250914T144418Z.json	43c6b14ea8ea20ac7c4492c1ad12f5f95c5f61cf	committed
2025-09-06T01:17:06-04:00	receipt	3f336b1775069e881b59757e8c31d25d4140b10f6896001f0d27c2b1e94910f8	sha256:c477eede5f470ab0fc5781c39e6e324b0f88c757a7c7e98b110e67c357a8ed37	1038	git	manifests/c477eede5f470ab0fc5781c39e6e324b0f88c757a7c7e98b110e67c357a8ed37.json	449760c0317e99a1c4680cccde035ec0efdc2f2e	committed
2025-10-02T03:12:20-04:00	receipt	3f42219f9caae3df4092bccd2cfcfcf2cc6f7c881e558f4e99b7215722a3c0f1		209	git	.stage_23to29/analysis/capsules/auto-20250923T153800Z/capsule.receipt.json	01b168b5847dab7e08708c8f741740c171778f0a	committed
2025-10-02T03:12:20-04:00	receipt	3f42219f9caae3df4092bccd2cfcfcf2cc6f7c881e558f4e99b7215722a3c0f1		209	git	.stage_23to29/analysis/capsules/auto-20250923T153800Z/capsule.receipt.json	5634886006567bbc8a0b7e8f6e7798ed4b6d4c8c	committed
2025-10-02T03:12:20-04:00	receipt	3f42219f9caae3df4092bccd2cfcfcf2cc6f7c881e558f4e99b7215722a3c0f1		209	git	analysis/capsules/auto-20250923T153800Z/capsule.receipt.json	01b168b5847dab7e08708c8f741740c171778f0a	committed
2025-10-02T03:12:20-04:00	receipt	3f42219f9caae3df4092bccd2cfcfcf2cc6f7c881e558f4e99b7215722a3c0f1		209	git	analysis/capsules/auto-20250923T153800Z/capsule.receipt.json	5634886006567bbc8a0b7e8f6e7798ed4b6d4c8c	committed
2025-09-23T16:40:49-04:00	receipt	3f42219f9caae3df4092bccd2cfcfcf2cc6f7c881e558f4e99b7215722a3c0f1		209	git	analysis/capsules/auto-20250923T153800Z/capsule.receipt.json	603f7f299e3b203e740dcebe480b8f50babb6a7c	committed
2025-10-04T18:32:39-04:00	receipt	4084cb093a054008f913671141f6e0a57d8a16054e697fae5b66afc7dcfa9285		377	git	artifacts/seal/delta_N.json	8497a288e7b8518f876588d02dd68d4a1a3b470f	committed
2025-10-01T21:01:42-04:00	receipt	42826e4ae19007c4976b19e054543f388342ad584fead3a5f517464eb1b7292f		1111	git	.stage_23to29/_verify/unzip/tau_crystal/.tau_ledger/receipts/receipt_2025-09-15T21-47-33Z_f726ea2.json	57f17787f15385b46f5477f80321ec049465c899	committed
2025-09-15T17:56:50-04:00	receipt	42826e4ae19007c4976b19e054543f388342ad584fead3a5f517464eb1b7292f		1111	git	.tau_ledger/receipts/receipt_2025-09-15T21-47-33Z_f726ea2.json	1b0beafd6e5ba584e11aef20c27a0d668000c90f	committed
2025-09-15T17:56:50-04:00	receipt	42826e4ae19007c4976b19e054543f388342ad584fead3a5f517464eb1b7292f		1111	git	.tau_ledger/receipts/receipt_2025-09-15T21-47-33Z_f726ea2.json	1c6c107076692be5b9177f84bf18ca5da5246fac	committed
2025-10-01T17:21:35-04:00	receipt	42826e4ae19007c4976b19e054543f388342ad584fead3a5f517464eb1b7292f		1111	git	.tau_ledger/receipts/receipt_2025-09-15T21-47-33Z_f726ea2.json	8bee4b8868ab33aa4bdfb64da418aa67c8c61431	committed
2025-09-19T09:05:15-04:00	receipt	42826e4ae19007c4976b19e054543f388342ad584fead3a5f517464eb1b7292f		1111	git	_verify/unzip/tau_crystal/.tau_ledger/receipts/receipt_2025-09-15T21-47-33Z_f726ea2.json	43c6b14ea8ea20ac7c4492c1ad12f5f95c5f61cf	committed
2025-09-06T01:17:06-04:00	receipt	451fd6d944ff3fd81aeebb82bc7777e9fd30065bcb629fa686d655a5b425980e	sha256:9626f2865d96e8e65755e236a6a5d52e3438570822f575d0df60cb453ca1f731	1053	git	manifests/9626f2865d96e8e65755e236a6a5d52e3438570822f575d0df60cb453ca1f731.json	449760c0317e99a1c4680cccde035ec0efdc2f2e	committed
2025-10-07T17:44:57-04:00	receipt	460742146f62b8e8382dfe5ff87a8124494aee6f4a573c253f9ca58ea9074f51	10d05315b932da1c4fb98943f016c5a57fe5f166f7f8d435cd620f9fac712eac	1511	git	tsv/elliptic_pass2_receipt.json	107d0a331f8e71b0baa1be03320decadbecb04cd	committed
2025-10-01T17:21:35-04:00	receipt	47e6345ff0b755507b672891bdd316d9f55b6b36ab234db11283ad0b2de6d0dc		335	git	.tau_ledger/timefold/timefold_mark_20250929T034028Z_79b1c5785c82.json	8bee4b8868ab33aa4bdfb64da418aa67c8c61431	committed
2025-09-06T02:24:34-04:00	receipt	47e8dfba6d6178c85c2c9fb78da016912d179eb1f4c321f9b59a5d1dc5f197e4	sha256:9626f2865d96e8e65755e236a6a5d52e3438570822f575d0df60cb453ca1f731	1054	git	rescue/20250906-011842/manifests/9626f2865d96e8e65755e236a6a5d52e3438570822f575d0df60cb453ca1f731.json	16a4cc5a4de973d78adf308301af9a349922ec47	committed
2025-09-06T02:24:34-04:00	receipt	47e8dfba6d6178c85c2c9fb78da016912d179eb1f4c321f9b59a5d1dc5f197e4	sha256:9626f2865d96e8e65755e236a6a5d52e3438570822f575d0df60cb453ca1f731	1054	git	rescue/20250906-011842/manifests/9626f2865d96e8e65755e236a6a5d52e3438570822f575d0df60cb453ca1f731.json	5e5d4612f88f10db8e46c2eee4d0a98cde54b855	committed
2025-10-01T17:21:35-04:00	receipt	48f5be33a08ead5faa00d97aedaf3768410e74c04a794c0633eac8acace1f4ea		1420	git	.tau_ledger/timefold/state/state_20250929T043343Z_ce6b47f71598.json	8bee4b8868ab33aa4bdfb64da418aa67c8c61431	committed
2025-10-01T17:21:35-04:00	receipt	497474e8594adfb0a747030be2a74c9048f2b0018e681c245479a12943554a22		359	git	.tau_ledger/freed/axioms_passfail_20250930T205441Z.manifest.json	8bee4b8868ab33aa4bdfb64da418aa67c8c61431	committed
2025-10-02T03:12:20-04:00	receipt	49b4d365b46b29c7ad1a262f5d3826c2107f237eb139591ea9a767d22360b9c0		443	git	.stage_23to29/analysis/morpho/certificates/cert_20250919T211528Z.json	01b168b5847dab7e08708c8f741740c171778f0a	committed
2025-10-02T03:12:20-04:00	receipt	49b4d365b46b29c7ad1a262f5d3826c2107f237eb139591ea9a767d22360b9c0		443	git	.stage_23to29/analysis/morpho/certificates/cert_20250919T211528Z.json	5634886006567bbc8a0b7e8f6e7798ed4b6d4c8c	committed
2025-10-02T03:12:20-04:00	receipt	49b4d365b46b29c7ad1a262f5d3826c2107f237eb139591ea9a767d22360b9c0		443	git	.stage_23to29/analysis/morpho/packs/run_20250919T211551Z_02e43a2b71/cert_20250919T211528Z.json	01b168b5847dab7e08708c8f741740c171778f0a	committed
2025-10-02T03:12:20-04:00	receipt	49b4d365b46b29c7ad1a262f5d3826c2107f237eb139591ea9a767d22360b9c0		443	git	.stage_23to29/analysis/morpho/packs/run_20250919T211551Z_02e43a2b71/cert_20250919T211528Z.json	5634886006567bbc8a0b7e8f6e7798ed4b6d4c8c	committed
2025-09-19T17:34:16-04:00	receipt	49b4d365b46b29c7ad1a262f5d3826c2107f237eb139591ea9a767d22360b9c0		443	git	analysis/morpho/certificates/cert_20250919T211528Z.json	539bf80e03c9b58ff1b0bad3aa4322b521f2005a	committed
2025-09-19T17:34:16-04:00	receipt	49b4d365b46b29c7ad1a262f5d3826c2107f237eb139591ea9a767d22360b9c0		443	git	analysis/morpho/certificates/cert_20250919T211528Z.json	756f4514a5e220097fbe6d90b374b7b5a1b57b42	committed
2025-09-19T17:34:16-04:00	receipt	49b4d365b46b29c7ad1a262f5d3826c2107f237eb139591ea9a767d22360b9c0		443	git	analysis/morpho/packs/run_20250919T211551Z_02e43a2b71/cert_20250919T211528Z.json	539bf80e03c9b58ff1b0bad3aa4322b521f2005a	committed
2025-09-19T17:34:16-04:00	receipt	49b4d365b46b29c7ad1a262f5d3826c2107f237eb139591ea9a767d22360b9c0		443	git	analysis/morpho/packs/run_20250919T211551Z_02e43a2b71/cert_20250919T211528Z.json	756f4514a5e220097fbe6d90b374b7b5a1b57b42	committed
2025-09-06T02:24:34-04:00	receipt	4a39a283f691745430f63ed8b96df441962ab2a092b189b2832fcce60f73af2f	sha256:c477eede5f470ab0fc5781c39e6e324b0f88c757a7c7e98b110e67c357a8ed37	1039	git	rescue/20250906-011842/manifests/c477eede5f470ab0fc5781c39e6e324b0f88c757a7c7e98b110e67c357a8ed37.json	16a4cc5a4de973d78adf308301af9a349922ec47	committed
2025-09-06T02:24:34-04:00	receipt	4a39a283f691745430f63ed8b96df441962ab2a092b189b2832fcce60f73af2f	sha256:c477eede5f470ab0fc5781c39e6e324b0f88c757a7c7e98b110e67c357a8ed37	1039	git	rescue/20250906-011842/manifests/c477eede5f470ab0fc5781c39e6e324b0f88c757a7c7e98b110e67c357a8ed37.json	5e5d4612f88f10db8e46c2eee4d0a98cde54b855	committed
2025-10-04T18:32:39-04:00	receipt	4aaeb3b66dde65943025b385f1ca2b625f27bfbf879cf077d8da422e05431f7c		190	git	artifacts/motive/receipt_binding.json	8497a288e7b8518f876588d02dd68d4a1a3b470f	committed
2025-10-02T03:12:20-04:00	receipt	4b440734158fecf3aaef174b5c3f004edd5e1b88c3d7650b4d867621d7011cb6		443	git	.stage_23to29/analysis/morpho/certificates/cert_20250919T211453Z.json	01b168b5847dab7e08708c8f741740c171778f0a	committed
2025-10-02T03:12:20-04:00	receipt	4b440734158fecf3aaef174b5c3f004edd5e1b88c3d7650b4d867621d7011cb6		443	git	.stage_23to29/analysis/morpho/certificates/cert_20250919T211453Z.json	5634886006567bbc8a0b7e8f6e7798ed4b6d4c8c	committed
2025-09-19T17:34:16-04:00	receipt	4b440734158fecf3aaef174b5c3f004edd5e1b88c3d7650b4d867621d7011cb6		443	git	analysis/morpho/certificates/cert_20250919T211453Z.json	539bf80e03c9b58ff1b0bad3aa4322b521f2005a	committed
2025-09-19T17:34:16-04:00	receipt	4b440734158fecf3aaef174b5c3f004edd5e1b88c3d7650b4d867621d7011cb6		443	git	analysis/morpho/certificates/cert_20250919T211453Z.json	756f4514a5e220097fbe6d90b374b7b5a1b57b42	committed
2025-10-01T20:50:09-04:00	receipt	4c2d14b87afbdcb1b6bca31ca4f480de135808237ba60bd635cb70b2647ae1eb		383	git	.tau_ledger/anomaly_M2_canon_20251002T004219Z.receipt.json	7185797a450f3e6a5fb1f4c94f3f40e4d82cc943	committed
2025-10-01T21:01:42-04:00	receipt	4c972376efe5825984f35d9e446434ee8c32a497bf4a6efaf8adda2135848000		3526	git	.stage_23to29/certs/spectral_cert_20250922T001154Z/MANIFEST.json	57f17787f15385b46f5477f80321ec049465c899	committed
2025-10-01T17:21:35-04:00	receipt	4ceeb8e9d24d81a8779cdcfe63b4aa7b67649d48463523ee8a841c2a891e411b		443	git	.tau_ledger/geom/_archive/anchor_20250919201746_e3ef17536a6bd37f08bae99d4fcfc2daf75911e8ce72cd3d3b30bb3b3f8c147e.json	8bee4b8868ab33aa4bdfb64da418aa67c8c61431	committed
2025-10-01T17:21:35-04:00	receipt	4e03442c0821b8082e0d6dd2be19b952d335d8d00b525ebc3e5a922fe09c22dc		335	git	.tau_ledger/timefold/timefold_mark_20250929T034135Z_ce6b47f71598.json	8bee4b8868ab33aa4bdfb64da418aa67c8c61431	committed
2025-10-02T13:27:15-04:00	receipt	4e3659d0f9111ded3c044092cb8bb008cb3cc9bcb5f79137ac29b3667125644d		842	git	receipts/heo/theorems/residue_heat_kernel_periodic.json	8a1010b5290a3d804f8b43c6a81815bf94138acd	committed
2025-10-02T03:12:20-04:00	receipt	4e8b32cb94c480f69a4341df165806075d224b58c17fa9caaf0de54f530c0c77		443	git	.stage_23to29/analysis/morpho/certificates/cert_20250919T212955Z.json	01b168b5847dab7e08708c8f741740c171778f0a	committed
2025-10-02T03:12:20-04:00	receipt	4e8b32cb94c480f69a4341df165806075d224b58c17fa9caaf0de54f530c0c77		443	git	.stage_23to29/analysis/morpho/certificates/cert_20250919T212955Z.json	5634886006567bbc8a0b7e8f6e7798ed4b6d4c8c	committed
2025-10-02T03:12:20-04:00	receipt	4e8b32cb94c480f69a4341df165806075d224b58c17fa9caaf0de54f530c0c77		443	git	.stage_23to29/analysis/morpho/packs/run_20250919T212957Z_02e43a2b71/cert_20250919T212955Z.json	01b168b5847dab7e08708c8f741740c171778f0a	committed
2025-10-02T03:12:20-04:00	receipt	4e8b32cb94c480f69a4341df165806075d224b58c17fa9caaf0de54f530c0c77		443	git	.stage_23to29/analysis/morpho/packs/run_20250919T212957Z_02e43a2b71/cert_20250919T212955Z.json	5634886006567bbc8a0b7e8f6e7798ed4b6d4c8c	committed
2025-09-19T17:34:16-04:00	receipt	4e8b32cb94c480f69a4341df165806075d224b58c17fa9caaf0de54f530c0c77		443	git	analysis/morpho/certificates/cert_20250919T212955Z.json	539bf80e03c9b58ff1b0bad3aa4322b521f2005a	committed
2025-09-19T17:34:16-04:00	receipt	4e8b32cb94c480f69a4341df165806075d224b58c17fa9caaf0de54f530c0c77		443	git	analysis/morpho/certificates/cert_20250919T212955Z.json	756f4514a5e220097fbe6d90b374b7b5a1b57b42	committed
2025-09-19T17:34:16-04:00	receipt	4e8b32cb94c480f69a4341df165806075d224b58c17fa9caaf0de54f530c0c77		443	git	analysis/morpho/packs/run_20250919T212957Z_02e43a2b71/cert_20250919T212955Z.json	539bf80e03c9b58ff1b0bad3aa4322b521f2005a	committed
2025-09-19T17:34:16-04:00	receipt	4e8b32cb94c480f69a4341df165806075d224b58c17fa9caaf0de54f530c0c77		443	git	analysis/morpho/packs/run_20250919T212957Z_02e43a2b71/cert_20250919T212955Z.json	756f4514a5e220097fbe6d90b374b7b5a1b57b42	committed
2025-09-06T18:15:54-04:00	receipt	4f8e1f994aa89fa11eadfe6379dd54838b79ac4c45c18361b532690401826390	c40339e00cfcba26ee4342b38c39fa73e96f55c542af9db323d5e509fff76ead	369	git	.tau_ledger/receipts/20250906T072059Z-81369e5-local.json	58ac70cb3af1a4648e66eeb3f0ed3b2ab7c22b2d	committed
2025-09-09T00:19:05-04:00	receipt	4f8e1f994aa89fa11eadfe6379dd54838b79ac4c45c18361b532690401826390	c40339e00cfcba26ee4342b38c39fa73e96f55c542af9db323d5e509fff76ead	369	git	.tau_ledger/receipts/20250906T072059Z-81369e5-local.json	60cff83d0bae2c2f763366453c00e5216764fc0e	committed
2025-09-06T18:15:54-04:00	receipt	4f8e1f994aa89fa11eadfe6379dd54838b79ac4c45c18361b532690401826390	c40339e00cfcba26ee4342b38c39fa73e96f55c542af9db323d5e509fff76ead	369	git	.tau_ledger/receipts/20250906T072059Z-81369e5-local.json	6503cf762ea8d24cb96691334607b46156525f28	committed
2025-10-01T21:01:42-04:00	receipt	4feb9bf405310d2d2fac19144c59703888aef299184795e8b17729b1cd91c57e	0000000000000000000000000000000000000000000000000000000000000000	422	git	.stage_23to29/_verify/unzip/tau_crystal/.tau_ledger/experimental/symsquare_zeros.json	57f17787f15385b46f5477f80321ec049465c899	committed
2025-09-15T06:28:32-04:00	receipt	4feb9bf405310d2d2fac19144c59703888aef299184795e8b17729b1cd91c57e	0000000000000000000000000000000000000000000000000000000000000000	422	git	.tau_ledger/experimental/symsquare_zeros.json	3b52a73847bb5b757934dd5125e19e00430a8058	committed
2025-10-01T17:21:35-04:00	receipt	4feb9bf405310d2d2fac19144c59703888aef299184795e8b17729b1cd91c57e	0000000000000000000000000000000000000000000000000000000000000000	422	git	.tau_ledger/experimental/symsquare_zeros.json	8bee4b8868ab33aa4bdfb64da418aa67c8c61431	committed
2025-09-19T09:05:15-04:00	receipt	4feb9bf405310d2d2fac19144c59703888aef299184795e8b17729b1cd91c57e	0000000000000000000000000000000000000000000000000000000000000000	422	git	_verify/unzip/tau_crystal/.tau_ledger/experimental/symsquare_zeros.json	43c6b14ea8ea20ac7c4492c1ad12f5f95c5f61cf	committed
2025-10-01T17:21:35-04:00	receipt	503bc58d5fd051b768cfd487d07ec44d664880f1138fa4d11c629ff6ef0ff4fc		1368	git	.tau_ledger/entropy/entropy_compare_20250929T043342Z_503bc58d5fd0.json	8bee4b8868ab33aa4bdfb64da418aa67c8c61431	committed
2025-09-22T15:05:59-04:00	receipt	519a4548f8a294f294fd5fe0663c81e460bb290b045d7e320d99aaf6243a1077	56ed8be8c8c23751ecd4065cff6108022e64cccee7e50fb2430c7be0d16f4223	156	git	analysis/capsules/auto-20250922T185733Z/capsule.receipt.json	408acd47a72c5d257045bb4565a8c5294d55f0b6	committed
2025-10-01T17:21:35-04:00	receipt	5213e281c4a80dd2eed286d2999510183b5e3659b6bcdf0e11d06a46395a37e0		212	git	.tau_ledger/freed/tmf_sigma_20251001T024242Z.json	8bee4b8868ab33aa4bdfb64da418aa67c8c61431	committed
2025-10-01T20:50:09-04:00	receipt	5288e47403177de1c0a62a66cdb998cd962800dbf7f06b2456913d016461405b		383	git	.tau_ledger/anomaly_M1_canon_20251002T004219Z.receipt.json	7185797a450f3e6a5fb1f4c94f3f40e4d82cc943	committed
2025-10-01T17:21:35-04:00	receipt	538544365f80562816e19198d1a05c9b29006cac5b1ff6afc9d89adaa0401045		439	git	.tau_ledger/geom/_archive/verify_20250919172811_eb8e554134967468781cdceb80b1f0672cea26aa851a4429072b05147d13387a.json	8bee4b8868ab33aa4bdfb64da418aa67c8c61431	committed
2025-09-19T13:29:20-04:00	receipt	538544365f80562816e19198d1a05c9b29006cac5b1ff6afc9d89adaa0401045		439	git	.tau_ledger/geom/verify_20250919172811_eb8e554134967468781cdceb80b1f0672cea26aa851a4429072b05147d13387a.json	54797bd253e538fd8a8ef9e36bbbdcafdaac22d5	committed
2025-09-19T13:29:20-04:00	receipt	538544365f80562816e19198d1a05c9b29006cac5b1ff6afc9d89adaa0401045		439	git	.tau_ledger/geom/verify_20250919172811_eb8e554134967468781cdceb80b1f0672cea26aa851a4429072b05147d13387a.json	5f544488a9f7bba46fde0415dc9c4afe25485dbb	committed
2025-09-19T13:29:20-04:00	receipt	538544365f80562816e19198d1a05c9b29006cac5b1ff6afc9d89adaa0401045		439	git	.tau_ledger/geom/verify_20250919172811_eb8e554134967468781cdceb80b1f0672cea26aa851a4429072b05147d13387a.json	6a1e498525e9f452c98d255a7ac070c46cbece32	committed
2025-10-01T17:21:35-04:00	receipt	538544365f80562816e19198d1a05c9b29006cac5b1ff6afc9d89adaa0401045		439	git	.tau_ledger/geom/verify_20250919172811_eb8e554134967468781cdceb80b1f0672cea26aa851a4429072b05147d13387a.json	8bee4b8868ab33aa4bdfb64da418aa67c8c61431	committed
2025-10-01T17:21:35-04:00	receipt	53ef7af6a243af448cac99c0fb31bf5c6be1cd8541b697ce5bf3a794586ef13c		482	git	analysis/capsules/lost/lost_timefold_receipts_20250927T202316Z/manifest.json	8bee4b8868ab33aa4bdfb64da418aa67c8c61431	committed
2025-09-06T01:31:46-04:00	receipt	5421b9ed37e32b9a92a10b04a145b15f7bbee28720e887ba2819f570c94f68e3	sha256:c1eed52958abd56e858c4e7a312b38eb866c3aeb13786a8517e3169f972ee409	1054	git	manifests/c1eed52958abd56e858c4e7a312b38eb866c3aeb13786a8517e3169f972ee409.json	3dfa4f62a511b2552c13b790af1da391f67a6731	committed
2025-10-01T17:21:35-04:00	receipt	5580a795e17cc40081244145103c71334ea0abf40a2a7b9f2ac9109cc23b90bc		439	git	.tau_ledger/geom/_archive/verify_20250919170731_6358ccf863dc4040d3fd345759dd364af6ebd2d8068cf04602dcd0d26cb59f95.json	8bee4b8868ab33aa4bdfb64da418aa67c8c61431	committed
2025-09-19T13:20:22-04:00	receipt	5580a795e17cc40081244145103c71334ea0abf40a2a7b9f2ac9109cc23b90bc		439	git	.tau_ledger/geom/verify_20250919170731_6358ccf863dc4040d3fd345759dd364af6ebd2d8068cf04602dcd0d26cb59f95.json	1a371471d2b1b81cf87e1eaa362127223ea7b3b4	committed
2025-09-19T13:20:22-04:00	receipt	5580a795e17cc40081244145103c71334ea0abf40a2a7b9f2ac9109cc23b90bc		439	git	.tau_ledger/geom/verify_20250919170731_6358ccf863dc4040d3fd345759dd364af6ebd2d8068cf04602dcd0d26cb59f95.json	8908b573c3994498e634f76992fbc04761cf2251	committed
2025-09-06T11:24:47-04:00	receipt	55d526ed20ed07e297b61a4421433e2ff41d5474e9e849776f14467352fdea94	d17490e0fd56d1553f640e7a2db585a8af1cba9e3b7e24b348e54758ad7754c7	1246	git	tau-crystal-manifest.json	4a3ab2d4f663212bb9677ae947c686074e9fd341	committed
2025-10-01T17:21:35-04:00	receipt	567326707a52e07926c2d73e7cfadbf93773ee79361c8fa0137e02d4cfa8c24f		246	git	analysis/freed/atlas_swap_20251001T005559Z.json	8bee4b8868ab33aa4bdfb64da418aa67c8c61431	committed
2025-09-06T01:31:01-04:00	receipt	56a294b61f61ebe82ff3da038b689d47402c0a475f0bc4f9f5ca90941464f718	sha256:78b6737e5534804b352cdbf22c711503210b2869379b2e2e0af71bd0893e828e	1096	git	manifests/78b6737e5534804b352cdbf22c711503210b2869379b2e2e0af71bd0893e828e.json	78ee39c86f37e399af9907c056ee98d2b2a45774	committed
2025-10-01T17:21:35-04:00	receipt	574b44d0bfe6fbb00d93fecc9e3adddc83bd85446d51eaed4d2cf8298b17dc18		376	git	analysis/freed/relative_index_20251001T003401Z.json	8bee4b8868ab33aa4bdfb64da418aa67c8c61431	committed
2025-10-01T21:01:42-04:00	receipt	5abf17568f2ddc7a51ead47c6842b799bb9cbfeebfcc8eb7f864f876501022d1		1111	git	.stage_23to29/_verify/unzip/tau_crystal/.tau_ledger/receipts/receipt_2025-09-15T21-44-52Z_5d78116.json	57f17787f15385b46f5477f80321ec049465c899	committed
2025-09-15T17:44:57-04:00	receipt	5abf17568f2ddc7a51ead47c6842b799bb9cbfeebfcc8eb7f864f876501022d1		1111	git	.tau_ledger/receipts/receipt_2025-09-15T21-44-52Z_5d78116.json	245f23dc79e174b47afc1799a94d831e29e36f1b	committed
2025-09-15T17:44:57-04:00	receipt	5abf17568f2ddc7a51ead47c6842b799bb9cbfeebfcc8eb7f864f876501022d1		1111	git	.tau_ledger/receipts/receipt_2025-09-15T21-44-52Z_5d78116.json	8b4f30c58744922d800a3f1633378dd3eabba490	committed
2025-10-01T17:21:35-04:00	receipt	5abf17568f2ddc7a51ead47c6842b799bb9cbfeebfcc8eb7f864f876501022d1		1111	git	.tau_ledger/receipts/receipt_2025-09-15T21-44-52Z_5d78116.json	8bee4b8868ab33aa4bdfb64da418aa67c8c61431	committed
2025-09-19T09:05:15-04:00	receipt	5abf17568f2ddc7a51ead47c6842b799bb9cbfeebfcc8eb7f864f876501022d1		1111	git	_verify/unzip/tau_crystal/.tau_ledger/receipts/receipt_2025-09-15T21-44-52Z_5d78116.json	43c6b14ea8ea20ac7c4492c1ad12f5f95c5f61cf	committed
2025-10-01T17:21:35-04:00	receipt	5ad16c8f2db6bc43f78ed9de0985ccdbfb52dc48e60cda76e31bdf3b9d8493dc		464	git	analysis/freed/relative_index_20251001T004334Z.json	8bee4b8868ab33aa4bdfb64da418aa67c8c61431	committed
2025-10-01T17:21:35-04:00	receipt	5b0ed27426495929c9876af4c15920483ebb0c15adb177a508dfb7e12e9e5dfc		314	git	.tau_ledger/timefold/timefold_mark_20250929T034554Z_ce6b47f71598.json	8bee4b8868ab33aa4bdfb64da418aa67c8c61431	committed
2025-10-02T03:12:20-04:00	receipt	5d425aa4929b3cad62559f092de0031b15c55581e384ba835c6ee3af04e8997a	6e6bb58bc82a0e7c54de4e1a6b53d3ae33215c8891cdc1fe7607957adc43f952	156	git	.stage_23to29/analysis/capsules/auto-20250922T220241Z/capsule.receipt.json	01b168b5847dab7e08708c8f741740c171778f0a	committed
2025-10-02T03:12:20-04:00	receipt	5d425aa4929b3cad62559f092de0031b15c55581e384ba835c6ee3af04e8997a	6e6bb58bc82a0e7c54de4e1a6b53d3ae33215c8891cdc1fe7607957adc43f952	156	git	.stage_23to29/analysis/capsules/auto-20250922T220241Z/capsule.receipt.json	5634886006567bbc8a0b7e8f6e7798ed4b6d4c8c	committed
2025-10-02T03:12:20-04:00	receipt	5d425aa4929b3cad62559f092de0031b15c55581e384ba835c6ee3af04e8997a	6e6bb58bc82a0e7c54de4e1a6b53d3ae33215c8891cdc1fe7607957adc43f952	156	git	analysis/capsules/auto-20250922T220241Z/capsule.receipt.json	01b168b5847dab7e08708c8f741740c171778f0a	committed
2025-10-02T03:12:20-04:00	receipt	5d425aa4929b3cad62559f092de0031b15c55581e384ba835c6ee3af04e8997a	6e6bb58bc82a0e7c54de4e1a6b53d3ae33215c8891cdc1fe7607957adc43f952	156	git	analysis/capsules/auto-20250922T220241Z/capsule.receipt.json	5634886006567bbc8a0b7e8f6e7798ed4b6d4c8c	committed
2025-09-23T16:40:49-04:00	receipt	5d425aa4929b3cad62559f092de0031b15c55581e384ba835c6ee3af04e8997a	6e6bb58bc82a0e7c54de4e1a6b53d3ae33215c8891cdc1fe7607957adc43f952	156	git	analysis/capsules/auto-20250922T220241Z/capsule.receipt.json	603f7f299e3b203e740dcebe480b8f50babb6a7c	committed
2025-10-01T17:21:35-04:00	receipt	5d8d749813530463ead012c082b6e4a8c2acff3e3797eeb4c0baf29722e4525d		1239	git	.tau_ledger/timefold/state/state_20250929T035338Z_ce6b47f71598.json	8bee4b8868ab33aa4bdfb64da418aa67c8c61431	committed
2025-09-18T01:23:52-04:00	receipt	5faf4a5f18ae5508ac588bed5842c2415c794843df03dee37bafb3a45762a4eb		1042	git	docs/llm_index.v1.json	48482939ee5b9f2fe1f3ddeedcdbc0e0e890f3a3	committed
2025-09-06T02:24:34-04:00	receipt	61de5b59c42b6520c60ec4fa449c53df1f12310877133525a3eeed6000b9d08b	sha256:6fcecff5c1054733d0d6fe7403d35049237a8eb21d364df12daac9980488df44	796	git	rescue/20250906-011842/manifests/6fcecff5c1054733d0d6fe7403d35049237a8eb21d364df12daac9980488df44.json	16a4cc5a4de973d78adf308301af9a349922ec47	committed
2025-09-06T02:24:34-04:00	receipt	61de5b59c42b6520c60ec4fa449c53df1f12310877133525a3eeed6000b9d08b	sha256:6fcecff5c1054733d0d6fe7403d35049237a8eb21d364df12daac9980488df44	796	git	rescue/20250906-011842/manifests/6fcecff5c1054733d0d6fe7403d35049237a8eb21d364df12daac9980488df44.json	5e5d4612f88f10db8e46c2eee4d0a98cde54b855	committed
2025-09-06T18:15:54-04:00	receipt	62e810fc2a059505277a9a942f48bcf7a1ade415d1bcd3ed87fa55e220db2ad4	5696ba2eeffc7c71edaba88960a7cb0ed13433797473cd9a130d12c8b66e46ea	369	git	.tau_ledger/receipts/20250906T071551Z-2b4efa5-local.json	58ac70cb3af1a4648e66eeb3f0ed3b2ab7c22b2d	committed
2025-09-09T00:19:05-04:00	receipt	62e810fc2a059505277a9a942f48bcf7a1ade415d1bcd3ed87fa55e220db2ad4	5696ba2eeffc7c71edaba88960a7cb0ed13433797473cd9a130d12c8b66e46ea	369	git	.tau_ledger/receipts/20250906T071551Z-2b4efa5-local.json	60cff83d0bae2c2f763366453c00e5216764fc0e	committed
2025-09-06T18:15:54-04:00	receipt	62e810fc2a059505277a9a942f48bcf7a1ade415d1bcd3ed87fa55e220db2ad4	5696ba2eeffc7c71edaba88960a7cb0ed13433797473cd9a130d12c8b66e46ea	369	git	.tau_ledger/receipts/20250906T071551Z-2b4efa5-local.json	6503cf762ea8d24cb96691334607b46156525f28	committed
2025-09-09T00:19:05-04:00	receipt	62e810fc2a059505277a9a942f48bcf7a1ade415d1bcd3ed87fa55e220db2ad4	5696ba2eeffc7c71edaba88960a7cb0ed13433797473cd9a130d12c8b66e46ea	369	git	.tau_ledger/receipts/20250906T071551Z-2b4efa5-local.json	91c37c7cb33f5980a273c022ab527bd1f902298f	committed
2025-09-06T16:16:24-04:00	receipt	62e810fc2a059505277a9a942f48bcf7a1ade415d1bcd3ed87fa55e220db2ad4	5696ba2eeffc7c71edaba88960a7cb0ed13433797473cd9a130d12c8b66e46ea	369	git	dist/tau-crystal-demo/.tau_ledger/20250906T071551Z-2b4efa5-local.json	13ee113d0595598f9dec8c7dd69b900236f72e40	committed
2025-10-01T17:21:35-04:00	receipt	630016d1c9ab33823f5a573c8d31e7c7f719846174b70e85958024076040273a		309	git	.tau_ledger/freed/tmf_sigma_20251001T031601Z.json	8bee4b8868ab33aa4bdfb64da418aa67c8c61431	committed
2025-09-06T01:31:46-04:00	receipt	6311f2c015703a6af27bcab0586161b246aea65e2e096afa3a732041f9bb90de	sha256:3e785e363760c424edd6282b7525365883061dc487f687beb32f6c96edf2f5c2	1070	git	manifests/3e785e363760c424edd6282b7525365883061dc487f687beb32f6c96edf2f5c2.json	3dfa4f62a511b2552c13b790af1da391f67a6731	committed
2025-09-06T16:16:24-04:00	receipt	636dbc2d4f574a254f86a0420ad35d1810583b0fd362531418ce9904da5720b0	b4872178f2bcfae2d6a9f0138f67b82177cfda154c74f1140a5fe88a41a5f3c1	369	git	dist/tau-crystal-demo/.tau_ledger/20250906T071542Z-e5e709a-local.json	13ee113d0595598f9dec8c7dd69b900236f72e40	committed
2025-10-02T03:12:20-04:00	receipt	6382ef78f4387b8818dbf3f4164c632bd28406aff3d5cb58c42b6901b37f9e22		184	git	.stage_23to29/_verify/unzip/tau_crystal/analysis/normalized/satake_stable.norm.json	01b168b5847dab7e08708c8f741740c171778f0a	committed
2025-10-02T03:12:20-04:00	receipt	6382ef78f4387b8818dbf3f4164c632bd28406aff3d5cb58c42b6901b37f9e22		184	git	.stage_23to29/_verify/unzip/tau_crystal/analysis/normalized/satake_stable.norm.json	5634886006567bbc8a0b7e8f6e7798ed4b6d4c8c	committed
2025-10-02T03:12:20-04:00	receipt	6382ef78f4387b8818dbf3f4164c632bd28406aff3d5cb58c42b6901b37f9e22		184	git	.stage_23to29/analysis/normalized/satake_stable.norm.json	01b168b5847dab7e08708c8f741740c171778f0a	committed
2025-10-02T03:12:20-04:00	receipt	6382ef78f4387b8818dbf3f4164c632bd28406aff3d5cb58c42b6901b37f9e22		184	git	.stage_23to29/analysis/normalized/satake_stable.norm.json	5634886006567bbc8a0b7e8f6e7798ed4b6d4c8c	committed
2025-09-19T09:05:15-04:00	receipt	6382ef78f4387b8818dbf3f4164c632bd28406aff3d5cb58c42b6901b37f9e22		184	git	_verify/unzip/tau_crystal/analysis/normalized/satake_stable.norm.json	43c6b14ea8ea20ac7c4492c1ad12f5f95c5f61cf	committed
2025-09-15T13:11:54-04:00	receipt	6382ef78f4387b8818dbf3f4164c632bd28406aff3d5cb58c42b6901b37f9e22		184	git	analysis/normalized/satake_stable.norm.json	1cf1505a9adcc4f321a6116b085b517625865960	committed
2025-09-15T13:11:54-04:00	receipt	6382ef78f4387b8818dbf3f4164c632bd28406aff3d5cb58c42b6901b37f9e22		184	git	analysis/normalized/satake_stable.norm.json	2121f46969d2434c81be5fdb30236f9bd8b16fe8	committed
2025-09-29T13:41:15-04:00	receipt	63d27eb59cd33bb9f82f5381f470923505cbb6d30c1580a2a9ea7d1be8134bcc		332	git	.cache/_reflect_inputs.json	224713f54934e5e37fc35bfc12417b8d321bd2d9	committed
2025-10-01T21:01:42-04:00	receipt	63d27eb59cd33bb9f82f5381f470923505cbb6d30c1580a2a9ea7d1be8134bcc		332	git	.cache/_reflect_inputs.json	57f17787f15385b46f5477f80321ec049465c899	committed
2025-10-01T21:01:42-04:00	receipt	63d27eb59cd33bb9f82f5381f470923505cbb6d30c1580a2a9ea7d1be8134bcc		332	git	.stage_23to29/.cache/_reflect_inputs.json	57f17787f15385b46f5477f80321ec049465c899	committed
2025-09-06T01:17:06-04:00	receipt	6440a2eccc95f43d1f5dfee68c599a7ece8f3e40151b541c46422b234beef03c	sha256:3e785e363760c424edd6282b7525365883061dc487f687beb32f6c96edf2f5c2	1070	git	manifests/3e785e363760c424edd6282b7525365883061dc487f687beb32f6c96edf2f5c2.json	449760c0317e99a1c4680cccde035ec0efdc2f2e	committed
2025-09-03T22:49:23-04:00	receipt	65a409462a9d7a0839c529611af0a3bb122067ca7dcf666070295605b6b06d07		10529	git	replay_manifest.json	438bf3c9099e8e526a999336fdb2297286c4bda2	committed
2025-10-01T20:50:09-04:00	receipt	65e3f0ecd307377e4a152bf52a3d68d1ec913364b265f6aac8b84936f492d130		397	git	.tau_ledger/anomaly_glued_bad_canon_20251002T005006Z.receipt.json	7185797a450f3e6a5fb1f4c94f3f40e4d82cc943	committed
2025-10-02T03:12:20-04:00	receipt	67e61fcd3d168af42e13543061919bae8c204cf864713d8b823bb5ecf2f1cf38		178	git	.stage_23to29/_verify/unzip/tau_crystal/analysis/normalized/motives.norm.json	01b168b5847dab7e08708c8f741740c171778f0a	committed
2025-10-02T03:12:20-04:00	receipt	67e61fcd3d168af42e13543061919bae8c204cf864713d8b823bb5ecf2f1cf38		178	git	.stage_23to29/_verify/unzip/tau_crystal/analysis/normalized/motives.norm.json	5634886006567bbc8a0b7e8f6e7798ed4b6d4c8c	committed
2025-10-02T03:12:20-04:00	receipt	67e61fcd3d168af42e13543061919bae8c204cf864713d8b823bb5ecf2f1cf38		178	git	.stage_23to29/analysis/normalized/motives.norm.json	01b168b5847dab7e08708c8f741740c171778f0a	committed
2025-10-02T03:12:20-04:00	receipt	67e61fcd3d168af42e13543061919bae8c204cf864713d8b823bb5ecf2f1cf38		178	git	.stage_23to29/analysis/normalized/motives.norm.json	5634886006567bbc8a0b7e8f6e7798ed4b6d4c8c	committed
2025-09-19T09:05:15-04:00	receipt	67e61fcd3d168af42e13543061919bae8c204cf864713d8b823bb5ecf2f1cf38		178	git	_verify/unzip/tau_crystal/analysis/normalized/motives.norm.json	43c6b14ea8ea20ac7c4492c1ad12f5f95c5f61cf	committed
2025-09-15T13:11:54-04:00	receipt	67e61fcd3d168af42e13543061919bae8c204cf864713d8b823bb5ecf2f1cf38		178	git	analysis/normalized/motives.norm.json	1cf1505a9adcc4f321a6116b085b517625865960	committed
2025-09-15T13:11:54-04:00	receipt	67e61fcd3d168af42e13543061919bae8c204cf864713d8b823bb5ecf2f1cf38		178	git	analysis/normalized/motives.norm.json	2121f46969d2434c81be5fdb30236f9bd8b16fe8	committed
2025-10-01T21:01:42-04:00	receipt	67ff6f996613b913dc677188256e9fea4d02a53d414858158a8007bf571780f4		1111	git	.stage_23to29/_verify/unzip/tau_crystal/.tau_ledger/receipts/receipt_2025-09-15T21-41-37Z_c6390eb.json	57f17787f15385b46f5477f80321ec049465c899	committed
2025-09-15T17:41:43-04:00	receipt	67ff6f996613b913dc677188256e9fea4d02a53d414858158a8007bf571780f4		1111	git	.tau_ledger/receipts/receipt_2025-09-15T21-41-37Z_c6390eb.json	10c4c57ead70d7f587f7d21b4643a80cec3be5a0	committed
2025-10-01T17:21:35-04:00	receipt	67ff6f996613b913dc677188256e9fea4d02a53d414858158a8007bf571780f4		1111	git	.tau_ledger/receipts/receipt_2025-09-15T21-41-37Z_c6390eb.json	8bee4b8868ab33aa4bdfb64da418aa67c8c61431	committed
2025-09-19T09:05:15-04:00	receipt	67ff6f996613b913dc677188256e9fea4d02a53d414858158a8007bf571780f4		1111	git	_verify/unzip/tau_crystal/.tau_ledger/receipts/receipt_2025-09-15T21-41-37Z_c6390eb.json	43c6b14ea8ea20ac7c4492c1ad12f5f95c5f61cf	committed
2025-10-01T17:21:35-04:00	receipt	68f93df6cbe856b4b96fcda240e304e3ca2ecdac367b21269bb77f0df761af92		314	git	.tau_ledger/timefold/timefold_mark_20250929T035339Z_ce6b47f71598.json	8bee4b8868ab33aa4bdfb64da418aa67c8c61431	committed
2025-09-06T18:15:54-04:00	receipt	6935e9de5421b354c9321fe64ec943a76c69d05e3fc4a0d7a52a097ea6455fbe	f8fc42fde893ba3821aa17f0318e89358a5b014c4484f5b979cfd04ace217019	369	git	.tau_ledger/receipts/20250906T071751Z-46b1e91-local.json	58ac70cb3af1a4648e66eeb3f0ed3b2ab7c22b2d	committed
2025-09-09T00:19:05-04:00	receipt	6935e9de5421b354c9321fe64ec943a76c69d05e3fc4a0d7a52a097ea6455fbe	f8fc42fde893ba3821aa17f0318e89358a5b014c4484f5b979cfd04ace217019	369	git	.tau_ledger/receipts/20250906T071751Z-46b1e91-local.json	60cff83d0bae2c2f763366453c00e5216764fc0e	committed
2025-09-06T18:15:54-04:00	receipt	6935e9de5421b354c9321fe64ec943a76c69d05e3fc4a0d7a52a097ea6455fbe	f8fc42fde893ba3821aa17f0318e89358a5b014c4484f5b979cfd04ace217019	369	git	.tau_ledger/receipts/20250906T071751Z-46b1e91-local.json	6503cf762ea8d24cb96691334607b46156525f28	committed
2025-09-09T00:19:05-04:00	receipt	6935e9de5421b354c9321fe64ec943a76c69d05e3fc4a0d7a52a097ea6455fbe	f8fc42fde893ba3821aa17f0318e89358a5b014c4484f5b979cfd04ace217019	369	git	.tau_ledger/receipts/20250906T071751Z-46b1e91-local.json	91c37c7cb33f5980a273c022ab527bd1f902298f	committed
2025-10-01T21:01:42-04:00	receipt	6b2f3aafe25b0e413cc024c439567af1baa2d6bf98fa25b47a7ce3144fc3b9b7		1042	git	.stage_23to29/docs/llm_index.v1.json	57f17787f15385b46f5477f80321ec049465c899	committed
2025-10-01T21:01:42-04:00	receipt	6e979dc390a8806a581cf6134b2b8bff8b7e536c6c7b6ebf848e7336d5d767ea		1493	git	.stage_23to29/_verify/unzip/tau_crystal/docs/schemas/experimental_fft_bootstrap.json	57f17787f15385b46f5477f80321ec049465c899	committed
2025-10-01T21:01:42-04:00	receipt	6e979dc390a8806a581cf6134b2b8bff8b7e536c6c7b6ebf848e7336d5d767ea		1493	git	.stage_23to29/docs/schemas/experimental_fft_bootstrap.json	57f17787f15385b46f5477f80321ec049465c899	committed
2025-09-19T09:05:15-04:00	receipt	6e979dc390a8806a581cf6134b2b8bff8b7e536c6c7b6ebf848e7336d5d767ea		1493	git	_verify/unzip/tau_crystal/docs/schemas/experimental_fft_bootstrap.json	43c6b14ea8ea20ac7c4492c1ad12f5f95c5f61cf	committed
2025-09-15T06:43:34-04:00	receipt	6e979dc390a8806a581cf6134b2b8bff8b7e536c6c7b6ebf848e7336d5d767ea		1493	git	docs/schemas/experimental_fft_bootstrap.json	0e548705d28f43b47015ab11498a21b331dd211a	committed
2025-09-12T15:05:53-04:00	receipt	6ea9ba571e89fab8b932840fcf1caa579edef111f01c7ec8cbf9e74d066b7719		659	git	receipts/2025-09-12T18-46-12Z.json	1f8bf7020201355a0eed4bbe277ebafe18ee5850	committed
2025-09-13T22:34:26-04:00	receipt	70eaacb6cfe45e3b939b77e10d4ab2a4019d3f5816c281c8f2b8f93e3f5cd3ce	deadbeef	149	git	.tau_ledger/receipts/demo-20250914T023421Z.json	49c37c965b9f7537431e4849abe8c167e6429341	committed
2025-10-01T17:21:35-04:00	receipt	72ea3dc5b99f911adad04681a463eeaca52d9be7e9e21a7b659ed5f2f1e20bc7		558	git	.tau_ledger/discovery/morpho_signature_pair_hashes.json	8bee4b8868ab33aa4bdfb64da418aa67c8c61431	committed
2025-10-02T03:12:20-04:00	receipt	7306f16d752d7f2d5879f99fa6f8435399f0d6aaa736a9d9efa133e9c13bfcb5		177	git	.stage_23to29/_verify/unzip/tau_crystal/analysis/normalized/satake.norm.json	01b168b5847dab7e08708c8f741740c171778f0a	committed
2025-10-02T03:12:20-04:00	receipt	7306f16d752d7f2d5879f99fa6f8435399f0d6aaa736a9d9efa133e9c13bfcb5		177	git	.stage_23to29/_verify/unzip/tau_crystal/analysis/normalized/satake.norm.json	5634886006567bbc8a0b7e8f6e7798ed4b6d4c8c	committed
2025-10-02T03:12:20-04:00	receipt	7306f16d752d7f2d5879f99fa6f8435399f0d6aaa736a9d9efa133e9c13bfcb5		177	git	.stage_23to29/analysis/normalized/satake.norm.json	01b168b5847dab7e08708c8f741740c171778f0a	committed
2025-10-02T03:12:20-04:00	receipt	7306f16d752d7f2d5879f99fa6f8435399f0d6aaa736a9d9efa133e9c13bfcb5		177	git	.stage_23to29/analysis/normalized/satake.norm.json	5634886006567bbc8a0b7e8f6e7798ed4b6d4c8c	committed
2025-09-19T09:05:15-04:00	receipt	7306f16d752d7f2d5879f99fa6f8435399f0d6aaa736a9d9efa133e9c13bfcb5		177	git	_verify/unzip/tau_crystal/analysis/normalized/satake.norm.json	43c6b14ea8ea20ac7c4492c1ad12f5f95c5f61cf	committed
2025-09-15T13:11:54-04:00	receipt	7306f16d752d7f2d5879f99fa6f8435399f0d6aaa736a9d9efa133e9c13bfcb5		177	git	analysis/normalized/satake.norm.json	1cf1505a9adcc4f321a6116b085b517625865960	committed
2025-09-15T13:11:54-04:00	receipt	7306f16d752d7f2d5879f99fa6f8435399f0d6aaa736a9d9efa133e9c13bfcb5		177	git	analysis/normalized/satake.norm.json	2121f46969d2434c81be5fdb30236f9bd8b16fe8	committed
2025-10-01T17:21:35-04:00	receipt	7407bedc8aa689d512bd75c9227f888a790ff00062c002167425628c19f896ef		789	git	.tau_ledger/freed/z4c_resstudy_20251001T042746Z.json	8bee4b8868ab33aa4bdfb64da418aa67c8c61431	committed
2025-10-02T03:12:20-04:00	receipt	7470c7a13811e0cd43debd229f09ad3a646544d1e8351cdebe04523d0e4a48a4		209	git	.stage_23to29/analysis/capsules/auto-20250923T154931Z/capsule.receipt.json	01b168b5847dab7e08708c8f741740c171778f0a	committed
2025-10-02T03:12:20-04:00	receipt	7470c7a13811e0cd43debd229f09ad3a646544d1e8351cdebe04523d0e4a48a4		209	git	.stage_23to29/analysis/capsules/auto-20250923T154931Z/capsule.receipt.json	5634886006567bbc8a0b7e8f6e7798ed4b6d4c8c	committed
2025-10-02T03:12:20-04:00	receipt	7470c7a13811e0cd43debd229f09ad3a646544d1e8351cdebe04523d0e4a48a4		209	git	analysis/capsules/auto-20250923T154931Z/capsule.receipt.json	01b168b5847dab7e08708c8f741740c171778f0a	committed
2025-10-02T03:12:20-04:00	receipt	7470c7a13811e0cd43debd229f09ad3a646544d1e8351cdebe04523d0e4a48a4		209	git	analysis/capsules/auto-20250923T154931Z/capsule.receipt.json	5634886006567bbc8a0b7e8f6e7798ed4b6d4c8c	committed
2025-09-23T16:40:49-04:00	receipt	7470c7a13811e0cd43debd229f09ad3a646544d1e8351cdebe04523d0e4a48a4		209	git	analysis/capsules/auto-20250923T154931Z/capsule.receipt.json	603f7f299e3b203e740dcebe480b8f50babb6a7c	committed
2025-10-01T17:21:35-04:00	receipt	74c24bbadb8182487d8554564f80f525499635303f263909a1ba2c602a254056	74353175e75a437f6888b86657485855af1ec451f3dd48892072385151d79a1c	1051	git	.tau_ledger/entropy/witness_20250929T063115Z_74353175e75a.json	8bee4b8868ab33aa4bdfb64da418aa67c8c61431	committed
2025-10-01T17:21:35-04:00	receipt	74cc77daac389e78bd0a7b8172eb260109e347c09703a5205ea390d26c02386e		495	git	analysis/capsules/lost/lost_sym2_double_zero_20250927T202319Z/manifest.json	8bee4b8868ab33aa4bdfb64da418aa67c8c61431	committed
2025-10-02T03:12:20-04:00	receipt	75d3b3b6db6e3783b0902414ec2a691ecbfbdbab0f30ccfa91a9c37a5bcd4415		175	git	.stage_23to29/_verify/unzip/tau_crystal/analysis/normalized/rank.norm.json	01b168b5847dab7e08708c8f741740c171778f0a	committed
2025-10-02T03:12:20-04:00	receipt	75d3b3b6db6e3783b0902414ec2a691ecbfbdbab0f30ccfa91a9c37a5bcd4415		175	git	.stage_23to29/_verify/unzip/tau_crystal/analysis/normalized/rank.norm.json	5634886006567bbc8a0b7e8f6e7798ed4b6d4c8c	committed
2025-10-02T03:12:20-04:00	receipt	75d3b3b6db6e3783b0902414ec2a691ecbfbdbab0f30ccfa91a9c37a5bcd4415		175	git	.stage_23to29/analysis/normalized/rank.norm.json	01b168b5847dab7e08708c8f741740c171778f0a	committed
2025-10-02T03:12:20-04:00	receipt	75d3b3b6db6e3783b0902414ec2a691ecbfbdbab0f30ccfa91a9c37a5bcd4415		175	git	.stage_23to29/analysis/normalized/rank.norm.json	5634886006567bbc8a0b7e8f6e7798ed4b6d4c8c	committed
2025-09-19T09:05:15-04:00	receipt	75d3b3b6db6e3783b0902414ec2a691ecbfbdbab0f30ccfa91a9c37a5bcd4415		175	git	_verify/unzip/tau_crystal/analysis/normalized/rank.norm.json	43c6b14ea8ea20ac7c4492c1ad12f5f95c5f61cf	committed
2025-09-15T13:11:54-04:00	receipt	75d3b3b6db6e3783b0902414ec2a691ecbfbdbab0f30ccfa91a9c37a5bcd4415		175	git	analysis/normalized/rank.norm.json	1cf1505a9adcc4f321a6116b085b517625865960	committed
2025-09-15T13:11:54-04:00	receipt	75d3b3b6db6e3783b0902414ec2a691ecbfbdbab0f30ccfa91a9c37a5bcd4415		175	git	analysis/normalized/rank.norm.json	2121f46969d2434c81be5fdb30236f9bd8b16fe8	committed
2025-10-04T18:32:39-04:00	receipt	76becbaeecea0e353d38ac3f14498d7aefba5a45796372021da1f1649e06e93d		512	git	artifacts/audit/echo.json	8497a288e7b8518f876588d02dd68d4a1a3b470f	committed
2025-10-01T17:21:35-04:00	receipt	77a34c2818f12c1ec447013b2e32b52c8c9642aa3cb89ca433258cd0701f7a99		359	git	.tau_ledger/freed/axioms_passfail_20250930T203831Z.manifest.json	8bee4b8868ab33aa4bdfb64da418aa67c8c61431	committed
2025-10-01T21:01:42-04:00	receipt	78127c9ddd18d1de5e9f0a3029d19ccfbc6a4051a3e1d86c805e15f8756b50c9		546	git	.stage_23to29/_ci_artifacts/physics/pre_cert.json	57f17787f15385b46f5477f80321ec049465c899	committed
2025-10-01T21:01:42-04:00	receipt	78127c9ddd18d1de5e9f0a3029d19ccfbc6a4051a3e1d86c805e15f8756b50c9		546	git	.stage_23to29/_verify/unzip/tau_crystal/_ci_artifacts/physics/pre_cert.json	57f17787f15385b46f5477f80321ec049465c899	committed
2025-09-13T12:00:02-04:00	receipt	78127c9ddd18d1de5e9f0a3029d19ccfbc6a4051a3e1d86c805e15f8756b50c9		546	git	_ci_artifacts/physics/pre_cert.json	4086bc297aa65dbc8b65681be5012f76f18f75f5	committed
2025-09-13T12:00:02-04:00	receipt	78127c9ddd18d1de5e9f0a3029d19ccfbc6a4051a3e1d86c805e15f8756b50c9		546	git	_ci_artifacts/physics/pre_cert.json	62980c1d1b8bc88399e41086203a777db3be8708	committed
2025-09-19T09:05:15-04:00	receipt	78127c9ddd18d1de5e9f0a3029d19ccfbc6a4051a3e1d86c805e15f8756b50c9		546	git	_verify/unzip/tau_crystal/_ci_artifacts/physics/pre_cert.json	43c6b14ea8ea20ac7c4492c1ad12f5f95c5f61cf	committed
2025-10-02T03:12:20-04:00	receipt	7966864ca907c9e077dd06048a2a37feb0ab46959c0d3dbe75bfdf858cb0bacb	3e85a22af30ee1612ca35d533e7ece680ea2803e61cfec7f7bd6f9060bad4643	156	git	.stage_23to29/analysis/capsules/auto-20250922T220215Z.receipt.json	01b168b5847dab7e08708c8f741740c171778f0a	committed
2025-10-02T03:12:20-04:00	receipt	7966864ca907c9e077dd06048a2a37feb0ab46959c0d3dbe75bfdf858cb0bacb	3e85a22af30ee1612ca35d533e7ece680ea2803e61cfec7f7bd6f9060bad4643	156	git	.stage_23to29/analysis/capsules/auto-20250922T220215Z.receipt.json	5634886006567bbc8a0b7e8f6e7798ed4b6d4c8c	committed
2025-10-02T03:12:20-04:00	receipt	7966864ca907c9e077dd06048a2a37feb0ab46959c0d3dbe75bfdf858cb0bacb	3e85a22af30ee1612ca35d533e7ece680ea2803e61cfec7f7bd6f9060bad4643	156	git	analysis/capsules/auto-20250922T220215Z.receipt.json	01b168b5847dab7e08708c8f741740c171778f0a	committed
2025-10-02T03:12:20-04:00	receipt	7966864ca907c9e077dd06048a2a37feb0ab46959c0d3dbe75bfdf858cb0bacb	3e85a22af30ee1612ca35d533e7ece680ea2803e61cfec7f7bd6f9060bad4643	156	git	analysis/capsules/auto-20250922T220215Z.receipt.json	5634886006567bbc8a0b7e8f6e7798ed4b6d4c8c	committed
2025-09-23T16:40:49-04:00	receipt	7966864ca907c9e077dd06048a2a37feb0ab46959c0d3dbe75bfdf858cb0bacb	3e85a22af30ee1612ca35d533e7ece680ea2803e61cfec7f7bd6f9060bad4643	156	git	analysis/capsules/auto-20250922T220215Z.receipt.json	603f7f299e3b203e740dcebe480b8f50babb6a7c	committed
2025-10-01T17:21:35-04:00	receipt	79b1c5785c82cce5ae712e5f3076481f9d116fb5f8107c90fe1522f5f14a0d59	3fe96cbe26f80c552c52b09909652840c0e4b3eadc6d474d128853883486e1cf	718	git	.tau_ledger/corridor/corridor_20250929T033832Z_3fe96cbe26f8.json	8bee4b8868ab33aa4bdfb64da418aa67c8c61431	committed
2025-10-01T17:21:35-04:00	receipt	7ba74639fad62baf28122d674a126541585a880e0d330afd44a9628410981180		464	git	analysis/freed/relative_index_20251001T004731Z.json	8bee4b8868ab33aa4bdfb64da418aa67c8c61431	committed
2025-10-01T17:21:35-04:00	receipt	7bfae6acc1114f85275316727d38ddcc934ca7f9c55fa8466c25aa85c4fc599b	f45c64198862c173b9f57c6e626e970118abb87e7f7f9e5aa35629aacb4b02de	2956	git	analysis/capsules/lost_index_20250927T202418Z/index_manifest.json	8bee4b8868ab33aa4bdfb64da418aa67c8c61431	committed
2025-10-01T21:01:42-04:00	receipt	7dfa6ff4b76ab205be740edd4a840a623b0409200f63473244a97f05b54b9d8e	deadbeef	323	git	.stage_23to29/_verify/unzip/tau_crystal/.tau_ledger/holo/holov1-20250914T144201Z.json	57f17787f15385b46f5477f80321ec049465c899	committed
2025-09-14T10:42:12-04:00	receipt	7dfa6ff4b76ab205be740edd4a840a623b0409200f63473244a97f05b54b9d8e	deadbeef	323	git	.tau_ledger/holo/holov1-20250914T144201Z.json	04ed4fe4a7c2c1e50decd43aa58c23e870c326ef	committed
2025-09-14T10:42:12-04:00	receipt	7dfa6ff4b76ab205be740edd4a840a623b0409200f63473244a97f05b54b9d8e	deadbeef	323	git	.tau_ledger/holo/holov1-20250914T144201Z.json	29e01f61f0ce4e0f569d7c10d060af8f8cce4e5c	committed
2025-10-01T17:21:35-04:00	receipt	7dfa6ff4b76ab205be740edd4a840a623b0409200f63473244a97f05b54b9d8e	deadbeef	323	git	.tau_ledger/holo/holov1-20250914T144201Z.json	8bee4b8868ab33aa4bdfb64da418aa67c8c61431	committed
2025-09-19T09:05:15-04:00	receipt	7dfa6ff4b76ab205be740edd4a840a623b0409200f63473244a97f05b54b9d8e	deadbeef	323	git	_verify/unzip/tau_crystal/.tau_ledger/holo/holov1-20250914T144201Z.json	43c6b14ea8ea20ac7c4492c1ad12f5f95c5f61cf	committed
2025-10-01T21:01:42-04:00	receipt	7efe44f92ea577b62f7646585f661d4da4fe664f958f7820bf1dfe6938666038	cdf5f02c80dc52ccf6b7d2df607b2d1102d75f74cac2ae1899e5f7351d02f813	485	git	.stage_23to29/_verify/unzip/tau_crystal/.tau_ledger/experimental/fft_bsd.json	57f17787f15385b46f5477f80321ec049465c899	committed
2025-09-15T06:58:39-04:00	receipt	7efe44f92ea577b62f7646585f661d4da4fe664f958f7820bf1dfe6938666038	cdf5f02c80dc52ccf6b7d2df607b2d1102d75f74cac2ae1899e5f7351d02f813	485	git	.tau_ledger/experimental/fft_bsd.json	889d2e04c3a7f05a9e898bb4b029b3d4f3608076	committed
2025-10-01T17:21:35-04:00	receipt	7efe44f92ea577b62f7646585f661d4da4fe664f958f7820bf1dfe6938666038	cdf5f02c80dc52ccf6b7d2df607b2d1102d75f74cac2ae1899e5f7351d02f813	485	git	.tau_ledger/experimental/fft_bsd.json	8bee4b8868ab33aa4bdfb64da418aa67c8c61431	committed
2025-09-19T09:05:15-04:00	receipt	7efe44f92ea577b62f7646585f661d4da4fe664f958f7820bf1dfe6938666038	cdf5f02c80dc52ccf6b7d2df607b2d1102d75f74cac2ae1899e5f7351d02f813	485	git	_verify/unzip/tau_crystal/.tau_ledger/experimental/fft_bsd.json	43c6b14ea8ea20ac7c4492c1ad12f5f95c5f61cf	committed
2025-10-01T20:50:09-04:00	receipt	7f0ca6c33e0b50a3cc8681cfdcb718b199c2d7b89aa46fd0d36ac87ba439cb8f		383	git	.tau_ledger/anomaly_M2_canon_20251002T005006Z.receipt.json	7185797a450f3e6a5fb1f4c94f3f40e4d82cc943	committed
2025-10-01T17:21:35-04:00	receipt	7f3852f098335f3d8d07dc799b276ca44ade5bf703f5664166b423d5300ae634	4f00b2c5e585eb6ddb4a9937704a22c6c9da732024ae14587ad5fdcd1b286c65	957	git	.tau_ledger/freed/manifest_leaf.json	8bee4b8868ab33aa4bdfb64da418aa67c8c61431	committed
2025-10-01T02:05:53-04:00	receipt	7f3852f098335f3d8d07dc799b276ca44ade5bf703f5664166b423d5300ae634	4f00b2c5e585eb6ddb4a9937704a22c6c9da732024ae14587ad5fdcd1b286c65	957	git	releases/monograph/affine-b5-v1/manifest_leaf.json	36ad2df7a397c02b89d0ca12281da93c97a1bd38	committed
2025-10-04T18:32:39-04:00	receipt	7f61bd0f40645ab7f9f281df10f3b6f470de1f710802783f705813dc9cd30c6d		4026	git	artifacts/audit/all.json	8497a288e7b8518f876588d02dd68d4a1a3b470f	committed
2025-10-04T18:32:39-04:00	receipt	7fd0fd7b9a3459246cf0a0d02ac0831d1efd8475278c3891f3e593838a72f542		480	git	artifacts/audit/motive.json	8497a288e7b8518f876588d02dd68d4a1a3b470f	committed
2025-10-01T17:21:35-04:00	receipt	803b12b7b6a18a5af17be78d226c5e8e5b9cd9e7d0c03b6096f1f64c261e9644		209	git	.tau_ledger/hysteresis/box-CM-D23/cm-sector_receipt.json	8bee4b8868ab33aa4bdfb64da418aa67c8c61431	committed
2025-09-06T01:17:06-04:00	receipt	82f8cef497538fa5a810117ee1e5ff3cb2587c5e5dcd087f2efae6fda36afa09	sha256:d4402f3f84d648f6f7d73c3dc6dc1f3a7089acc03296f709f978298da31b160f	916	git	manifests/d4402f3f84d648f6f7d73c3dc6dc1f3a7089acc03296f709f978298da31b160f.json	449760c0317e99a1c4680cccde035ec0efdc2f2e	committed
2025-10-01T21:01:42-04:00	receipt	83de6a2b540332505219a60b9302ca0760b9f4a738f3bc1697a864fe365cd10a		545	git	.stage_23to29/docs/ledger/lean_capsule_manifest.json	57f17787f15385b46f5477f80321ec049465c899	committed
2025-09-28T22:41:18-04:00	receipt	83de6a2b540332505219a60b9302ca0760b9f4a738f3bc1697a864fe365cd10a		545	git	docs/ledger/lean_capsule_manifest.json	568d5feba7a27849461ace12d5c8ced840072383	committed
2025-10-01T21:01:42-04:00	receipt	83de6a2b540332505219a60b9302ca0760b9f4a738f3bc1697a864fe365cd10a		545	git	docs/ledger/lean_capsule_manifest.json	57f17787f15385b46f5477f80321ec049465c899	committed
2025-10-01T17:21:35-04:00	receipt	84e72b2328467c0c68809a740c95d55a413a003080aa0ddab3bfea3d7d0a8ea1		359	git	.tau_ledger/freed/axioms_passfail_20250930T195936Z.manifest.json	8bee4b8868ab33aa4bdfb64da418aa67c8c61431	committed
2025-10-01T17:21:35-04:00	receipt	8529efa7e639723d8f516afaf957a24b14ab1fb02ab5ec3dbd1bced796e1ec52		443	git	.tau_ledger/geom/_archive/anchor_20250919172810_73c9c826c7c7ca46239ca835d6a7c7aa65b4ee3ad11df0536853f36ca1fb45dd.json	8bee4b8868ab33aa4bdfb64da418aa67c8c61431	committed
2025-09-19T13:29:20-04:00	receipt	8529efa7e639723d8f516afaf957a24b14ab1fb02ab5ec3dbd1bced796e1ec52		443	git	.tau_ledger/geom/anchor_20250919172810_73c9c826c7c7ca46239ca835d6a7c7aa65b4ee3ad11df0536853f36ca1fb45dd.json	54797bd253e538fd8a8ef9e36bbbdcafdaac22d5	committed
2025-09-19T13:29:20-04:00	receipt	8529efa7e639723d8f516afaf957a24b14ab1fb02ab5ec3dbd1bced796e1ec52		443	git	.tau_ledger/geom/anchor_20250919172810_73c9c826c7c7ca46239ca835d6a7c7aa65b4ee3ad11df0536853f36ca1fb45dd.json	5f544488a9f7bba46fde0415dc9c4afe25485dbb	committed
2025-09-19T13:29:20-04:00	receipt	8529efa7e639723d8f516afaf957a24b14ab1fb02ab5ec3dbd1bced796e1ec52		443	git	.tau_ledger/geom/anchor_20250919172810_73c9c826c7c7ca46239ca835d6a7c7aa65b4ee3ad11df0536853f36ca1fb45dd.json	6a1e498525e9f452c98d255a7ac070c46cbece32	committed
2025-10-01T17:21:35-04:00	receipt	8529efa7e639723d8f516afaf957a24b14ab1fb02ab5ec3dbd1bced796e1ec52		443	git	.tau_ledger/geom/anchor_20250919172810_73c9c826c7c7ca46239ca835d6a7c7aa65b4ee3ad11df0536853f36ca1fb45dd.json	8bee4b8868ab33aa4bdfb64da418aa67c8c61431	committed
2025-10-04T18:32:39-04:00	receipt	858658af9266d8c0a51aefca49eb2e200207f2732381d7551dd3c5ce4f2db720		102	git	artifacts/motive/receipt_params.json	8497a288e7b8518f876588d02dd68d4a1a3b470f	committed
2025-09-15T07:33:56-04:00	receipt	8623c967d4578dcfec150ea10afbffb3f2a5875ff29464604447bc386d9fb093	cc5b674f8fac163d5b25ccff31d0e08f0d5c618e36dbbe26fb07675671e73d73	592	git	.tau_ledger/langlands/ap.json	07ba935809ddb9ee16dff55966e9c75a5bf98b45	committed
2025-09-15T07:33:56-04:00	receipt	8623c967d4578dcfec150ea10afbffb3f2a5875ff29464604447bc386d9fb093	cc5b674f8fac163d5b25ccff31d0e08f0d5c618e36dbbe26fb07675671e73d73	592	git	.tau_ledger/langlands/ap.json	8f14d66b125ab4950f3ecfe694d77746c44b847f	committed
2025-10-07T17:51:06-04:00	receipt	8700742dec5f4df3f87bb538912a76ca811d7e37a41b855ab31c18f826d3047f	b255c429e8e54d0f3a2f4aaba951468c7dcb2719b195d7884122a5d613caf91c	1884	git	tsv/elliptic_pass2_receipt.json	66462a6fbbbdf3dd73abdd6f1679128ccbb177e7	committed
2025-09-15T06:28:32-04:00	receipt	871a4fe496585508da2b7151d8b207e8af4975600c68d12aea2cc2f3962ceebd		705	git	docs/schemas/experimental.json	3b52a73847bb5b757934dd5125e19e00430a8058	committed
2025-10-01T20:50:09-04:00	receipt	87423fed313faa7bee9b530df95799b0b47f6cdd4b5f9f598f6322cd30693ddf		397	git	.tau_ledger/anomaly_glued_bad_canon_20251002T004934Z.receipt.json	7185797a450f3e6a5fb1f4c94f3f40e4d82cc943	committed
2025-10-01T17:21:35-04:00	receipt	8903e73ac4986a8cbc3bc60a35ca1b479af7bf563209636b4622b77294304ffb		578	git	.tau_ledger/freed/axiom_relative_index_20251001T002634Z.json	8bee4b8868ab33aa4bdfb64da418aa67c8c61431	committed
2025-09-09T00:19:05-04:00	receipt	8b1229729c87f7633333065c8ac8fbb38a8da8a7f173c3803133de8c27c22c60		594	git	.tau_ledger/receipt.json	60cff83d0bae2c2f763366453c00e5216764fc0e	committed
2025-09-09T00:19:05-04:00	receipt	8b1229729c87f7633333065c8ac8fbb38a8da8a7f173c3803133de8c27c22c60		594	git	.tau_ledger/receipt.json	91c37c7cb33f5980a273c022ab527bd1f902298f	committed
2025-10-01T20:50:09-04:00	receipt	8b4c045c4a840d4165a46166821b44a36ef06db646dc0927b894b353b6ece629		383	git	.tau_ledger/anomaly_M1_canon_20251002T004934Z.receipt.json	7185797a450f3e6a5fb1f4c94f3f40e4d82cc943	committed
2025-09-06T16:16:24-04:00	receipt	8b7f4337ec57248c23539db281d426a033754a99db50de9a25b6ef5efb98525e	b4872178f2bcfae2d6a9f0138f67b82177cfda154c74f1140a5fe88a41a5f3c1	369	git	dist/tau-crystal-demo/.tau_ledger/20250906T071540Z-e5e709a-local.json	13ee113d0595598f9dec8c7dd69b900236f72e40	committed
2025-09-06T18:15:54-04:00	receipt	8c362b4869a8bd67bb0e3d618a05f21bcc13a6af9fded792056c48b39688c034	dd2082617be677bde8470977933f2f97806c9eb922a3a7f9b498d4d850ec2f1a	369	git	.tau_ledger/receipts/20250906T071714Z-46b1e91-local.json	58ac70cb3af1a4648e66eeb3f0ed3b2ab7c22b2d	committed
2025-09-09T00:19:05-04:00	receipt	8c362b4869a8bd67bb0e3d618a05f21bcc13a6af9fded792056c48b39688c034	dd2082617be677bde8470977933f2f97806c9eb922a3a7f9b498d4d850ec2f1a	369	git	.tau_ledger/receipts/20250906T071714Z-46b1e91-local.json	60cff83d0bae2c2f763366453c00e5216764fc0e	committed
2025-09-06T18:15:54-04:00	receipt	8c362b4869a8bd67bb0e3d618a05f21bcc13a6af9fded792056c48b39688c034	dd2082617be677bde8470977933f2f97806c9eb922a3a7f9b498d4d850ec2f1a	369	git	.tau_ledger/receipts/20250906T071714Z-46b1e91-local.json	6503cf762ea8d24cb96691334607b46156525f28	committed
2025-09-09T00:19:05-04:00	receipt	8c362b4869a8bd67bb0e3d618a05f21bcc13a6af9fded792056c48b39688c034	dd2082617be677bde8470977933f2f97806c9eb922a3a7f9b498d4d850ec2f1a	369	git	.tau_ledger/receipts/20250906T071714Z-46b1e91-local.json	91c37c7cb33f5980a273c022ab527bd1f902298f	committed
2025-09-06T16:16:24-04:00	receipt	8d4ea5c8835786b4300d0b99e41e8dbb307847013bd160defb1b9ac7f2f9a215	273ec6dff68ae8a0be02f1ae0673de7aa8738c99c52dea9f5b641cc5a17e4b10	312	git	dist/tau-crystal-demo/.tau_ledger/20250906T071538Z-e5e709a-local.json	13ee113d0595598f9dec8c7dd69b900236f72e40	committed
2025-09-15T06:56:02-04:00	receipt	8d9912274084e59825ab2bc921f212b33ee1571977307c000f9575463a730395	cdf5f02c80dc52ccf6b7d2df607b2d1102d75f74cac2ae1899e5f7351d02f813	486	git	.tau_ledger/experimental/fft_bsd.json	135a181be8101a8df40bfe07545a268d9b89ab43	committed
2025-09-06T12:38:39-04:00	receipt	8e97e9a71470c1c2659bbf7263f108afac20b4def1a9be2cc3c7f1637a016ead	1c11d3ecac0beac2b80fd546e112ba7be7abe2781372665db91684f63270928f	1274	git	tau-crystal-manifest.json	1b2da71b9b89b9ddf3cef990c5456cec0ce27770	committed
2025-09-06T02:24:34-04:00	receipt	8f20fcc9fdf45730ae22b5ed63df6aa8528d12e320e51ca548ec16a4fa7367c4	sha256:3959dd3e8636da607afb4ae6a616b165a206a5a9874be9f35200e7a7571102c4	1061	git	rescue/20250906-011842/manifests/3959dd3e8636da607afb4ae6a616b165a206a5a9874be9f35200e7a7571102c4.json	16a4cc5a4de973d78adf308301af9a349922ec47	committed
2025-09-06T02:24:34-04:00	receipt	8f20fcc9fdf45730ae22b5ed63df6aa8528d12e320e51ca548ec16a4fa7367c4	sha256:3959dd3e8636da607afb4ae6a616b165a206a5a9874be9f35200e7a7571102c4	1061	git	rescue/20250906-011842/manifests/3959dd3e8636da607afb4ae6a616b165a206a5a9874be9f35200e7a7571102c4.json	5e5d4612f88f10db8e46c2eee4d0a98cde54b855	committed
2025-10-02T03:12:20-04:00	receipt	8f706718de2fb40ca98fba81a5c5e1899718dd7f9a26b7f81722374403b083c8	05f2e980f977b186133321b62c7ca9b2d0a5bb3d2a3e01131f4d18438a1b037d	156	git	.stage_23to29/analysis/capsules/auto-20250922T222942Z/capsule.receipt.json	01b168b5847dab7e08708c8f741740c171778f0a	committed
2025-10-02T03:12:20-04:00	receipt	8f706718de2fb40ca98fba81a5c5e1899718dd7f9a26b7f81722374403b083c8	05f2e980f977b186133321b62c7ca9b2d0a5bb3d2a3e01131f4d18438a1b037d	156	git	.stage_23to29/analysis/capsules/auto-20250922T222942Z/capsule.receipt.json	5634886006567bbc8a0b7e8f6e7798ed4b6d4c8c	committed
2025-10-02T03:12:20-04:00	receipt	8f706718de2fb40ca98fba81a5c5e1899718dd7f9a26b7f81722374403b083c8	05f2e980f977b186133321b62c7ca9b2d0a5bb3d2a3e01131f4d18438a1b037d	156	git	analysis/capsules/auto-20250922T222942Z/capsule.receipt.json	01b168b5847dab7e08708c8f741740c171778f0a	committed
2025-10-02T03:12:20-04:00	receipt	8f706718de2fb40ca98fba81a5c5e1899718dd7f9a26b7f81722374403b083c8	05f2e980f977b186133321b62c7ca9b2d0a5bb3d2a3e01131f4d18438a1b037d	156	git	analysis/capsules/auto-20250922T222942Z/capsule.receipt.json	5634886006567bbc8a0b7e8f6e7798ed4b6d4c8c	committed
2025-09-23T16:40:49-04:00	receipt	8f706718de2fb40ca98fba81a5c5e1899718dd7f9a26b7f81722374403b083c8	05f2e980f977b186133321b62c7ca9b2d0a5bb3d2a3e01131f4d18438a1b037d	156	git	analysis/capsules/auto-20250922T222942Z/capsule.receipt.json	603f7f299e3b203e740dcebe480b8f50babb6a7c	committed
2025-10-01T17:21:35-04:00	receipt	8f98f85345047f667836af8a5f7bad7022feb928a1c4c94438ddb7d5290c8bfc		359	git	.tau_ledger/freed/axioms_passfail_20250930T205707Z.manifest.json	8bee4b8868ab33aa4bdfb64da418aa67c8c61431	committed
2025-09-06T15:32:56-04:00	receipt	8fc3e7878a22ce1fb718f9bae441eccea767f2268594af4f44284ea85e0cd24b	198235b501b83be3b7c4d490e74590e471126604ddae2a7a3c7a37e12af802b2	1204	git	tau-crystal-manifest.json	7e23b82ed380d5431e48afc4d8bc6321646cc94a	committed
2025-09-06T01:31:01-04:00	receipt	900664f750e6f98b9a9aa38fd979395f90200003a80ece4fb46abb5c56cdca43	sha256:a1cc26c1394a78f52b6e4c3d06fff62754c7b1e25929a5ac5ae4a428daf8de62	1080	git	manifests/a1cc26c1394a78f52b6e4c3d06fff62754c7b1e25929a5ac5ae4a428daf8de62.json	78ee39c86f37e399af9907c056ee98d2b2a45774	committed
2025-09-06T01:31:01-04:00	receipt	925eae35a4e855a0f49f4d37db4582d87ad5861a88a0a24ba82a26ba95090e2c	sha256:a8367c621e38bd4ece2c6605505a1f2af777c985e3203e3fee9be55a068f832c	1072	git	manifests/a8367c621e38bd4ece2c6605505a1f2af777c985e3203e3fee9be55a068f832c.json	78ee39c86f37e399af9907c056ee98d2b2a45774	committed
2025-09-06T13:15:24-04:00	receipt	92dab57186347630265bf7045b1288dacd77ca75cde2e593ba91e45346579931	1c11d3ecac0beac2b80fd546e112ba7be7abe2781372665db91684f63270928f	1184	git	tau-crystal-manifest.json	8c492d0878e6024d0267339163a0c84cb6b4bcce	committed
2025-09-06T01:17:06-04:00	receipt	93687b10e2a8b06a645bfe1fa6333353f337a82178d75da827a2e0e79db221de	sha256:4da10902a9a139498bd23290d2b3ef0853188a8bab4cd9df0537a0f2a74f7e91	995	git	manifests/4da10902a9a139498bd23290d2b3ef0853188a8bab4cd9df0537a0f2a74f7e91.json	449760c0317e99a1c4680cccde035ec0efdc2f2e	committed
2025-09-06T18:15:54-04:00	receipt	94d4487fa2e0e931ee65680ab2126c7009f36a3bde598a31df338af1d9d414ca	9e9d90b79b84f532e53a39fb3440fc57c83a6eabe287ba4c6f371768b1a7dc58	369	git	.tau_ledger/receipts/20250906T072048Z-81369e5-local.json	58ac70cb3af1a4648e66eeb3f0ed3b2ab7c22b2d	committed
2025-09-09T00:19:05-04:00	receipt	94d4487fa2e0e931ee65680ab2126c7009f36a3bde598a31df338af1d9d414ca	9e9d90b79b84f532e53a39fb3440fc57c83a6eabe287ba4c6f371768b1a7dc58	369	git	.tau_ledger/receipts/20250906T072048Z-81369e5-local.json	60cff83d0bae2c2f763366453c00e5216764fc0e	committed
2025-09-06T18:15:54-04:00	receipt	94d4487fa2e0e931ee65680ab2126c7009f36a3bde598a31df338af1d9d414ca	9e9d90b79b84f532e53a39fb3440fc57c83a6eabe287ba4c6f371768b1a7dc58	369	git	.tau_ledger/receipts/20250906T072048Z-81369e5-local.json	6503cf762ea8d24cb96691334607b46156525f28	committed
2025-09-09T00:19:05-04:00	receipt	94d4487fa2e0e931ee65680ab2126c7009f36a3bde598a31df338af1d9d414ca	9e9d90b79b84f532e53a39fb3440fc57c83a6eabe287ba4c6f371768b1a7dc58	369	git	.tau_ledger/receipts/20250906T072048Z-81369e5-local.json	91c37c7cb33f5980a273c022ab527bd1f902298f	committed
2025-10-01T17:21:35-04:00	receipt	94e7ff4269fb59e46fb2ac057ba249ff6b78147719abf3c78628dafafb0f55f6		476	git	analysis/capsules/lost/lost_av_capsule_chain_20250927T202321Z/manifest.json	8bee4b8868ab33aa4bdfb64da418aa67c8c61431	committed
2025-09-06T01:31:46-04:00	receipt	95d3fd35a7f5a74e0b2f93b4a76abc54bcee3d06727b83ea932cd75aa380b302	sha256:cb90b38c950baf824d1d96a2d4b8b92a072e89aee21596aefcf3ba67f0873899	1058	git	manifests/cb90b38c950baf824d1d96a2d4b8b92a072e89aee21596aefcf3ba67f0873899.json	3dfa4f62a511b2552c13b790af1da391f67a6731	committed
2025-10-01T17:21:35-04:00	receipt	96f22acb47d493135d3ecc1be4475650fc9a14a7dfbdb58dfe7d34210dec6f73		443	git	.tau_ledger/geom/_archive/anchor_20250919172409_6666c827a7993b639254bc8db937a8965f9489b6b19515ace600b38c104f6f0d.json	8bee4b8868ab33aa4bdfb64da418aa67c8c61431	committed
2025-10-01T21:01:42-04:00	receipt	986d3400fdfa8e4d747eb79ea91c0622cbeb74ce6877af40718016a78d807d75	83f3e5b58f3a3d3ef31539d40aaaac1b200298d7379df77d6895dab78280421f	537	git	.stage_23to29/_verify/unzip/tau_crystal/.tau_ledger/discovery/double_zero.json	57f17787f15385b46f5477f80321ec049465c899	committed
2025-10-02T03:12:20-04:00	receipt	986d3400fdfa8e4d747eb79ea91c0622cbeb74ce6877af40718016a78d807d75	83f3e5b58f3a3d3ef31539d40aaaac1b200298d7379df77d6895dab78280421f	537	git	.stage_23to29/analysis/capsules/auto-20250922T214829Z/double_zero.json	01b168b5847dab7e08708c8f741740c171778f0a	committed
2025-10-02T03:12:20-04:00	receipt	986d3400fdfa8e4d747eb79ea91c0622cbeb74ce6877af40718016a78d807d75	83f3e5b58f3a3d3ef31539d40aaaac1b200298d7379df77d6895dab78280421f	537	git	.stage_23to29/analysis/capsules/auto-20250922T214829Z/double_zero.json	5634886006567bbc8a0b7e8f6e7798ed4b6d4c8c	committed
2025-10-02T03:12:20-04:00	receipt	986d3400fdfa8e4d747eb79ea91c0622cbeb74ce6877af40718016a78d807d75	83f3e5b58f3a3d3ef31539d40aaaac1b200298d7379df77d6895dab78280421f	537	git	.stage_23to29/analysis/capsules/auto-20250922T215137Z/double_zero.json	01b168b5847dab7e08708c8f741740c171778f0a	committed
2025-10-02T03:12:20-04:00	receipt	986d3400fdfa8e4d747eb79ea91c0622cbeb74ce6877af40718016a78d807d75	83f3e5b58f3a3d3ef31539d40aaaac1b200298d7379df77d6895dab78280421f	537	git	.stage_23to29/analysis/capsules/auto-20250922T215137Z/double_zero.json	5634886006567bbc8a0b7e8f6e7798ed4b6d4c8c	committed
2025-10-02T03:12:20-04:00	receipt	986d3400fdfa8e4d747eb79ea91c0622cbeb74ce6877af40718016a78d807d75	83f3e5b58f3a3d3ef31539d40aaaac1b200298d7379df77d6895dab78280421f	537	git	.stage_23to29/analysis/capsules/auto-20250922T220215Z/double_zero.json	01b168b5847dab7e08708c8f741740c171778f0a	committed
2025-10-02T03:12:20-04:00	receipt	986d3400fdfa8e4d747eb79ea91c0622cbeb74ce6877af40718016a78d807d75	83f3e5b58f3a3d3ef31539d40aaaac1b200298d7379df77d6895dab78280421f	537	git	.stage_23to29/analysis/capsules/auto-20250922T220215Z/double_zero.json	5634886006567bbc8a0b7e8f6e7798ed4b6d4c8c	committed
2025-10-02T03:12:20-04:00	receipt	986d3400fdfa8e4d747eb79ea91c0622cbeb74ce6877af40718016a78d807d75	83f3e5b58f3a3d3ef31539d40aaaac1b200298d7379df77d6895dab78280421f	537	git	.stage_23to29/analysis/capsules/auto-20250922T220241Z/double_zero.json	01b168b5847dab7e08708c8f741740c171778f0a	committed
2025-10-02T03:12:20-04:00	receipt	986d3400fdfa8e4d747eb79ea91c0622cbeb74ce6877af40718016a78d807d75	83f3e5b58f3a3d3ef31539d40aaaac1b200298d7379df77d6895dab78280421f	537	git	.stage_23to29/analysis/capsules/auto-20250922T220241Z/double_zero.json	5634886006567bbc8a0b7e8f6e7798ed4b6d4c8c	committed
2025-10-02T03:12:20-04:00	receipt	986d3400fdfa8e4d747eb79ea91c0622cbeb74ce6877af40718016a78d807d75	83f3e5b58f3a3d3ef31539d40aaaac1b200298d7379df77d6895dab78280421f	537	git	.stage_23to29/analysis/capsules/auto-20250922T222942Z/double_zero.json	01b168b5847dab7e08708c8f741740c171778f0a	committed
2025-10-02T03:12:20-04:00	receipt	986d3400fdfa8e4d747eb79ea91c0622cbeb74ce6877af40718016a78d807d75	83f3e5b58f3a3d3ef31539d40aaaac1b200298d7379df77d6895dab78280421f	537	git	.stage_23to29/analysis/capsules/auto-20250922T222942Z/double_zero.json	5634886006567bbc8a0b7e8f6e7798ed4b6d4c8c	committed
2025-10-02T03:12:20-04:00	receipt	986d3400fdfa8e4d747eb79ea91c0622cbeb74ce6877af40718016a78d807d75	83f3e5b58f3a3d3ef31539d40aaaac1b200298d7379df77d6895dab78280421f	537	git	.stage_23to29/analysis/capsules/auto-20250922T224731Z/double_zero.json	01b168b5847dab7e08708c8f741740c171778f0a	committed
2025-10-02T03:12:20-04:00	receipt	986d3400fdfa8e4d747eb79ea91c0622cbeb74ce6877af40718016a78d807d75	83f3e5b58f3a3d3ef31539d40aaaac1b200298d7379df77d6895dab78280421f	537	git	.stage_23to29/analysis/capsules/auto-20250922T224731Z/double_zero.json	5634886006567bbc8a0b7e8f6e7798ed4b6d4c8c	committed
2025-09-15T07:09:05-04:00	receipt	986d3400fdfa8e4d747eb79ea91c0622cbeb74ce6877af40718016a78d807d75	83f3e5b58f3a3d3ef31539d40aaaac1b200298d7379df77d6895dab78280421f	537	git	.tau_ledger/discovery/double_zero.json	61b0b6ce1ff9f6fbb71cd3f038c0fa7920073834	committed
2025-10-01T17:21:35-04:00	receipt	986d3400fdfa8e4d747eb79ea91c0622cbeb74ce6877af40718016a78d807d75	83f3e5b58f3a3d3ef31539d40aaaac1b200298d7379df77d6895dab78280421f	537	git	.tau_ledger/discovery/double_zero.json	8bee4b8868ab33aa4bdfb64da418aa67c8c61431	committed
2025-09-19T09:05:15-04:00	receipt	986d3400fdfa8e4d747eb79ea91c0622cbeb74ce6877af40718016a78d807d75	83f3e5b58f3a3d3ef31539d40aaaac1b200298d7379df77d6895dab78280421f	537	git	_verify/unzip/tau_crystal/.tau_ledger/discovery/double_zero.json	43c6b14ea8ea20ac7c4492c1ad12f5f95c5f61cf	committed
2025-10-02T03:12:20-04:00	receipt	986d3400fdfa8e4d747eb79ea91c0622cbeb74ce6877af40718016a78d807d75	83f3e5b58f3a3d3ef31539d40aaaac1b200298d7379df77d6895dab78280421f	537	git	analysis/capsules/auto-20250922T214829Z/double_zero.json	01b168b5847dab7e08708c8f741740c171778f0a	committed
2025-10-02T03:12:20-04:00	receipt	986d3400fdfa8e4d747eb79ea91c0622cbeb74ce6877af40718016a78d807d75	83f3e5b58f3a3d3ef31539d40aaaac1b200298d7379df77d6895dab78280421f	537	git	analysis/capsules/auto-20250922T214829Z/double_zero.json	5634886006567bbc8a0b7e8f6e7798ed4b6d4c8c	committed
2025-10-02T03:12:20-04:00	receipt	986d3400fdfa8e4d747eb79ea91c0622cbeb74ce6877af40718016a78d807d75	83f3e5b58f3a3d3ef31539d40aaaac1b200298d7379df77d6895dab78280421f	537	git	analysis/capsules/auto-20250922T215137Z/double_zero.json	01b168b5847dab7e08708c8f741740c171778f0a	committed
2025-10-02T03:12:20-04:00	receipt	986d3400fdfa8e4d747eb79ea91c0622cbeb74ce6877af40718016a78d807d75	83f3e5b58f3a3d3ef31539d40aaaac1b200298d7379df77d6895dab78280421f	537	git	analysis/capsules/auto-20250922T215137Z/double_zero.json	5634886006567bbc8a0b7e8f6e7798ed4b6d4c8c	committed
2025-09-23T16:40:49-04:00	receipt	986d3400fdfa8e4d747eb79ea91c0622cbeb74ce6877af40718016a78d807d75	83f3e5b58f3a3d3ef31539d40aaaac1b200298d7379df77d6895dab78280421f	537	git	analysis/capsules/auto-20250922T215137Z/double_zero.json	603f7f299e3b203e740dcebe480b8f50babb6a7c	committed
2025-10-02T03:12:20-04:00	receipt	986d3400fdfa8e4d747eb79ea91c0622cbeb74ce6877af40718016a78d807d75	83f3e5b58f3a3d3ef31539d40aaaac1b200298d7379df77d6895dab78280421f	537	git	analysis/capsules/auto-20250922T220215Z/double_zero.json	01b168b5847dab7e08708c8f741740c171778f0a	committed
2025-10-02T03:12:20-04:00	receipt	986d3400fdfa8e4d747eb79ea91c0622cbeb74ce6877af40718016a78d807d75	83f3e5b58f3a3d3ef31539d40aaaac1b200298d7379df77d6895dab78280421f	537	git	analysis/capsules/auto-20250922T220215Z/double_zero.json	5634886006567bbc8a0b7e8f6e7798ed4b6d4c8c	committed
2025-09-23T16:40:49-04:00	receipt	986d3400fdfa8e4d747eb79ea91c0622cbeb74ce6877af40718016a78d807d75	83f3e5b58f3a3d3ef31539d40aaaac1b200298d7379df77d6895dab78280421f	537	git	analysis/capsules/auto-20250922T220215Z/double_zero.json	603f7f299e3b203e740dcebe480b8f50babb6a7c	committed
2025-10-02T03:12:20-04:00	receipt	986d3400fdfa8e4d747eb79ea91c0622cbeb74ce6877af40718016a78d807d75	83f3e5b58f3a3d3ef31539d40aaaac1b200298d7379df77d6895dab78280421f	537	git	analysis/capsules/auto-20250922T220241Z/double_zero.json	01b168b5847dab7e08708c8f741740c171778f0a	committed
2025-10-02T03:12:20-04:00	receipt	986d3400fdfa8e4d747eb79ea91c0622cbeb74ce6877af40718016a78d807d75	83f3e5b58f3a3d3ef31539d40aaaac1b200298d7379df77d6895dab78280421f	537	git	analysis/capsules/auto-20250922T220241Z/double_zero.json	5634886006567bbc8a0b7e8f6e7798ed4b6d4c8c	committed
2025-09-23T16:40:49-04:00	receipt	986d3400fdfa8e4d747eb79ea91c0622cbeb74ce6877af40718016a78d807d75	83f3e5b58f3a3d3ef31539d40aaaac1b200298d7379df77d6895dab78280421f	537	git	analysis/capsules/auto-20250922T220241Z/double_zero.json	603f7f299e3b203e740dcebe480b8f50babb6a7c	committed
2025-10-02T03:12:20-04:00	receipt	986d3400fdfa8e4d747eb79ea91c0622cbeb74ce6877af40718016a78d807d75	83f3e5b58f3a3d3ef31539d40aaaac1b200298d7379df77d6895dab78280421f	537	git	analysis/capsules/auto-20250922T222942Z/double_zero.json	01b168b5847dab7e08708c8f741740c171778f0a	committed
2025-10-02T03:12:20-04:00	receipt	986d3400fdfa8e4d747eb79ea91c0622cbeb74ce6877af40718016a78d807d75	83f3e5b58f3a3d3ef31539d40aaaac1b200298d7379df77d6895dab78280421f	537	git	analysis/capsules/auto-20250922T222942Z/double_zero.json	5634886006567bbc8a0b7e8f6e7798ed4b6d4c8c	committed
2025-09-23T16:40:49-04:00	receipt	986d3400fdfa8e4d747eb79ea91c0622cbeb74ce6877af40718016a78d807d75	83f3e5b58f3a3d3ef31539d40aaaac1b200298d7379df77d6895dab78280421f	537	git	analysis/capsules/auto-20250922T222942Z/double_zero.json	603f7f299e3b203e740dcebe480b8f50babb6a7c	committed
2025-10-02T03:12:20-04:00	receipt	986d3400fdfa8e4d747eb79ea91c0622cbeb74ce6877af40718016a78d807d75	83f3e5b58f3a3d3ef31539d40aaaac1b200298d7379df77d6895dab78280421f	537	git	analysis/capsules/auto-20250922T224731Z/double_zero.json	01b168b5847dab7e08708c8f741740c171778f0a	committed
2025-10-02T03:12:20-04:00	receipt	986d3400fdfa8e4d747eb79ea91c0622cbeb74ce6877af40718016a78d807d75	83f3e5b58f3a3d3ef31539d40aaaac1b200298d7379df77d6895dab78280421f	537	git	analysis/capsules/auto-20250922T224731Z/double_zero.json	5634886006567bbc8a0b7e8f6e7798ed4b6d4c8c	committed
2025-09-23T16:40:49-04:00	receipt	986d3400fdfa8e4d747eb79ea91c0622cbeb74ce6877af40718016a78d807d75	83f3e5b58f3a3d3ef31539d40aaaac1b200298d7379df77d6895dab78280421f	537	git	analysis/capsules/auto-20250922T224731Z/double_zero.json	603f7f299e3b203e740dcebe480b8f50babb6a7c	committed
2025-09-22T13:28:19-04:00	receipt	986d3400fdfa8e4d747eb79ea91c0622cbeb74ce6877af40718016a78d807d75	83f3e5b58f3a3d3ef31539d40aaaac1b200298d7379df77d6895dab78280421f	537	git	analysis/capsules/init-20250922T172818Z/double_zero.json	6523fa5e52bc9e77047776ba7c506cbe594d19b2	committed
2025-10-01T17:21:35-04:00	receipt	98764c578a726e4ec9851c88ad79316774d44b793ce04fdd6ae908ef65c2c518		439	git	.tau_ledger/geom/_archive/verify_20250919171923_9570377ef23b95d2b9db1839bb6324aafe6d5f9e01101d88d480c30d212ceab7.json	8bee4b8868ab33aa4bdfb64da418aa67c8c61431	committed
2025-09-19T13:20:22-04:00	receipt	98764c578a726e4ec9851c88ad79316774d44b793ce04fdd6ae908ef65c2c518		439	git	.tau_ledger/geom/verify_20250919171923_9570377ef23b95d2b9db1839bb6324aafe6d5f9e01101d88d480c30d212ceab7.json	1a371471d2b1b81cf87e1eaa362127223ea7b3b4	committed
2025-09-19T13:20:22-04:00	receipt	98764c578a726e4ec9851c88ad79316774d44b793ce04fdd6ae908ef65c2c518		439	git	.tau_ledger/geom/verify_20250919171923_9570377ef23b95d2b9db1839bb6324aafe6d5f9e01101d88d480c30d212ceab7.json	8908b573c3994498e634f76992fbc04761cf2251	committed
2025-09-06T01:17:06-04:00	receipt	98a8b29c09d16230f200ec1ee8d436eaa2e50f3d629aad7be685c29f9a3e46b8	sha256:cb90b38c950baf824d1d96a2d4b8b92a072e89aee21596aefcf3ba67f0873899	1058	git	manifests/cb90b38c950baf824d1d96a2d4b8b92a072e89aee21596aefcf3ba67f0873899.json	449760c0317e99a1c4680cccde035ec0efdc2f2e	committed
2025-10-01T21:01:42-04:00	receipt	98db61415ffcc4dac893faf209c40265b60357a60abb02bf62011a7fb12dd419		151	git	.stage_23to29/_verify/unzip/tau_crystal/receipts/xref/hello.receipt.json	57f17787f15385b46f5477f80321ec049465c899	committed
2025-10-01T21:01:42-04:00	receipt	98db61415ffcc4dac893faf209c40265b60357a60abb02bf62011a7fb12dd419		151	git	.stage_23to29/receipts/xref/hello.receipt.json	57f17787f15385b46f5477f80321ec049465c899	committed
2025-09-19T09:05:15-04:00	receipt	98db61415ffcc4dac893faf209c40265b60357a60abb02bf62011a7fb12dd419		151	git	_verify/unzip/tau_crystal/receipts/xref/hello.receipt.json	43c6b14ea8ea20ac7c4492c1ad12f5f95c5f61cf	committed
2025-09-13T22:53:39-04:00	receipt	98db61415ffcc4dac893faf209c40265b60357a60abb02bf62011a7fb12dd419		151	git	receipts/xref/hello.receipt.json	4ce4b67cd5ad042db2dfc2e2b53ceb8169660128	committed
2025-09-13T01:52:11-04:00	receipt	98db61415ffcc4dac893faf209c40265b60357a60abb02bf62011a7fb12dd419		151	git	receipts/xref/hello.receipt.json	568feb1e272f84e65a765420d9359ebd60b01ed1	committed
2025-09-13T22:53:39-04:00	receipt	98db61415ffcc4dac893faf209c40265b60357a60abb02bf62011a7fb12dd419		151	git	receipts/xref/hello.receipt.json	7c625c530788657e275f43391d5e8bb78b7ec39d	committed
2025-10-02T03:12:20-04:00	receipt	992e765a10a1bf30185f91428027ed867d2cdfd0fd486fa6fc2baac6dad12d4f		305	git	.tau_ledger/corridor_status.json	01b168b5847dab7e08708c8f741740c171778f0a	committed
2025-10-02T03:12:20-04:00	receipt	992e765a10a1bf30185f91428027ed867d2cdfd0fd486fa6fc2baac6dad12d4f		305	git	.tau_ledger/corridor_status.json	5634886006567bbc8a0b7e8f6e7798ed4b6d4c8c	committed
2025-10-02T03:12:20-04:00	receipt	995a87f35d0b502e3d49f14a399012274c811aaaeb5a728d8618a6a1b0399e8f		443	git	.stage_23to29/analysis/morpho/certificates/cert_20250919T212729Z.json	01b168b5847dab7e08708c8f741740c171778f0a	committed
2025-10-02T03:12:20-04:00	receipt	995a87f35d0b502e3d49f14a399012274c811aaaeb5a728d8618a6a1b0399e8f		443	git	.stage_23to29/analysis/morpho/certificates/cert_20250919T212729Z.json	5634886006567bbc8a0b7e8f6e7798ed4b6d4c8c	committed
2025-09-19T17:34:16-04:00	receipt	995a87f35d0b502e3d49f14a399012274c811aaaeb5a728d8618a6a1b0399e8f		443	git	analysis/morpho/certificates/cert_20250919T212729Z.json	539bf80e03c9b58ff1b0bad3aa4322b521f2005a	committed
2025-09-19T17:34:16-04:00	receipt	995a87f35d0b502e3d49f14a399012274c811aaaeb5a728d8618a6a1b0399e8f		443	git	analysis/morpho/certificates/cert_20250919T212729Z.json	756f4514a5e220097fbe6d90b374b7b5a1b57b42	committed
2025-09-18T00:58:44-04:00	receipt	9c5ebe23fda9a743ffbd71d789c87c1e406020624d3240658a857016b47efc46		889	git	docs/llm_index.v1.json	409c4af016994c5fa73cea21c80d26cc2e888406	committed
2025-10-01T21:01:42-04:00	receipt	9cd423a8ace716643e8e9cf444945165eeb03a6b9c4fa4298703ea30ed67018f		507	git	.stage_23to29/docs/ledger/corridor_receipt.json	57f17787f15385b46f5477f80321ec049465c899	committed
2025-09-28T23:03:36-04:00	receipt	9cd423a8ace716643e8e9cf444945165eeb03a6b9c4fa4298703ea30ed67018f		507	git	docs/ledger/corridor_receipt.json	27b4fe8164e00cfd49d047fb0b9d19a715405fec	committed
2025-09-28T23:03:36-04:00	receipt	9cd423a8ace716643e8e9cf444945165eeb03a6b9c4fa4298703ea30ed67018f		507	git	docs/ledger/corridor_receipt.json	3c3c954191089e4aced9b672cc44b00bf28567b2	committed
2025-10-01T21:01:42-04:00	receipt	9cd423a8ace716643e8e9cf444945165eeb03a6b9c4fa4298703ea30ed67018f		507	git	docs/ledger/corridor_receipt.json	57f17787f15385b46f5477f80321ec049465c899	committed
2025-10-01T17:21:35-04:00	receipt	9cd470341c73a9fc40e953887a0f78a7310b37672b1e1997d17c1f5e4b75c5fa		443	git	.tau_ledger/geom/_archive/anchor_20250919170730_3697a98ffc46ea262a3f7c31a03c2e30e45a906f41d2a40064d569f9747193bd.json	8bee4b8868ab33aa4bdfb64da418aa67c8c61431	committed
2025-09-19T13:20:22-04:00	receipt	9cd470341c73a9fc40e953887a0f78a7310b37672b1e1997d17c1f5e4b75c5fa		443	git	.tau_ledger/geom/anchor_20250919170730_3697a98ffc46ea262a3f7c31a03c2e30e45a906f41d2a40064d569f9747193bd.json	1a371471d2b1b81cf87e1eaa362127223ea7b3b4	committed
2025-09-19T13:20:22-04:00	receipt	9cd470341c73a9fc40e953887a0f78a7310b37672b1e1997d17c1f5e4b75c5fa		443	git	.tau_ledger/geom/anchor_20250919170730_3697a98ffc46ea262a3f7c31a03c2e30e45a906f41d2a40064d569f9747193bd.json	8908b573c3994498e634f76992fbc04761cf2251	committed
2025-09-06T01:31:46-04:00	receipt	9d3f0ec11ff2cdd55725c234fc387434b9ffdf0192f06f061acfd92ef5d80c4f	sha256:c477eede5f470ab0fc5781c39e6e324b0f88c757a7c7e98b110e67c357a8ed37	1038	git	manifests/c477eede5f470ab0fc5781c39e6e324b0f88c757a7c7e98b110e67c357a8ed37.json	3dfa4f62a511b2552c13b790af1da391f67a6731	committed
2025-10-01T17:21:35-04:00	receipt	9fede2b04f0137fb541aa7080862873a2f18a7d9f20d1a519c25498216689f9f		251	git	analysis/freed/atlas_swap_20251001T004956Z.json	8bee4b8868ab33aa4bdfb64da418aa67c8c61431	committed
2025-10-01T21:01:42-04:00	receipt	a01831e8ca3cd482a661f99006df6b4634016e4be47d47cb06f3a29030f616fb	6d2784769bf6e352ad6bc244847a4663009da996f264429fc9c06759222d3004	211	git	.stage_23to29/_verify/unzip/tau_crystal/.tau_ledger/automorphic/new_zeros.json	57f17787f15385b46f5477f80321ec049465c899	committed
2025-09-15T13:51:58-04:00	receipt	a01831e8ca3cd482a661f99006df6b4634016e4be47d47cb06f3a29030f616fb	6d2784769bf6e352ad6bc244847a4663009da996f264429fc9c06759222d3004	211	git	.tau_ledger/automorphic/new_zeros.json	510e2b644f6ccf13f0cec16f5a6aee0564789284	committed
2025-10-01T17:21:35-04:00	receipt	a01831e8ca3cd482a661f99006df6b4634016e4be47d47cb06f3a29030f616fb	6d2784769bf6e352ad6bc244847a4663009da996f264429fc9c06759222d3004	211	git	.tau_ledger/automorphic/new_zeros.json	8bee4b8868ab33aa4bdfb64da418aa67c8c61431	committed
2025-09-19T09:05:15-04:00	receipt	a01831e8ca3cd482a661f99006df6b4634016e4be47d47cb06f3a29030f616fb	6d2784769bf6e352ad6bc244847a4663009da996f264429fc9c06759222d3004	211	git	_verify/unzip/tau_crystal/.tau_ledger/automorphic/new_zeros.json	43c6b14ea8ea20ac7c4492c1ad12f5f95c5f61cf	committed
2025-10-01T17:21:35-04:00	receipt	a06db891e6858bd973ee21bd57deee2c627841e881ffb3f65cdcbf0da8be3907		314	git	.tau_ledger/timefold/timefold_mark_20250929T042105Z_ce6b47f71598.json	8bee4b8868ab33aa4bdfb64da418aa67c8c61431	committed
2025-10-07T17:37:39-04:00	receipt	a2b04b8828b6dc2f8101256a346d836b489e9fc1c518a569dee91848af8ebed3	5c59e489033a983201efb445de138939f552c467dbcf6a617e3b9fddd179ea1b	1384	git	tsv/elliptic_pass2_receipt.json	41df3b2a3bc1415e33fe9357ec694e82e8271440	committed
2025-09-22T15:05:59-04:00	receipt	a348c6f34c1ea683be75b3fbaea5cf5f24af795c62f727385c495b175732ef63	0bd187190e1181e237514202c3d58c23648c7b61eb891880ea9a391c726a7ea0	156	git	analysis/capsules/auto-20250922T190433Z/capsule.receipt.json	408acd47a72c5d257045bb4565a8c5294d55f0b6	committed
2025-09-06T18:15:54-04:00	receipt	a43ff90925f88979518ad953a68ff67d6a1b4768daa98091428f3b50bb94125b	ad000cb39fb78d90d568adb85d1609870bd26f1d76366bec653a80b15abacc1c	369	git	.tau_ledger/receipts/20250906T071757Z-46b1e91-local.json	58ac70cb3af1a4648e66eeb3f0ed3b2ab7c22b2d	committed
2025-09-09T00:19:05-04:00	receipt	a43ff90925f88979518ad953a68ff67d6a1b4768daa98091428f3b50bb94125b	ad000cb39fb78d90d568adb85d1609870bd26f1d76366bec653a80b15abacc1c	369	git	.tau_ledger/receipts/20250906T071757Z-46b1e91-local.json	60cff83d0bae2c2f763366453c00e5216764fc0e	committed
2025-09-06T18:15:54-04:00	receipt	a43ff90925f88979518ad953a68ff67d6a1b4768daa98091428f3b50bb94125b	ad000cb39fb78d90d568adb85d1609870bd26f1d76366bec653a80b15abacc1c	369	git	.tau_ledger/receipts/20250906T071757Z-46b1e91-local.json	6503cf762ea8d24cb96691334607b46156525f28	committed
2025-09-09T00:19:05-04:00	receipt	a43ff90925f88979518ad953a68ff67d6a1b4768daa98091428f3b50bb94125b	ad000cb39fb78d90d568adb85d1609870bd26f1d76366bec653a80b15abacc1c	369	git	.tau_ledger/receipts/20250906T071757Z-46b1e91-local.json	91c37c7cb33f5980a273c022ab527bd1f902298f	committed
2025-09-06T01:31:01-04:00	receipt	a4db2bc17369ae93689dbb8f0bcd4730bf70ded9adde6f906b23be9754bce22a	sha256:1f9553f15cdd9ac304ebea67e8f9e19a7450db5ef8fe814e48ef9c471924d855	1062	git	manifests/1f9553f15cdd9ac304ebea67e8f9e19a7450db5ef8fe814e48ef9c471924d855.json	78ee39c86f37e399af9907c056ee98d2b2a45774	committed
2025-09-10T13:57:47-04:00	receipt	a58d052878cd450cbc51e6c0e4a5468b3d99625dc9e10d2e6c17c81ab2bbad37		5714	git	campaigns/residuals_20250910_173422Z/summary.json	748c6bdbe25999142c6ed4cadea160cdda4ec611	committed
2025-10-01T17:21:35-04:00	receipt	a5bf5ec7b3042e44cc3733f90f41bf5c556e479f6210b8a6ce13d09a00e1824e		300	git	.tau_ledger/freed/factorization_gate_20251001T005531Z.json	8bee4b8868ab33aa4bdfb64da418aa67c8c61431	committed
2025-10-01T20:50:09-04:00	receipt	a8211fa250e438c2f52c315a61871e85daecf2e0bbdfd28b155674d78d399b1b		397	git	.tau_ledger/anomaly_glued_bad_canon_20251002T004219Z.receipt.json	7185797a450f3e6a5fb1f4c94f3f40e4d82cc943	committed
2025-09-15T07:29:19-04:00	receipt	a91dd5344e26580f8dcec1f7510894e0c14333ff94419aa3436ff1ff4e92137d	704d8efce71b08b770476ae30c83999ea93ef9b203ad46ce4e9d07f539b07d80	318	git	.tau_ledger/discovery/confirm_double_zero.json	3ec0d9918bf9830abe383b2a9c9e74864b193587	committed
2025-09-06T01:17:06-04:00	receipt	aa9d1eac06760c2dfd51c71e201c8be623ff1b35bc7b91f88b9f075738bc260a	sha256:3959dd3e8636da607afb4ae6a616b165a206a5a9874be9f35200e7a7571102c4	1060	git	manifests/3959dd3e8636da607afb4ae6a616b165a206a5a9874be9f35200e7a7571102c4.json	449760c0317e99a1c4680cccde035ec0efdc2f2e	committed
2025-09-06T13:15:24-04:00	receipt	aac88f2243798a410f6c252e934e5355e9fdd7b18b41d7620bb8ea7938ca9aa3	1c11d3ecac0beac2b80fd546e112ba7be7abe2781372665db91684f63270928f	1250	git	tau-crystal-receipt.json	8c492d0878e6024d0267339163a0c84cb6b4bcce	committed
2025-09-06T02:24:34-04:00	receipt	aaf8d7f9906b8efe65504db5d1533ebfe6e3ab7c4ff4a99da8afa349c8105ed0	sha256:4da10902a9a139498bd23290d2b3ef0853188a8bab4cd9df0537a0f2a74f7e91	996	git	rescue/20250906-011842/manifests/4da10902a9a139498bd23290d2b3ef0853188a8bab4cd9df0537a0f2a74f7e91.json	16a4cc5a4de973d78adf308301af9a349922ec47	committed
2025-09-06T02:24:34-04:00	receipt	aaf8d7f9906b8efe65504db5d1533ebfe6e3ab7c4ff4a99da8afa349c8105ed0	sha256:4da10902a9a139498bd23290d2b3ef0853188a8bab4cd9df0537a0f2a74f7e91	996	git	rescue/20250906-011842/manifests/4da10902a9a139498bd23290d2b3ef0853188a8bab4cd9df0537a0f2a74f7e91.json	5e5d4612f88f10db8e46c2eee4d0a98cde54b855	committed
2025-09-12T17:32:18-04:00	receipt	ab05c1ec77fa0baf26913554ac427d233fe4e0400bcc1b8af1d900e5616305da		560	git	schema/schema-action-outputs.json	7b9d8637ad5ad63af0746472505a2347879345d7	committed
2025-10-01T17:21:35-04:00	receipt	ab1a360dbbd6d93e1d286a253b4aa05d827883f345a267f8337215d3f234d175		38047	git	.tau_ledger/manifest_checks/2025-09-29T07-43-54Z_check.json	8bee4b8868ab33aa4bdfb64da418aa67c8c61431	committed
2025-10-01T21:01:42-04:00	receipt	ab88141e0c35e5114591916a9c694751674451a41661aa1abe3994a0e83669bf	b0e29df6ca1127409306029d1840a1897f61c387a6573b6f262a1191f426956a	487	git	.stage_23to29/_verify/unzip/tau_crystal/.tau_ledger/experimental/bootstrap_mu.json	57f17787f15385b46f5477f80321ec049465c899	committed
2025-09-15T06:58:39-04:00	receipt	ab88141e0c35e5114591916a9c694751674451a41661aa1abe3994a0e83669bf	b0e29df6ca1127409306029d1840a1897f61c387a6573b6f262a1191f426956a	487	git	.tau_ledger/experimental/bootstrap_mu.json	889d2e04c3a7f05a9e898bb4b029b3d4f3608076	committed
2025-10-01T17:21:35-04:00	receipt	ab88141e0c35e5114591916a9c694751674451a41661aa1abe3994a0e83669bf	b0e29df6ca1127409306029d1840a1897f61c387a6573b6f262a1191f426956a	487	git	.tau_ledger/experimental/bootstrap_mu.json	8bee4b8868ab33aa4bdfb64da418aa67c8c61431	committed
2025-09-19T09:05:15-04:00	receipt	ab88141e0c35e5114591916a9c694751674451a41661aa1abe3994a0e83669bf	b0e29df6ca1127409306029d1840a1897f61c387a6573b6f262a1191f426956a	487	git	_verify/unzip/tau_crystal/.tau_ledger/experimental/bootstrap_mu.json	43c6b14ea8ea20ac7c4492c1ad12f5f95c5f61cf	committed
2025-10-02T03:12:20-04:00	receipt	abb7453b9c766a56157359888fec3121376b69248b9bbe1e24a73f5399f7fffd		180	git	.stage_23to29/_verify/unzip/tau_crystal/analysis/normalized/ap_stable.norm.json	01b168b5847dab7e08708c8f741740c171778f0a	committed
2025-10-02T03:12:20-04:00	receipt	abb7453b9c766a56157359888fec3121376b69248b9bbe1e24a73f5399f7fffd		180	git	.stage_23to29/_verify/unzip/tau_crystal/analysis/normalized/ap_stable.norm.json	5634886006567bbc8a0b7e8f6e7798ed4b6d4c8c	committed
2025-10-02T03:12:20-04:00	receipt	abb7453b9c766a56157359888fec3121376b69248b9bbe1e24a73f5399f7fffd		180	git	.stage_23to29/analysis/normalized/ap_stable.norm.json	01b168b5847dab7e08708c8f741740c171778f0a	committed
2025-10-02T03:12:20-04:00	receipt	abb7453b9c766a56157359888fec3121376b69248b9bbe1e24a73f5399f7fffd		180	git	.stage_23to29/analysis/normalized/ap_stable.norm.json	5634886006567bbc8a0b7e8f6e7798ed4b6d4c8c	committed
2025-09-19T09:05:15-04:00	receipt	abb7453b9c766a56157359888fec3121376b69248b9bbe1e24a73f5399f7fffd		180	git	_verify/unzip/tau_crystal/analysis/normalized/ap_stable.norm.json	43c6b14ea8ea20ac7c4492c1ad12f5f95c5f61cf	committed
2025-09-15T13:11:54-04:00	receipt	abb7453b9c766a56157359888fec3121376b69248b9bbe1e24a73f5399f7fffd		180	git	analysis/normalized/ap_stable.norm.json	1cf1505a9adcc4f321a6116b085b517625865960	committed
2025-09-15T13:11:54-04:00	receipt	abb7453b9c766a56157359888fec3121376b69248b9bbe1e24a73f5399f7fffd		180	git	analysis/normalized/ap_stable.norm.json	2121f46969d2434c81be5fdb30236f9bd8b16fe8	committed
2025-10-01T21:01:42-04:00	receipt	acc26c32d879cbc9d749fcccab0590c6a2cec6f36f8a3a2dd2d8f30d664b5e77		227	git	.stage_23to29/_verify/unzip/tau_crystal/.tau_ledger/holo/holov1-20250914T193414Z.json	57f17787f15385b46f5477f80321ec049465c899	committed
2025-09-14T16:21:14-04:00	receipt	acc26c32d879cbc9d749fcccab0590c6a2cec6f36f8a3a2dd2d8f30d664b5e77		227	git	.tau_ledger/holo/holov1-20250914T193414Z.json	447289884c59584bd0af0dc0ab9a5975dc6de16f	committed
2025-10-01T17:21:35-04:00	receipt	acc26c32d879cbc9d749fcccab0590c6a2cec6f36f8a3a2dd2d8f30d664b5e77		227	git	.tau_ledger/holo/holov1-20250914T193414Z.json	8bee4b8868ab33aa4bdfb64da418aa67c8c61431	committed
2025-09-19T09:05:15-04:00	receipt	acc26c32d879cbc9d749fcccab0590c6a2cec6f36f8a3a2dd2d8f30d664b5e77		227	git	_verify/unzip/tau_crystal/.tau_ledger/holo/holov1-20250914T193414Z.json	43c6b14ea8ea20ac7c4492c1ad12f5f95c5f61cf	committed
2025-10-01T17:21:35-04:00	receipt	aceb3204a50922ac44374a87f429a0611e64e7860a2e285ff0d17a17838ab83e		1368	git	.tau_ledger/entropy/entropy_compare_20250929T045931Z_aceb3204a509.json	8bee4b8868ab33aa4bdfb64da418aa67c8c61431	committed
2025-10-01T17:21:35-04:00	receipt	ae992c25fa052fe39e28158bf7f89ffe36111263bacef3a11b4214ce1f6d087d		359	git	.tau_ledger/freed/axioms_passfail_20250930T200421Z.manifest.json	8bee4b8868ab33aa4bdfb64da418aa67c8c61431	committed
2025-10-01T17:21:35-04:00	receipt	aebabc5d88974d2d6c439523d135514eb1d226d1bf4db51c5d5030e130f1711e		142	git	.tau_ledger/entropy/2025-09-29T09-13-50Z_witness_quick.json	8bee4b8868ab33aa4bdfb64da418aa67c8c61431	committed
2025-10-01T21:01:42-04:00	receipt	b0935209aa32cbfea1496d6c86d66c088ec59d23b70ff2df5341f1b05eaa331d	8647911eafd42e7d56a92697be10ce5ebd9ee31db8c4eba85e5e3db3f307a2d3	1226	git	.stage_23to29/_verify/unzip/tau_crystal/.tau_ledger/langlands/satake.json	57f17787f15385b46f5477f80321ec049465c899	committed
2025-10-01T21:01:42-04:00	receipt	b0935209aa32cbfea1496d6c86d66c088ec59d23b70ff2df5341f1b05eaa331d	8647911eafd42e7d56a92697be10ce5ebd9ee31db8c4eba85e5e3db3f307a2d3	1226	git	.stage_23to29/_verify/unzip/tau_crystal/.tau_ledger/langlands/satake_stable.json	57f17787f15385b46f5477f80321ec049465c899	committed
2025-09-15T08:04:08-04:00	receipt	b0935209aa32cbfea1496d6c86d66c088ec59d23b70ff2df5341f1b05eaa331d	8647911eafd42e7d56a92697be10ce5ebd9ee31db8c4eba85e5e3db3f307a2d3	1226	git	.tau_ledger/langlands/satake.json	1f45eea33d873f2cfe797ad4d7551fe45ddc440d	committed
2025-09-15T08:04:08-04:00	receipt	b0935209aa32cbfea1496d6c86d66c088ec59d23b70ff2df5341f1b05eaa331d	8647911eafd42e7d56a92697be10ce5ebd9ee31db8c4eba85e5e3db3f307a2d3	1226	git	.tau_ledger/langlands/satake.json	616863c2e858129026455afc1757f4a5419f4746	committed
2025-10-01T17:21:35-04:00	receipt	b0935209aa32cbfea1496d6c86d66c088ec59d23b70ff2df5341f1b05eaa331d	8647911eafd42e7d56a92697be10ce5ebd9ee31db8c4eba85e5e3db3f307a2d3	1226	git	.tau_ledger/langlands/satake.json	8bee4b8868ab33aa4bdfb64da418aa67c8c61431	committed
2025-09-15T08:13:29-04:00	receipt	b0935209aa32cbfea1496d6c86d66c088ec59d23b70ff2df5341f1b05eaa331d	8647911eafd42e7d56a92697be10ce5ebd9ee31db8c4eba85e5e3db3f307a2d3	1226	git	.tau_ledger/langlands/satake_stable.json	3419bcf08f8dcb4ceb6a38535ae6ba567656a603	committed
2025-10-01T17:21:35-04:00	receipt	b0935209aa32cbfea1496d6c86d66c088ec59d23b70ff2df5341f1b05eaa331d	8647911eafd42e7d56a92697be10ce5ebd9ee31db8c4eba85e5e3db3f307a2d3	1226	git	.tau_ledger/langlands/satake_stable.json	8bee4b8868ab33aa4bdfb64da418aa67c8c61431	committed
2025-09-19T09:05:15-04:00	receipt	b0935209aa32cbfea1496d6c86d66c088ec59d23b70ff2df5341f1b05eaa331d	8647911eafd42e7d56a92697be10ce5ebd9ee31db8c4eba85e5e3db3f307a2d3	1226	git	_verify/unzip/tau_crystal/.tau_ledger/langlands/satake.json	43c6b14ea8ea20ac7c4492c1ad12f5f95c5f61cf	committed
2025-09-19T09:05:15-04:00	receipt	b0935209aa32cbfea1496d6c86d66c088ec59d23b70ff2df5341f1b05eaa331d	8647911eafd42e7d56a92697be10ce5ebd9ee31db8c4eba85e5e3db3f307a2d3	1226	git	_verify/unzip/tau_crystal/.tau_ledger/langlands/satake_stable.json	43c6b14ea8ea20ac7c4492c1ad12f5f95c5f61cf	committed
2025-09-19T16:28:33-04:00	receipt	b1e38782903b7254d7d9b301d696336259cdd8783550e68e92c42852d76e8574		443	git	.tau_ledger/geom/anchor_20250919202754_d082d40c298d662a4da7619f5808454876f9e16db5fdd2c3d4bd70ffcec65eac.json	02e43a2b71e49f2ad1c43c723259564e59193c85	committed
2025-10-01T17:21:35-04:00	receipt	b1e38782903b7254d7d9b301d696336259cdd8783550e68e92c42852d76e8574		443	git	.tau_ledger/geom/anchor_20250919202754_d082d40c298d662a4da7619f5808454876f9e16db5fdd2c3d4bd70ffcec65eac.json	8bee4b8868ab33aa4bdfb64da418aa67c8c61431	committed
2025-09-18T01:12:44-04:00	receipt	b2b744e29a31075d504eae3ca0f4cff61ee8d1898d6de8b77d67a6e0421e683e		919	git	docs/llm_index.v1.json	7b45e90fd2ea7f217e9b50133edd4584ec3af2df	committed
2025-10-02T03:12:20-04:00	receipt	b31ca808d9250953ba5ea5e0bd6db41794bb416d0bf7d4ae2d7d1a889d2f5e32		704	git	.stage_23to29/analysis/capsules/auto-20250922T214829Z/tanh_lineage.json	01b168b5847dab7e08708c8f741740c171778f0a	committed
2025-10-02T03:12:20-04:00	receipt	b31ca808d9250953ba5ea5e0bd6db41794bb416d0bf7d4ae2d7d1a889d2f5e32		704	git	.stage_23to29/analysis/capsules/auto-20250922T214829Z/tanh_lineage.json	5634886006567bbc8a0b7e8f6e7798ed4b6d4c8c	committed
2025-10-02T03:12:20-04:00	receipt	b31ca808d9250953ba5ea5e0bd6db41794bb416d0bf7d4ae2d7d1a889d2f5e32		704	git	.stage_23to29/analysis/capsules/auto-20250922T215137Z/tanh_lineage.json	01b168b5847dab7e08708c8f741740c171778f0a	committed
2025-10-02T03:12:20-04:00	receipt	b31ca808d9250953ba5ea5e0bd6db41794bb416d0bf7d4ae2d7d1a889d2f5e32		704	git	.stage_23to29/analysis/capsules/auto-20250922T215137Z/tanh_lineage.json	5634886006567bbc8a0b7e8f6e7798ed4b6d4c8c	committed
2025-10-02T03:12:20-04:00	receipt	b31ca808d9250953ba5ea5e0bd6db41794bb416d0bf7d4ae2d7d1a889d2f5e32		704	git	.stage_23to29/analysis/capsules/auto-20250922T220215Z/tanh_lineage.json	01b168b5847dab7e08708c8f741740c171778f0a	committed
2025-10-02T03:12:20-04:00	receipt	b31ca808d9250953ba5ea5e0bd6db41794bb416d0bf7d4ae2d7d1a889d2f5e32		704	git	.stage_23to29/analysis/capsules/auto-20250922T220215Z/tanh_lineage.json	5634886006567bbc8a0b7e8f6e7798ed4b6d4c8c	committed
2025-10-02T03:12:20-04:00	receipt	b31ca808d9250953ba5ea5e0bd6db41794bb416d0bf7d4ae2d7d1a889d2f5e32		704	git	.stage_23to29/analysis/capsules/auto-20250922T220241Z/tanh_lineage.json	01b168b5847dab7e08708c8f741740c171778f0a	committed
2025-10-02T03:12:20-04:00	receipt	b31ca808d9250953ba5ea5e0bd6db41794bb416d0bf7d4ae2d7d1a889d2f5e32		704	git	.stage_23to29/analysis/capsules/auto-20250922T220241Z/tanh_lineage.json	5634886006567bbc8a0b7e8f6e7798ed4b6d4c8c	committed
2025-10-02T03:12:20-04:00	receipt	b31ca808d9250953ba5ea5e0bd6db41794bb416d0bf7d4ae2d7d1a889d2f5e32		704	git	.stage_23to29/analysis/capsules/auto-20250922T222942Z/tanh_lineage.json	01b168b5847dab7e08708c8f741740c171778f0a	committed
2025-10-02T03:12:20-04:00	receipt	b31ca808d9250953ba5ea5e0bd6db41794bb416d0bf7d4ae2d7d1a889d2f5e32		704	git	.stage_23to29/analysis/capsules/auto-20250922T222942Z/tanh_lineage.json	5634886006567bbc8a0b7e8f6e7798ed4b6d4c8c	committed
2025-10-02T03:12:20-04:00	receipt	b31ca808d9250953ba5ea5e0bd6db41794bb416d0bf7d4ae2d7d1a889d2f5e32		704	git	.stage_23to29/analysis/capsules/auto-20250922T224731Z/tanh_lineage.json	01b168b5847dab7e08708c8f741740c171778f0a	committed
2025-10-02T03:12:20-04:00	receipt	b31ca808d9250953ba5ea5e0bd6db41794bb416d0bf7d4ae2d7d1a889d2f5e32		704	git	.stage_23to29/analysis/capsules/auto-20250922T224731Z/tanh_lineage.json	5634886006567bbc8a0b7e8f6e7798ed4b6d4c8c	committed
2025-10-02T03:12:20-04:00	receipt	b31ca808d9250953ba5ea5e0bd6db41794bb416d0bf7d4ae2d7d1a889d2f5e32		704	git	.stage_23to29/analysis/dynamics/tanh_lineage.json	01b168b5847dab7e08708c8f741740c171778f0a	committed
2025-10-02T03:12:20-04:00	receipt	b31ca808d9250953ba5ea5e0bd6db41794bb416d0bf7d4ae2d7d1a889d2f5e32		704	git	.stage_23to29/analysis/dynamics/tanh_lineage.json	5634886006567bbc8a0b7e8f6e7798ed4b6d4c8c	committed
2025-10-02T03:12:20-04:00	receipt	b31ca808d9250953ba5ea5e0bd6db41794bb416d0bf7d4ae2d7d1a889d2f5e32		704	git	analysis/capsules/auto-20250922T214829Z/tanh_lineage.json	01b168b5847dab7e08708c8f741740c171778f0a	committed
2025-10-02T03:12:20-04:00	receipt	b31ca808d9250953ba5ea5e0bd6db41794bb416d0bf7d4ae2d7d1a889d2f5e32		704	git	analysis/capsules/auto-20250922T214829Z/tanh_lineage.json	5634886006567bbc8a0b7e8f6e7798ed4b6d4c8c	committed
2025-10-02T03:12:20-04:00	receipt	b31ca808d9250953ba5ea5e0bd6db41794bb416d0bf7d4ae2d7d1a889d2f5e32		704	git	analysis/capsules/auto-20250922T215137Z/tanh_lineage.json	01b168b5847dab7e08708c8f741740c171778f0a	committed
2025-10-02T03:12:20-04:00	receipt	b31ca808d9250953ba5ea5e0bd6db41794bb416d0bf7d4ae2d7d1a889d2f5e32		704	git	analysis/capsules/auto-20250922T215137Z/tanh_lineage.json	5634886006567bbc8a0b7e8f6e7798ed4b6d4c8c	committed
2025-09-23T16:40:49-04:00	receipt	b31ca808d9250953ba5ea5e0bd6db41794bb416d0bf7d4ae2d7d1a889d2f5e32		704	git	analysis/capsules/auto-20250922T215137Z/tanh_lineage.json	603f7f299e3b203e740dcebe480b8f50babb6a7c	committed
2025-10-02T03:12:20-04:00	receipt	b31ca808d9250953ba5ea5e0bd6db41794bb416d0bf7d4ae2d7d1a889d2f5e32		704	git	analysis/capsules/auto-20250922T220215Z/tanh_lineage.json	01b168b5847dab7e08708c8f741740c171778f0a	committed
2025-10-02T03:12:20-04:00	receipt	b31ca808d9250953ba5ea5e0bd6db41794bb416d0bf7d4ae2d7d1a889d2f5e32		704	git	analysis/capsules/auto-20250922T220215Z/tanh_lineage.json	5634886006567bbc8a0b7e8f6e7798ed4b6d4c8c	committed
2025-09-23T16:40:49-04:00	receipt	b31ca808d9250953ba5ea5e0bd6db41794bb416d0bf7d4ae2d7d1a889d2f5e32		704	git	analysis/capsules/auto-20250922T220215Z/tanh_lineage.json	603f7f299e3b203e740dcebe480b8f50babb6a7c	committed
2025-10-02T03:12:20-04:00	receipt	b31ca808d9250953ba5ea5e0bd6db41794bb416d0bf7d4ae2d7d1a889d2f5e32		704	git	analysis/capsules/auto-20250922T220241Z/tanh_lineage.json	01b168b5847dab7e08708c8f741740c171778f0a	committed
2025-10-02T03:12:20-04:00	receipt	b31ca808d9250953ba5ea5e0bd6db41794bb416d0bf7d4ae2d7d1a889d2f5e32		704	git	analysis/capsules/auto-20250922T220241Z/tanh_lineage.json	5634886006567bbc8a0b7e8f6e7798ed4b6d4c8c	committed
2025-09-23T16:40:49-04:00	receipt	b31ca808d9250953ba5ea5e0bd6db41794bb416d0bf7d4ae2d7d1a889d2f5e32		704	git	analysis/capsules/auto-20250922T220241Z/tanh_lineage.json	603f7f299e3b203e740dcebe480b8f50babb6a7c	committed
2025-10-02T03:12:20-04:00	receipt	b31ca808d9250953ba5ea5e0bd6db41794bb416d0bf7d4ae2d7d1a889d2f5e32		704	git	analysis/capsules/auto-20250922T222942Z/tanh_lineage.json	01b168b5847dab7e08708c8f741740c171778f0a	committed
2025-10-02T03:12:20-04:00	receipt	b31ca808d9250953ba5ea5e0bd6db41794bb416d0bf7d4ae2d7d1a889d2f5e32		704	git	analysis/capsules/auto-20250922T222942Z/tanh_lineage.json	5634886006567bbc8a0b7e8f6e7798ed4b6d4c8c	committed
2025-09-23T16:40:49-04:00	receipt	b31ca808d9250953ba5ea5e0bd6db41794bb416d0bf7d4ae2d7d1a889d2f5e32		704	git	analysis/capsules/auto-20250922T222942Z/tanh_lineage.json	603f7f299e3b203e740dcebe480b8f50babb6a7c	committed
2025-10-02T03:12:20-04:00	receipt	b31ca808d9250953ba5ea5e0bd6db41794bb416d0bf7d4ae2d7d1a889d2f5e32		704	git	analysis/capsules/auto-20250922T224731Z/tanh_lineage.json	01b168b5847dab7e08708c8f741740c171778f0a	committed
2025-10-02T03:12:20-04:00	receipt	b31ca808d9250953ba5ea5e0bd6db41794bb416d0bf7d4ae2d7d1a889d2f5e32		704	git	analysis/capsules/auto-20250922T224731Z/tanh_lineage.json	5634886006567bbc8a0b7e8f6e7798ed4b6d4c8c	committed
2025-09-23T16:40:49-04:00	receipt	b31ca808d9250953ba5ea5e0bd6db41794bb416d0bf7d4ae2d7d1a889d2f5e32		704	git	analysis/capsules/auto-20250922T224731Z/tanh_lineage.json	603f7f299e3b203e740dcebe480b8f50babb6a7c	committed
2025-09-22T13:28:19-04:00	receipt	b31ca808d9250953ba5ea5e0bd6db41794bb416d0bf7d4ae2d7d1a889d2f5e32		704	git	analysis/capsules/init-20250922T172818Z/tanh_lineage.json	6523fa5e52bc9e77047776ba7c506cbe594d19b2	committed
2025-09-22T13:28:19-04:00	receipt	b31ca808d9250953ba5ea5e0bd6db41794bb416d0bf7d4ae2d7d1a889d2f5e32		704	git	analysis/dynamics/tanh_lineage.json	6523fa5e52bc9e77047776ba7c506cbe594d19b2	committed
2025-10-01T21:01:42-04:00	receipt	b5152291670039fbdd4f6cec7aab75cddcde70d3cdb617d127862f721bd312b1	deadbeef	323	git	.stage_23to29/_verify/unzip/tau_crystal/.tau_ledger/holo/holov1-20250914T151243Z.json	57f17787f15385b46f5477f80321ec049465c899	committed
2025-10-01T17:21:35-04:00	receipt	b5152291670039fbdd4f6cec7aab75cddcde70d3cdb617d127862f721bd312b1	deadbeef	323	git	.tau_ledger/holo/holov1-20250914T151243Z.json	8bee4b8868ab33aa4bdfb64da418aa67c8c61431	committed
2025-09-19T09:05:15-04:00	receipt	b5152291670039fbdd4f6cec7aab75cddcde70d3cdb617d127862f721bd312b1	deadbeef	323	git	_verify/unzip/tau_crystal/.tau_ledger/holo/holov1-20250914T151243Z.json	43c6b14ea8ea20ac7c4492c1ad12f5f95c5f61cf	committed
2025-10-01T15:49:07-04:00	receipt	b523e93de51848556900d480225482fa744d6dca70535cf41a0c577f6f0e1891		191	git	.tau_ledger/spec_20251001T194734Z.receipt.json	4cfbfa73e45adb88fd07d1b1ed81a736a06361cb	committed
2025-10-01T21:01:42-04:00	receipt	b673a0bd85ebea207eba2ba456b785750175deb4470f8fda7e72a5e9db5c83f0		227	git	.stage_23to29/_verify/unzip/tau_crystal/.tau_ledger/holo/holov1-20250914T192807Z.json	57f17787f15385b46f5477f80321ec049465c899	committed
2025-09-14T16:21:14-04:00	receipt	b673a0bd85ebea207eba2ba456b785750175deb4470f8fda7e72a5e9db5c83f0		227	git	.tau_ledger/holo/holov1-20250914T192807Z.json	447289884c59584bd0af0dc0ab9a5975dc6de16f	committed
2025-10-01T17:21:35-04:00	receipt	b673a0bd85ebea207eba2ba456b785750175deb4470f8fda7e72a5e9db5c83f0		227	git	.tau_ledger/holo/holov1-20250914T192807Z.json	8bee4b8868ab33aa4bdfb64da418aa67c8c61431	committed
2025-09-19T09:05:15-04:00	receipt	b673a0bd85ebea207eba2ba456b785750175deb4470f8fda7e72a5e9db5c83f0		227	git	_verify/unzip/tau_crystal/.tau_ledger/holo/holov1-20250914T192807Z.json	43c6b14ea8ea20ac7c4492c1ad12f5f95c5f61cf	committed
2025-10-02T03:12:20-04:00	receipt	b97f7b3bd4f72894ce2a3491ad90474933e532b22ebf6b1c97ecef5a8185355d		726	git	.stage_23to29/analysis/capsules/auto-20250922T214829Z/manifest.json	01b168b5847dab7e08708c8f741740c171778f0a	committed
2025-10-02T03:12:20-04:00	receipt	b97f7b3bd4f72894ce2a3491ad90474933e532b22ebf6b1c97ecef5a8185355d		726	git	.stage_23to29/analysis/capsules/auto-20250922T214829Z/manifest.json	5634886006567bbc8a0b7e8f6e7798ed4b6d4c8c	committed
2025-10-02T03:12:20-04:00	receipt	b97f7b3bd4f72894ce2a3491ad90474933e532b22ebf6b1c97ecef5a8185355d		726	git	analysis/capsules/auto-20250922T214829Z/manifest.json	01b168b5847dab7e08708c8f741740c171778f0a	committed
2025-10-02T03:12:20-04:00	receipt	b97f7b3bd4f72894ce2a3491ad90474933e532b22ebf6b1c97ecef5a8185355d		726	git	analysis/capsules/auto-20250922T214829Z/manifest.json	5634886006567bbc8a0b7e8f6e7798ed4b6d4c8c	committed
2025-09-06T02:24:34-04:00	receipt	bae6c9a1ace286b66840da1b566e3301288d3e49c305340e7420277fb353d9b6	sha256:cb90b38c950baf824d1d96a2d4b8b92a072e89aee21596aefcf3ba67f0873899	1059	git	rescue/20250906-011842/manifests/cb90b38c950baf824d1d96a2d4b8b92a072e89aee21596aefcf3ba67f0873899.json	16a4cc5a4de973d78adf308301af9a349922ec47	committed
2025-09-06T02:24:34-04:00	receipt	bae6c9a1ace286b66840da1b566e3301288d3e49c305340e7420277fb353d9b6	sha256:cb90b38c950baf824d1d96a2d4b8b92a072e89aee21596aefcf3ba67f0873899	1059	git	rescue/20250906-011842/manifests/cb90b38c950baf824d1d96a2d4b8b92a072e89aee21596aefcf3ba67f0873899.json	5e5d4612f88f10db8e46c2eee4d0a98cde54b855	committed
2025-10-01T17:21:35-04:00	receipt	bb0c2b0a27ba5ddab2793af7c561966c1aecdccc052b9324ecf68db7244763a3		476	git	analysis/capsules/lost/lost_fft_mu_suite_20250927T202320Z/manifest.json	8bee4b8868ab33aa4bdfb64da418aa67c8c61431	committed
2025-10-01T21:01:42-04:00	receipt	bca0d65d4dd4eaa0dbca95714281bd769444e65caa5e5677c9156f5a49cb803f		2513	git	.stage_23to29/_fusion_out/MANIFEST.json	57f17787f15385b46f5477f80321ec049465c899	committed
2025-09-21T19:05:00-04:00	receipt	bca0d65d4dd4eaa0dbca95714281bd769444e65caa5e5677c9156f5a49cb803f		2513	git	_fusion_out/MANIFEST.json	8173ddbcb8ef67eaf61e0546b27cfabc5f18a5ba	committed
2025-10-01T17:21:35-04:00	receipt	bca0d65d4dd4eaa0dbca95714281bd769444e65caa5e5677c9156f5a49cb803f		2513	git	certs/spectral_cert_20250922T000922Z/_fusion_out/MANIFEST.json	8bee4b8868ab33aa4bdfb64da418aa67c8c61431	committed
2025-10-01T17:21:35-04:00	receipt	bca0d65d4dd4eaa0dbca95714281bd769444e65caa5e5677c9156f5a49cb803f		2513	git	certs/spectral_cert_20250922T001154Z/_fusion_out/MANIFEST.json	8bee4b8868ab33aa4bdfb64da418aa67c8c61431	committed
2025-10-01T21:01:42-04:00	receipt	be6fe46718d930403bc97bee5dd00d5965b2e808647f914dd74f9b2fa08e307c	deadbeef	323	git	.stage_23to29/_verify/unzip/tau_crystal/.tau_ledger/holo/holov1-20250914T142135Z.json	57f17787f15385b46f5477f80321ec049465c899	committed
2025-09-14T10:21:38-04:00	receipt	be6fe46718d930403bc97bee5dd00d5965b2e808647f914dd74f9b2fa08e307c	deadbeef	323	git	.tau_ledger/holo/holov1-20250914T142135Z.json	3dad06eead1531822b4f7b4e436df83f890fed51	committed
2025-09-14T10:21:38-04:00	receipt	be6fe46718d930403bc97bee5dd00d5965b2e808647f914dd74f9b2fa08e307c	deadbeef	323	git	.tau_ledger/holo/holov1-20250914T142135Z.json	56565ac3325912bdb2403365134ae8ebe16d40df	committed
2025-10-01T17:21:35-04:00	receipt	be6fe46718d930403bc97bee5dd00d5965b2e808647f914dd74f9b2fa08e307c	deadbeef	323	git	.tau_ledger/holo/holov1-20250914T142135Z.json	8bee4b8868ab33aa4bdfb64da418aa67c8c61431	committed
2025-09-19T09:05:15-04:00	receipt	be6fe46718d930403bc97bee5dd00d5965b2e808647f914dd74f9b2fa08e307c	deadbeef	323	git	_verify/unzip/tau_crystal/.tau_ledger/holo/holov1-20250914T142135Z.json	43c6b14ea8ea20ac7c4492c1ad12f5f95c5f61cf	committed
2025-10-01T21:01:42-04:00	receipt	bfdc02a2bf75c325f84c435fa3dc3629e2e39c9ea75f4a228328a0c336dfd22f	11083d6ed31e71bc87d92b9486402e967dad22cdb03acf0729bc1020ecde8e1f	159280	git	.stage_23to29/_verify/unzip/tau_crystal/.tau_ledger/discovery/confirm_double_zero.json	57f17787f15385b46f5477f80321ec049465c899	committed
2025-09-15T08:04:08-04:00	receipt	bfdc02a2bf75c325f84c435fa3dc3629e2e39c9ea75f4a228328a0c336dfd22f	11083d6ed31e71bc87d92b9486402e967dad22cdb03acf0729bc1020ecde8e1f	159280	git	.tau_ledger/discovery/confirm_double_zero.json	616863c2e858129026455afc1757f4a5419f4746	committed
2025-10-01T17:21:35-04:00	receipt	bfdc02a2bf75c325f84c435fa3dc3629e2e39c9ea75f4a228328a0c336dfd22f	11083d6ed31e71bc87d92b9486402e967dad22cdb03acf0729bc1020ecde8e1f	159280	git	.tau_ledger/discovery/confirm_double_zero.json	8bee4b8868ab33aa4bdfb64da418aa67c8c61431	committed
2025-09-19T09:05:15-04:00	receipt	bfdc02a2bf75c325f84c435fa3dc3629e2e39c9ea75f4a228328a0c336dfd22f	11083d6ed31e71bc87d92b9486402e967dad22cdb03acf0729bc1020ecde8e1f	159280	git	_verify/unzip/tau_crystal/.tau_ledger/discovery/confirm_double_zero.json	43c6b14ea8ea20ac7c4492c1ad12f5f95c5f61cf	committed
2025-09-09T00:19:05-04:00	receipt	bfe1ad23794bd036ceeeb37a1d4b14650e8ed3a49b09a4538b030f7267eac57f	41251899cddc5e32a22b498ee62f1458a2a517bc090349059fca60ec0337481c	369	git	.tau_ledger/receipts/20250907T165208Z-b256a0f-local.json	60cff83d0bae2c2f763366453c00e5216764fc0e	committed
2025-10-04T18:32:39-04:00	receipt	bfe859aecae6177b178e016d7dbcefb42467eadc882e2beeb45b163595dbf4c5		132	git	artifacts/echo/echo_chain.json	8497a288e7b8518f876588d02dd68d4a1a3b470f	committed
2025-10-01T17:21:35-04:00	receipt	c0b6f7935b5c29048ec641da763d591710849892a515e0cc5aeba0a69e222be1		206	git	.tau_ledger/capsules/lost_timefold_receipts_20250927T202316Z.receipt.json	8bee4b8868ab33aa4bdfb64da418aa67c8c61431	committed
2025-10-01T17:21:35-04:00	receipt	c0b6f7935b5c29048ec641da763d591710849892a515e0cc5aeba0a69e222be1		206	git	analysis/capsules/lost/lost_timefold_receipts_20250927T202316Z/receipt.json	8bee4b8868ab33aa4bdfb64da418aa67c8c61431	committed
2025-10-01T17:21:35-04:00	receipt	c0bdea8d8c7d872bb9c1534c4f226f414eb177e6104d5a490b46b4b16c11e68c	74353175e75a437f6888b86657485855af1ec451f3dd48892072385151d79a1c	1051	git	.tau_ledger/entropy/witness_20250929T045925Z_74353175e75a.json	8bee4b8868ab33aa4bdfb64da418aa67c8c61431	committed
2025-10-01T21:01:42-04:00	receipt	c29764b98130ef4edd63bd0c7d4731a9514e9d8ab9aa7dbd7f5139bac14161a7	sha256:86b9275b33cfe1276db843cf65166ea66cbe087ea82b28333495400ab6deac7d	961	git	.stage_23to29/_verify/unzip/tau_crystal/manifests/86b9275b33cfe1276db843cf65166ea66cbe087ea82b28333495400ab6deac7d.json	57f17787f15385b46f5477f80321ec049465c899	committed
2025-10-01T21:01:42-04:00	receipt	c29764b98130ef4edd63bd0c7d4731a9514e9d8ab9aa7dbd7f5139bac14161a7	sha256:86b9275b33cfe1276db843cf65166ea66cbe087ea82b28333495400ab6deac7d	961	git	.stage_23to29/manifests/86b9275b33cfe1276db843cf65166ea66cbe087ea82b28333495400ab6deac7d.json	57f17787f15385b46f5477f80321ec049465c899	committed
2025-09-19T09:05:15-04:00	receipt	c29764b98130ef4edd63bd0c7d4731a9514e9d8ab9aa7dbd7f5139bac14161a7	sha256:86b9275b33cfe1276db843cf65166ea66cbe087ea82b28333495400ab6deac7d	961	git	_verify/unzip/tau_crystal/manifests/86b9275b33cfe1276db843cf65166ea66cbe087ea82b28333495400ab6deac7d.json	43c6b14ea8ea20ac7c4492c1ad12f5f95c5f61cf	committed
2025-09-13T12:00:02-04:00	receipt	c29764b98130ef4edd63bd0c7d4731a9514e9d8ab9aa7dbd7f5139bac14161a7	sha256:86b9275b33cfe1276db843cf65166ea66cbe087ea82b28333495400ab6deac7d	961	git	manifests/86b9275b33cfe1276db843cf65166ea66cbe087ea82b28333495400ab6deac7d.json	4086bc297aa65dbc8b65681be5012f76f18f75f5	committed
2025-09-07T17:40:51-04:00	receipt	c29764b98130ef4edd63bd0c7d4731a9514e9d8ab9aa7dbd7f5139bac14161a7	sha256:86b9275b33cfe1276db843cf65166ea66cbe087ea82b28333495400ab6deac7d	961	git	manifests/86b9275b33cfe1276db843cf65166ea66cbe087ea82b28333495400ab6deac7d.json	59f4ed2b6cc4072ea01276a9539ad017332bc30e	committed
2025-09-13T12:00:02-04:00	receipt	c29764b98130ef4edd63bd0c7d4731a9514e9d8ab9aa7dbd7f5139bac14161a7	sha256:86b9275b33cfe1276db843cf65166ea66cbe087ea82b28333495400ab6deac7d	961	git	manifests/86b9275b33cfe1276db843cf65166ea66cbe087ea82b28333495400ab6deac7d.json	62980c1d1b8bc88399e41086203a777db3be8708	committed
2025-10-01T17:21:35-04:00	receipt	c2def7379b9729f950d206f167e7c3b43f5ed7c7c861cb6043f728c43bcf44dd		309	git	.tau_ledger/freed/tmf_sigma_20251001T034055Z.json	8bee4b8868ab33aa4bdfb64da418aa67c8c61431	committed
2025-10-01T20:50:09-04:00	receipt	c2f3fbdfaee005aee3768647c87b884664e6a646b828fc0c2152ca293a368d1d		389	git	.tau_ledger/anomaly_glued_canon_20251002T005006Z.receipt.json	7185797a450f3e6a5fb1f4c94f3f40e4d82cc943	committed
2025-10-01T17:21:35-04:00	receipt	c329b9ac056684aa17524e49102b748e6fe993a0a6d64534a911da21999877bf		479	git	analysis/capsules/lost/lost_langlands_cft_20250927T202318Z/manifest.json	8bee4b8868ab33aa4bdfb64da418aa67c8c61431	committed
2025-09-06T01:31:46-04:00	receipt	c3552ee0de45b991bbd02be06c043cc1e42e999d770cc6c3b081f1a74fed5a71	sha256:9626f2865d96e8e65755e236a6a5d52e3438570822f575d0df60cb453ca1f731	1053	git	manifests/9626f2865d96e8e65755e236a6a5d52e3438570822f575d0df60cb453ca1f731.json	3dfa4f62a511b2552c13b790af1da391f67a6731	committed
2025-10-01T21:01:42-04:00	receipt	c36ddcd8e8edfddd04852046c9d550012893337a1b86ef7cd7cbc84327ea5976		1111	git	.stage_23to29/_verify/unzip/tau_crystal/.tau_ledger/receipts/receipt_2025-09-15T21-51-17Z_f726ea2.json	57f17787f15385b46f5477f80321ec049465c899	committed
2025-09-15T17:56:50-04:00	receipt	c36ddcd8e8edfddd04852046c9d550012893337a1b86ef7cd7cbc84327ea5976		1111	git	.tau_ledger/receipts/receipt_2025-09-15T21-51-17Z_f726ea2.json	1b0beafd6e5ba584e11aef20c27a0d668000c90f	committed
2025-09-15T17:56:50-04:00	receipt	c36ddcd8e8edfddd04852046c9d550012893337a1b86ef7cd7cbc84327ea5976		1111	git	.tau_ledger/receipts/receipt_2025-09-15T21-51-17Z_f726ea2.json	1c6c107076692be5b9177f84bf18ca5da5246fac	committed
2025-10-01T17:21:35-04:00	receipt	c36ddcd8e8edfddd04852046c9d550012893337a1b86ef7cd7cbc84327ea5976		1111	git	.tau_ledger/receipts/receipt_2025-09-15T21-51-17Z_f726ea2.json	8bee4b8868ab33aa4bdfb64da418aa67c8c61431	committed
2025-09-19T09:05:15-04:00	receipt	c36ddcd8e8edfddd04852046c9d550012893337a1b86ef7cd7cbc84327ea5976		1111	git	_verify/unzip/tau_crystal/.tau_ledger/receipts/receipt_2025-09-15T21-51-17Z_f726ea2.json	43c6b14ea8ea20ac7c4492c1ad12f5f95c5f61cf	committed
2025-09-06T01:17:06-04:00	receipt	c426982f4b8530f7863033216f829c512442b1cbb68ec95207adb4fd2dd50f3a		857	git	docs/manifest.json	449760c0317e99a1c4680cccde035ec0efdc2f2e	committed
2025-09-06T01:17:06-04:00	receipt	c426982f4b8530f7863033216f829c512442b1cbb68ec95207adb4fd2dd50f3a		857	git	manifest.json	449760c0317e99a1c4680cccde035ec0efdc2f2e	committed
2025-10-02T03:12:20-04:00	receipt	c45f0930087f3ca471ca81f011b360861c0b3f6c5e37037a86d3d40299e85df4		196	git	.stage_23to29/_verify/unzip/tau_crystal/analysis/normalized/combined_ap_satake_stable.norm.json	01b168b5847dab7e08708c8f741740c171778f0a	committed
2025-10-02T03:12:20-04:00	receipt	c45f0930087f3ca471ca81f011b360861c0b3f6c5e37037a86d3d40299e85df4		196	git	.stage_23to29/_verify/unzip/tau_crystal/analysis/normalized/combined_ap_satake_stable.norm.json	5634886006567bbc8a0b7e8f6e7798ed4b6d4c8c	committed
2025-10-02T03:12:20-04:00	receipt	c45f0930087f3ca471ca81f011b360861c0b3f6c5e37037a86d3d40299e85df4		196	git	.stage_23to29/analysis/normalized/combined_ap_satake_stable.norm.json	01b168b5847dab7e08708c8f741740c171778f0a	committed
2025-10-02T03:12:20-04:00	receipt	c45f0930087f3ca471ca81f011b360861c0b3f6c5e37037a86d3d40299e85df4		196	git	.stage_23to29/analysis/normalized/combined_ap_satake_stable.norm.json	5634886006567bbc8a0b7e8f6e7798ed4b6d4c8c	committed
2025-09-19T09:05:15-04:00	receipt	c45f0930087f3ca471ca81f011b360861c0b3f6c5e37037a86d3d40299e85df4		196	git	_verify/unzip/tau_crystal/analysis/normalized/combined_ap_satake_stable.norm.json	43c6b14ea8ea20ac7c4492c1ad12f5f95c5f61cf	committed
2025-09-15T13:11:54-04:00	receipt	c45f0930087f3ca471ca81f011b360861c0b3f6c5e37037a86d3d40299e85df4		196	git	analysis/normalized/combined_ap_satake_stable.norm.json	1cf1505a9adcc4f321a6116b085b517625865960	committed
2025-09-15T13:11:54-04:00	receipt	c45f0930087f3ca471ca81f011b360861c0b3f6c5e37037a86d3d40299e85df4		196	git	analysis/normalized/combined_ap_satake_stable.norm.json	2121f46969d2434c81be5fdb30236f9bd8b16fe8	committed
2025-09-06T01:31:01-04:00	receipt	c50f4b52919dd88d4d6ce6220a4e77fc6cf772baefe6c8b8a6880118590d02f9	sha256:c477eede5f470ab0fc5781c39e6e324b0f88c757a7c7e98b110e67c357a8ed37	1038	git	manifests/c477eede5f470ab0fc5781c39e6e324b0f88c757a7c7e98b110e67c357a8ed37.json	78ee39c86f37e399af9907c056ee98d2b2a45774	committed
2025-10-01T17:21:35-04:00	receipt	c5ca5bc690bcd97a81f02051df0bea626cae4d53a0f933be0d4c903148e4ecd8		443	git	.tau_ledger/geom/_archive/anchor_20250919171922_453ff991567aaec3fc01de8c073c2a150379100fd9af71a86829e29e307fddda.json	8bee4b8868ab33aa4bdfb64da418aa67c8c61431	committed
2025-09-19T13:20:22-04:00	receipt	c5ca5bc690bcd97a81f02051df0bea626cae4d53a0f933be0d4c903148e4ecd8		443	git	.tau_ledger/geom/anchor_20250919171922_453ff991567aaec3fc01de8c073c2a150379100fd9af71a86829e29e307fddda.json	1a371471d2b1b81cf87e1eaa362127223ea7b3b4	committed
2025-09-19T13:20:22-04:00	receipt	c5ca5bc690bcd97a81f02051df0bea626cae4d53a0f933be0d4c903148e4ecd8		443	git	.tau_ledger/geom/anchor_20250919171922_453ff991567aaec3fc01de8c073c2a150379100fd9af71a86829e29e307fddda.json	8908b573c3994498e634f76992fbc04761cf2251	committed
2025-09-22T15:05:59-04:00	receipt	c5ff33a2e79a3770e1384ee47ff7380f6139d5dd112371eebbeb4803b93ee5b0	51a0e22214ec0247e227dfa636e12daf2ac280ba27871c3bcca7bdb63bd4bcfc	156	git	analysis/capsules/auto-20250922T182622Z/capsule.receipt.json	408acd47a72c5d257045bb4565a8c5294d55f0b6	committed
2025-10-01T17:21:35-04:00	receipt	c62f6dfb214c8790eb95c768ec63ded9b5b85147068b6ae2f41d1e472804d7e1		580	git	.tau_ledger/seifert/2025-09-29T08-01-39Z_braid.json	8bee4b8868ab33aa4bdfb64da418aa67c8c61431	committed
2025-09-22T13:28:19-04:00	receipt	c7cf0ea7c457bac4c9cc1584a68f0b022d3cad71bb4f88a9e25c83c2756439b4		726	git	analysis/capsules/init-20250922T172818Z/manifest.json	6523fa5e52bc9e77047776ba7c506cbe594d19b2	committed
2025-10-01T17:21:35-04:00	receipt	c841406f78f4857adb5e192d2a78492ab0e354be05ef477f5f97d49eadeb92c1		1368	git	.tau_ledger/entropy/entropy_compare_20250929T050125Z_c841406f78f4.json	8bee4b8868ab33aa4bdfb64da418aa67c8c61431	committed
2025-10-01T21:01:42-04:00	receipt	ca8ebc7becaa42d4932fc650d00c2fe4f165e745bfb0cf72867c3fbe64f9e132	9b8f866462c4ffda0b2157bd259bcab79529b8742b931de7086f1ec4d4420a2e	1715	git	.stage_23to29/_verify/unzip/tau_crystal/.tau_ledger/langlands/combined_ap_satake.json	57f17787f15385b46f5477f80321ec049465c899	committed
2025-10-01T21:01:42-04:00	receipt	ca8ebc7becaa42d4932fc650d00c2fe4f165e745bfb0cf72867c3fbe64f9e132	9b8f866462c4ffda0b2157bd259bcab79529b8742b931de7086f1ec4d4420a2e	1715	git	.stage_23to29/_verify/unzip/tau_crystal/.tau_ledger/langlands/combined_ap_satake_stable.json	57f17787f15385b46f5477f80321ec049465c899	committed
2025-09-15T08:04:08-04:00	receipt	ca8ebc7becaa42d4932fc650d00c2fe4f165e745bfb0cf72867c3fbe64f9e132	9b8f866462c4ffda0b2157bd259bcab79529b8742b931de7086f1ec4d4420a2e	1715	git	.tau_ledger/langlands/combined_ap_satake.json	1f45eea33d873f2cfe797ad4d7551fe45ddc440d	committed
2025-09-15T08:04:08-04:00	receipt	ca8ebc7becaa42d4932fc650d00c2fe4f165e745bfb0cf72867c3fbe64f9e132	9b8f866462c4ffda0b2157bd259bcab79529b8742b931de7086f1ec4d4420a2e	1715	git	.tau_ledger/langlands/combined_ap_satake.json	616863c2e858129026455afc1757f4a5419f4746	committed
2025-10-01T17:21:35-04:00	receipt	ca8ebc7becaa42d4932fc650d00c2fe4f165e745bfb0cf72867c3fbe64f9e132	9b8f866462c4ffda0b2157bd259bcab79529b8742b931de7086f1ec4d4420a2e	1715	git	.tau_ledger/langlands/combined_ap_satake.json	8bee4b8868ab33aa4bdfb64da418aa67c8c61431	committed
2025-09-15T08:13:29-04:00	receipt	ca8ebc7becaa42d4932fc650d00c2fe4f165e745bfb0cf72867c3fbe64f9e132	9b8f866462c4ffda0b2157bd259bcab79529b8742b931de7086f1ec4d4420a2e	1715	git	.tau_ledger/langlands/combined_ap_satake_stable.json	3419bcf08f8dcb4ceb6a38535ae6ba567656a603	committed
2025-10-01T17:21:35-04:00	receipt	ca8ebc7becaa42d4932fc650d00c2fe4f165e745bfb0cf72867c3fbe64f9e132	9b8f866462c4ffda0b2157bd259bcab79529b8742b931de7086f1ec4d4420a2e	1715	git	.tau_ledger/langlands/combined_ap_satake_stable.json	8bee4b8868ab33aa4bdfb64da418aa67c8c61431	committed
2025-09-19T09:05:15-04:00	receipt	ca8ebc7becaa42d4932fc650d00c2fe4f165e745bfb0cf72867c3fbe64f9e132	9b8f866462c4ffda0b2157bd259bcab79529b8742b931de7086f1ec4d4420a2e	1715	git	_verify/unzip/tau_crystal/.tau_ledger/langlands/combined_ap_satake.json	43c6b14ea8ea20ac7c4492c1ad12f5f95c5f61cf	committed
2025-09-19T09:05:15-04:00	receipt	ca8ebc7becaa42d4932fc650d00c2fe4f165e745bfb0cf72867c3fbe64f9e132	9b8f866462c4ffda0b2157bd259bcab79529b8742b931de7086f1ec4d4420a2e	1715	git	_verify/unzip/tau_crystal/.tau_ledger/langlands/combined_ap_satake_stable.json	43c6b14ea8ea20ac7c4492c1ad12f5f95c5f61cf	committed
2025-10-01T17:21:35-04:00	receipt	cb0eb327bcf42ad33ed732a934d733e4fd636be4308fc2f7fa146ebd70bcd45a		500	git	analysis/capsules/lost/lost_tau_entropy_witness_20250927T202317Z/manifest.json	8bee4b8868ab33aa4bdfb64da418aa67c8c61431	committed
2025-10-01T20:50:09-04:00	receipt	cbd6b7e0c17419ff7598288c81a27203ef429265b96228184c6cb21573075551		389	git	.tau_ledger/anomaly_glued_canon_20251002T004934Z.receipt.json	7185797a450f3e6a5fb1f4c94f3f40e4d82cc943	committed
2025-09-15T06:55:12-04:00	receipt	cc18cf32d7cd04eb668f7a29c259c5e883420d1f84772e5180883ba017cfc7f1	b0e29df6ca1127409306029d1840a1897f61c387a6573b6f262a1191f426956a	488	git	.tau_ledger/experimental/bootstrap_mu.json	45ef5e9d71439b491d13c1e501ce05c95c72c169	committed
2025-10-01T17:21:35-04:00	receipt	cc2e374764f2e63c554099c7a8638ce3aa1308d09f8a7b8c3b2c4951f2736365		207	git	.tau_ledger/interference/2025-09-29T08-49-39Z_drift.json	8bee4b8868ab33aa4bdfb64da418aa67c8c61431	committed
2025-10-02T03:12:20-04:00	receipt	cdc6af0a017286ac5207650b423ba749e4f663f04509d23d4d4da048a96c6b88		189	git	.stage_23to29/_verify/unzip/tau_crystal/analysis/normalized/combined_ap_satake.norm.json	01b168b5847dab7e08708c8f741740c171778f0a	committed
2025-10-02T03:12:20-04:00	receipt	cdc6af0a017286ac5207650b423ba749e4f663f04509d23d4d4da048a96c6b88		189	git	.stage_23to29/_verify/unzip/tau_crystal/analysis/normalized/combined_ap_satake.norm.json	5634886006567bbc8a0b7e8f6e7798ed4b6d4c8c	committed
2025-10-02T03:12:20-04:00	receipt	cdc6af0a017286ac5207650b423ba749e4f663f04509d23d4d4da048a96c6b88		189	git	.stage_23to29/analysis/normalized/combined_ap_satake.norm.json	01b168b5847dab7e08708c8f741740c171778f0a	committed
2025-10-02T03:12:20-04:00	receipt	cdc6af0a017286ac5207650b423ba749e4f663f04509d23d4d4da048a96c6b88		189	git	.stage_23to29/analysis/normalized/combined_ap_satake.norm.json	5634886006567bbc8a0b7e8f6e7798ed4b6d4c8c	committed
2025-09-19T09:05:15-04:00	receipt	cdc6af0a017286ac5207650b423ba749e4f663f04509d23d4d4da048a96c6b88		189	git	_verify/unzip/tau_crystal/analysis/normalized/combined_ap_satake.norm.json	43c6b14ea8ea20ac7c4492c1ad12f5f95c5f61cf	committed
2025-09-15T13:11:54-04:00	receipt	cdc6af0a017286ac5207650b423ba749e4f663f04509d23d4d4da048a96c6b88		189	git	analysis/normalized/combined_ap_satake.norm.json	1cf1505a9adcc4f321a6116b085b517625865960	committed
2025-09-15T13:11:54-04:00	receipt	cdc6af0a017286ac5207650b423ba749e4f663f04509d23d4d4da048a96c6b88		189	git	analysis/normalized/combined_ap_satake.norm.json	2121f46969d2434c81be5fdb30236f9bd8b16fe8	committed
2025-10-01T17:21:35-04:00	receipt	ce6b47f71598f65f9eb3f5d61213eabcba8a8354ab73466301eba1552080ac65	3fe96cbe26f80c552c52b09909652840c0e4b3eadc6d474d128853883486e1cf	718	git	.tau_ledger/corridor/corridor_20250929T034134Z_3fe96cbe26f8.json	8bee4b8868ab33aa4bdfb64da418aa67c8c61431	committed
2025-10-01T17:21:35-04:00	receipt	ce6b47f71598f65f9eb3f5d61213eabcba8a8354ab73466301eba1552080ac65	3fe96cbe26f80c552c52b09909652840c0e4b3eadc6d474d128853883486e1cf	718	git	.tau_ledger/timefold/restore/state_20250929T034553Z_ce6b47f71598/.tau_ledger/corridor/corridor_20250929T034134Z_3fe96cbe26f8.json	8bee4b8868ab33aa4bdfb64da418aa67c8c61431	committed
2025-10-01T17:21:35-04:00	receipt	ce6b47f71598f65f9eb3f5d61213eabcba8a8354ab73466301eba1552080ac65	3fe96cbe26f80c552c52b09909652840c0e4b3eadc6d474d128853883486e1cf	718	git	.tau_ledger/timefold/restore/state_20250929T035338Z_ce6b47f71598/.tau_ledger/corridor/corridor_20250929T034134Z_3fe96cbe26f8.json	8bee4b8868ab33aa4bdfb64da418aa67c8c61431	committed
2025-10-01T17:21:35-04:00	receipt	ce6b47f71598f65f9eb3f5d61213eabcba8a8354ab73466301eba1552080ac65	3fe96cbe26f80c552c52b09909652840c0e4b3eadc6d474d128853883486e1cf	718	git	.tau_ledger/timefold/restore/state_20250929T042104Z_ce6b47f71598/.tau_ledger/corridor/corridor_20250929T034134Z_3fe96cbe26f8.json	8bee4b8868ab33aa4bdfb64da418aa67c8c61431	committed
2025-10-01T17:21:35-04:00	receipt	ce6b47f71598f65f9eb3f5d61213eabcba8a8354ab73466301eba1552080ac65	3fe96cbe26f80c552c52b09909652840c0e4b3eadc6d474d128853883486e1cf	718	git	.tau_ledger/timefold/restore/state_20250929T043343Z_ce6b47f71598/.tau_ledger/corridor/corridor_20250929T034134Z_3fe96cbe26f8.json	8bee4b8868ab33aa4bdfb64da418aa67c8c61431	committed
2025-10-01T20:50:09-04:00	receipt	d08f901b7e0b9f9bd9d0bafc68d48d110fbfb63a4be07f1049709aebc7817f69		383	git	.tau_ledger/anomaly_M2_canon_20251002T004934Z.receipt.json	7185797a450f3e6a5fb1f4c94f3f40e4d82cc943	committed
2025-10-01T17:21:35-04:00	receipt	d16de141e110c5b77ea80c73d38018690073a3dade376cb93c6f4590dc2a096c		376	git	analysis/freed/relative_index_20251001T003121Z.json	8bee4b8868ab33aa4bdfb64da418aa67c8c61431	committed
2025-10-01T17:21:35-04:00	receipt	d2e0e34576f9acb3ac01d594824f2ddebfe66f6709aeeceec16068da9e7f3c14	74353175e75a437f6888b86657485855af1ec451f3dd48892072385151d79a1c	1051	git	.tau_ledger/entropy/witness_20250929T042100Z_74353175e75a.json	8bee4b8868ab33aa4bdfb64da418aa67c8c61431	committed
2025-10-01T17:21:35-04:00	receipt	d2e0e34576f9acb3ac01d594824f2ddebfe66f6709aeeceec16068da9e7f3c14	74353175e75a437f6888b86657485855af1ec451f3dd48892072385151d79a1c	1051	git	.tau_ledger/timefold/restore/state_20250929T042104Z_ce6b47f71598/.tau_ledger/entropy/witness_20250929T042100Z_74353175e75a.json	8bee4b8868ab33aa4bdfb64da418aa67c8c61431	committed
2025-10-01T21:01:42-04:00	receipt	d40abbf59082f942d4d3dbe4a8a63317dfec39f8a0ba77212c8a1b9c84068fcd		670	git	.stage_23to29/docs/plans/resurrection_2025-09-29/priority_plan.json	57f17787f15385b46f5477f80321ec049465c899	committed
2025-09-29T02:51:11-04:00	receipt	d40abbf59082f942d4d3dbe4a8a63317dfec39f8a0ba77212c8a1b9c84068fcd		670	git	docs/plans/resurrection_2025-09-29/priority_plan.json	43da0a5bd6d9157fbeacf944607cb53669321ebe	committed
2025-09-29T02:51:11-04:00	receipt	d40abbf59082f942d4d3dbe4a8a63317dfec39f8a0ba77212c8a1b9c84068fcd		670	git	docs/plans/resurrection_2025-09-29/priority_plan.json	5239b9240f29fc07f47140907e93500b120c2a13	committed
2025-10-01T21:01:42-04:00	receipt	d40abbf59082f942d4d3dbe4a8a63317dfec39f8a0ba77212c8a1b9c84068fcd		670	git	docs/plans/resurrection_2025-09-29/priority_plan.json	57f17787f15385b46f5477f80321ec049465c899	committed
2025-10-01T17:21:35-04:00	receipt	d41024fca693de9d9f62b18d1580f358bc941eea79837bc5932747cb1e071c2a	74353175e75a437f6888b86657485855af1ec451f3dd48892072385151d79a1c	1051	git	.tau_ledger/entropy/witness_20250929T042055Z_74353175e75a.json	8bee4b8868ab33aa4bdfb64da418aa67c8c61431	committed
2025-09-06T01:31:46-04:00	receipt	d4f3e567ce93941c531e19adf01afeee4c553a3b3904134fee85529570d4508c	sha256:6fcecff5c1054733d0d6fe7403d35049237a8eb21d364df12daac9980488df44	795	git	manifests/6fcecff5c1054733d0d6fe7403d35049237a8eb21d364df12daac9980488df44.json	3dfa4f62a511b2552c13b790af1da391f67a6731	committed
2025-10-01T21:01:42-04:00	receipt	d4fa6be72c9bd4cc0efd5b24be0326cf2ff352ae9d65824eee786a47286657f9	deadbeef	301	git	.stage_23to29/_verify/unzip/tau_crystal/.tau_ledger/receipts/demo-20250914T023421Z.json	57f17787f15385b46f5477f80321ec049465c899	committed
2025-10-01T17:21:35-04:00	receipt	d4fa6be72c9bd4cc0efd5b24be0326cf2ff352ae9d65824eee786a47286657f9	deadbeef	301	git	.tau_ledger/receipts/demo-20250914T023421Z.json	8bee4b8868ab33aa4bdfb64da418aa67c8c61431	committed
2025-09-19T09:05:15-04:00	receipt	d4fa6be72c9bd4cc0efd5b24be0326cf2ff352ae9d65824eee786a47286657f9	deadbeef	301	git	_verify/unzip/tau_crystal/.tau_ledger/receipts/demo-20250914T023421Z.json	43c6b14ea8ea20ac7c4492c1ad12f5f95c5f61cf	committed
2025-10-01T17:21:35-04:00	receipt	d511e2e6e7a3ff35d29e088ead5eddecab797bb060c4b8cf9a5532cb75422b13		314	git	.tau_ledger/timefold/timefold_mark_20250929T043344Z_ce6b47f71598.json	8bee4b8868ab33aa4bdfb64da418aa67c8c61431	committed
2025-10-01T17:21:35-04:00	receipt	d56e9ce8a719ca45e6cb25c18972172ff428eb40460c1dbc644b53b5b4171bc9		1368	git	.tau_ledger/entropy/entropy_compare_20250929T050131Z_d56e9ce8a719.json	8bee4b8868ab33aa4bdfb64da418aa67c8c61431	committed
2025-10-01T21:01:42-04:00	receipt	d65e3e46a657caae3634d9477d67134dc719187087181973709951788d3d6ad2		1111	git	.stage_23to29/_verify/unzip/tau_crystal/.tau_ledger/receipts/receipt_c6390eb9c5a1.json	57f17787f15385b46f5477f80321ec049465c899	committed
2025-09-15T17:41:43-04:00	receipt	d65e3e46a657caae3634d9477d67134dc719187087181973709951788d3d6ad2		1111	git	.tau_ledger/receipts/receipt_c6390eb9c5a1.json	10c4c57ead70d7f587f7d21b4643a80cec3be5a0	committed
2025-10-01T17:21:35-04:00	receipt	d65e3e46a657caae3634d9477d67134dc719187087181973709951788d3d6ad2		1111	git	.tau_ledger/receipts/receipt_c6390eb9c5a1.json	8bee4b8868ab33aa4bdfb64da418aa67c8c61431	committed
2025-09-19T09:05:15-04:00	receipt	d65e3e46a657caae3634d9477d67134dc719187087181973709951788d3d6ad2		1111	git	_verify/unzip/tau_crystal/.tau_ledger/receipts/receipt_c6390eb9c5a1.json	43c6b14ea8ea20ac7c4492c1ad12f5f95c5f61cf	committed
2025-09-15T18:18:20-04:00	receipt	d65e3e46a657caae3634d9477d67134dc719187087181973709951788d3d6ad2		1111	git	contrib/2025/09/15/DESKTOP-IGE96SV/a7bf7cd203a1/receipt_c6390eb9c5a1.json	2d577fc20c93e62fe50ef505beb7b6f5a06445f1	committed
2025-10-02T03:12:20-04:00	receipt	d6672e66662ef4776d01ed15ced827a4848f7fbb8310b748716defef1f9f09e1		443	git	.stage_23to29/analysis/morpho/certificates/cert_20250919T212149Z.json	01b168b5847dab7e08708c8f741740c171778f0a	committed
2025-10-02T03:12:20-04:00	receipt	d6672e66662ef4776d01ed15ced827a4848f7fbb8310b748716defef1f9f09e1		443	git	.stage_23to29/analysis/morpho/certificates/cert_20250919T212149Z.json	5634886006567bbc8a0b7e8f6e7798ed4b6d4c8c	committed
2025-10-02T03:12:20-04:00	receipt	d6672e66662ef4776d01ed15ced827a4848f7fbb8310b748716defef1f9f09e1		443	git	.stage_23to29/analysis/morpho/packs/run_20250919T212153Z_02e43a2b71/cert_20250919T212149Z.json	01b168b5847dab7e08708c8f741740c171778f0a	committed
2025-10-02T03:12:20-04:00	receipt	d6672e66662ef4776d01ed15ced827a4848f7fbb8310b748716defef1f9f09e1		443	git	.stage_23to29/analysis/morpho/packs/run_20250919T212153Z_02e43a2b71/cert_20250919T212149Z.json	5634886006567bbc8a0b7e8f6e7798ed4b6d4c8c	committed
2025-09-19T17:34:16-04:00	receipt	d6672e66662ef4776d01ed15ced827a4848f7fbb8310b748716defef1f9f09e1		443	git	analysis/morpho/certificates/cert_20250919T212149Z.json	539bf80e03c9b58ff1b0bad3aa4322b521f2005a	committed
2025-09-19T17:34:16-04:00	receipt	d6672e66662ef4776d01ed15ced827a4848f7fbb8310b748716defef1f9f09e1		443	git	analysis/morpho/certificates/cert_20250919T212149Z.json	756f4514a5e220097fbe6d90b374b7b5a1b57b42	committed
2025-09-19T17:34:16-04:00	receipt	d6672e66662ef4776d01ed15ced827a4848f7fbb8310b748716defef1f9f09e1		443	git	analysis/morpho/packs/run_20250919T212153Z_02e43a2b71/cert_20250919T212149Z.json	539bf80e03c9b58ff1b0bad3aa4322b521f2005a	committed
2025-09-19T17:34:16-04:00	receipt	d6672e66662ef4776d01ed15ced827a4848f7fbb8310b748716defef1f9f09e1		443	git	analysis/morpho/packs/run_20250919T212153Z_02e43a2b71/cert_20250919T212149Z.json	756f4514a5e220097fbe6d90b374b7b5a1b57b42	committed
2025-10-01T17:21:35-04:00	receipt	d743381ffc0dfa5731ad51d8b17a92e96a9d3ad335f84804fa9a1849128005a6		790	git	analysis/_runs/anomaly_20251001T053736Z/dK_triplet.json	8bee4b8868ab33aa4bdfb64da418aa67c8c61431	committed
2025-10-01T17:21:35-04:00	receipt	d743381ffc0dfa5731ad51d8b17a92e96a9d3ad335f84804fa9a1849128005a6		790	git	analysis/_runs/latest_anomaly/dK_triplet.json	8bee4b8868ab33aa4bdfb64da418aa67c8c61431	committed
2025-10-01T17:21:35-04:00	receipt	d7d577b7d1370983a9b6f3a33a40678cabf2137779534fde23ec7e90cb7d4952		464	git	analysis/freed/relative_index_20251001T005545Z.json	8bee4b8868ab33aa4bdfb64da418aa67c8c61431	committed
2025-09-12T15:05:53-04:00	receipt	d887f772571401b560fdc542e78a45cb4e8de2cdebd10d66361416d6ab8882db		776	git	receipts/2025-09-12T18-46-04Z.json	1f8bf7020201355a0eed4bbe277ebafe18ee5850	committed
2025-09-06T01:31:46-04:00	receipt	d937c70668fc1d110e40b6a99e0cef4592448476f839c2ae07faa807eda99c62	sha256:4da10902a9a139498bd23290d2b3ef0853188a8bab4cd9df0537a0f2a74f7e91	995	git	manifests/4da10902a9a139498bd23290d2b3ef0853188a8bab4cd9df0537a0f2a74f7e91.json	3dfa4f62a511b2552c13b790af1da391f67a6731	committed
2025-10-01T17:21:35-04:00	receipt	d93a22275d14f8699a92e3289a6ddb9f57a395ae9bd629cd17aaae38e043e2a4		788	git	.tau_ledger/freed/z4c_resstudy_20251001T042419Z.json	8bee4b8868ab33aa4bdfb64da418aa67c8c61431	committed
2025-10-01T17:21:35-04:00	receipt	d9a98e8dba02f033f32d36df036e0edb47fbb1c9eee0f15bde93f74fa10c695e		500	git	analysis/capsules/lost/lost_holography_tensor_lifts_20250927T202316Z/manifest.json	8bee4b8868ab33aa4bdfb64da418aa67c8c61431	committed
2025-10-01T17:21:35-04:00	receipt	d9ff391ddfa6a1d399a09afcb7fc9dc12b2f9f712e2097cb7242ef421b3199a2		1368	git	.tau_ledger/entropy/entropy_compare_20250929T043259Z_d9ff391ddfa6.json	8bee4b8868ab33aa4bdfb64da418aa67c8c61431	committed
2025-10-01T17:21:35-04:00	receipt	da190d7d658d2a33399431e29168ff4ecf070c857a77073ebff6828ae4f3f6b0		223	git	.tau_ledger/freed/tmf_sigma_20251001T030544Z.json	8bee4b8868ab33aa4bdfb64da418aa67c8c61431	committed
2025-10-01T17:21:35-04:00	receipt	da3a17971ed81a7704c511827e4b4c71fdafbd4014c960db1828880033997eee		465	git	analysis/capsules/lost/lost_signed_runner_20250927T202320Z/manifest.json	8bee4b8868ab33aa4bdfb64da418aa67c8c61431	committed
2025-09-19T16:28:33-04:00	receipt	da99c7a25568a2a5116b0fe88c6859a9effd887ee6d86ee23854094e4a5d95e6		439	git	.tau_ledger/geom/verify_20250919202755_8a4171ece9891b25901d293d902994676ab4e773d4ca7b529c64205e5286738c.json	02e43a2b71e49f2ad1c43c723259564e59193c85	committed
2025-10-01T17:21:35-04:00	receipt	da99c7a25568a2a5116b0fe88c6859a9effd887ee6d86ee23854094e4a5d95e6		439	git	.tau_ledger/geom/verify_20250919202755_8a4171ece9891b25901d293d902994676ab4e773d4ca7b529c64205e5286738c.json	8bee4b8868ab33aa4bdfb64da418aa67c8c61431	committed
2025-10-01T20:50:09-04:00	receipt	db0629bdfe5d53a23ceae5eb69fe7424a456257e00ec92d3ae664dd0a0b3a6a2		389	git	.tau_ledger/anomaly_glued_canon_20251002T004219Z.receipt.json	7185797a450f3e6a5fb1f4c94f3f40e4d82cc943	committed
2025-10-01T17:21:35-04:00	receipt	dc234d4d8e52e4215ea9941dbd5eef30069199327e77e9516b06cc01b8e75e81		359	git	.tau_ledger/freed/axioms_passfail_20250930T200953Z.manifest.json	8bee4b8868ab33aa4bdfb64da418aa67c8c61431	committed
2025-09-06T12:32:21-04:00	receipt	dc5cff230c0fa208ec0fde67f20443671aee07b67a12bc631ca2884682173d50	1c11d3ecac0beac2b80fd546e112ba7be7abe2781372665db91684f63270928f	1274	git	tau-crystal-manifest.json	382959c255f6a4b242c6f6dcf304798c331c1f93	committed
2025-09-15T13:51:58-04:00	receipt	dc9ee518ebc1870069cb2a37a1b64aa0da4d1c03801d28c218a1af8d8c0eac1b	60134e69e86a2ac6d9354c4dd719045c94104e022e1fde591c1bfd24174b65ab	275	git	.tau_ledger/cache/cache-20250914T151253Z.json	510e2b644f6ccf13f0cec16f5a6aee0564789284	committed
2025-10-01T17:21:35-04:00	receipt	de2185ab18a21fde8b623d35eed0d4a0dd676788c9b07e14c9df5684f9e90810		481	git	analysis/capsules/lost/lost_interference_map_20250927T202317Z/manifest.json	8bee4b8868ab33aa4bdfb64da418aa67c8c61431	committed
2025-09-06T01:31:01-04:00	receipt	de65d1ebeca28c998c9aa4758734ced2ca354b3616d28453c03f91816d37d7d4	sha256:9626f2865d96e8e65755e236a6a5d52e3438570822f575d0df60cb453ca1f731	1053	git	manifests/9626f2865d96e8e65755e236a6a5d52e3438570822f575d0df60cb453ca1f731.json	78ee39c86f37e399af9907c056ee98d2b2a45774	committed
2025-09-06T01:17:06-04:00	receipt	df54a6f75036e88631ee34bf295b4d49b4a3cc24238d8832aec250377def9bc7	sha256:c1eed52958abd56e858c4e7a312b38eb866c3aeb13786a8517e3169f972ee409	1054	git	manifests/c1eed52958abd56e858c4e7a312b38eb866c3aeb13786a8517e3169f972ee409.json	449760c0317e99a1c4680cccde035ec0efdc2f2e	committed
2025-10-01T21:01:42-04:00	receipt	e03089e733ff3c2fc5d85cced202990f8b2f81c78d59de431433457c7dca7088		211	git	.stage_23to29/_fusion_out/plumbing/box-FUSE-D23/cm-sector_receipt.json	57f17787f15385b46f5477f80321ec049465c899	committed
2025-10-01T17:21:35-04:00	receipt	e03089e733ff3c2fc5d85cced202990f8b2f81c78d59de431433457c7dca7088		211	git	.tau_ledger/hysteresis/box-FUSE-D23/cm-sector_receipt.json	8bee4b8868ab33aa4bdfb64da418aa67c8c61431	committed
2025-10-01T17:21:35-04:00	receipt	e03089e733ff3c2fc5d85cced202990f8b2f81c78d59de431433457c7dca7088		211	git	certs/spectral_cert_20250922T000922Z/_fusion_out/plumbing/box-FUSE-D23/cm-sector_receipt.json	8bee4b8868ab33aa4bdfb64da418aa67c8c61431	committed
2025-10-01T17:21:35-04:00	receipt	e03089e733ff3c2fc5d85cced202990f8b2f81c78d59de431433457c7dca7088		211	git	certs/spectral_cert_20250922T001154Z/_fusion_out/plumbing/box-FUSE-D23/cm-sector_receipt.json	8bee4b8868ab33aa4bdfb64da418aa67c8c61431	committed
2025-09-15T07:33:56-04:00	receipt	e1c3689677db192dabd74b4222be92df0ef464e87f535f343de932977b938add	8647911eafd42e7d56a92697be10ce5ebd9ee31db8c4eba85e5e3db3f307a2d3	1226	git	.tau_ledger/langlands/satake.json	07ba935809ddb9ee16dff55966e9c75a5bf98b45	committed
2025-09-15T07:33:56-04:00	receipt	e1c3689677db192dabd74b4222be92df0ef464e87f535f343de932977b938add	8647911eafd42e7d56a92697be10ce5ebd9ee31db8c4eba85e5e3db3f307a2d3	1226	git	.tau_ledger/langlands/satake.json	8f14d66b125ab4950f3ecfe694d77746c44b847f	committed
2025-10-01T17:21:35-04:00	receipt	e2b9272ab8d3f86673e3ba66e4a81a71eea4532128f939ccf4167b49b3ab2683	74353175e75a437f6888b86657485855af1ec451f3dd48892072385151d79a1c	1051	git	.tau_ledger/entropy/witness_20250929T043341Z_74353175e75a.json	8bee4b8868ab33aa4bdfb64da418aa67c8c61431	committed
2025-10-01T17:21:35-04:00	receipt	e2b9272ab8d3f86673e3ba66e4a81a71eea4532128f939ccf4167b49b3ab2683	74353175e75a437f6888b86657485855af1ec451f3dd48892072385151d79a1c	1051	git	.tau_ledger/timefold/restore/state_20250929T043343Z_ce6b47f71598/.tau_ledger/entropy/witness_20250929T043341Z_74353175e75a.json	8bee4b8868ab33aa4bdfb64da418aa67c8c61431	committed
2025-09-06T02:24:34-04:00	receipt	e3730787ce9cc47790e480fe90ccfed298237a24080997d8c08933eda03a9cb2	sha256:86b9275b33cfe1276db843cf65166ea66cbe087ea82b28333495400ab6deac7d	1005	git	manifests/86b9275b33cfe1276db843cf65166ea66cbe087ea82b28333495400ab6deac7d.json	16a4cc5a4de973d78adf308301af9a349922ec47	committed
2025-09-06T02:24:34-04:00	receipt	e3730787ce9cc47790e480fe90ccfed298237a24080997d8c08933eda03a9cb2	sha256:86b9275b33cfe1276db843cf65166ea66cbe087ea82b28333495400ab6deac7d	1005	git	manifests/86b9275b33cfe1276db843cf65166ea66cbe087ea82b28333495400ab6deac7d.json	5e5d4612f88f10db8e46c2eee4d0a98cde54b855	committed
2025-09-06T18:15:54-04:00	receipt	e3acf81cc7f51a28e54344163dd9c9221d1c38f6b27ff32d8ec6c33a9a97fe44	41251899cddc5e32a22b498ee62f1458a2a517bc090349059fca60ec0337481c	369	git	.tau_ledger/receipts/20250906T072115Z-81369e5-local.json	58ac70cb3af1a4648e66eeb3f0ed3b2ab7c22b2d	committed
2025-09-09T00:19:05-04:00	receipt	e3acf81cc7f51a28e54344163dd9c9221d1c38f6b27ff32d8ec6c33a9a97fe44	41251899cddc5e32a22b498ee62f1458a2a517bc090349059fca60ec0337481c	369	git	.tau_ledger/receipts/20250906T072115Z-81369e5-local.json	60cff83d0bae2c2f763366453c00e5216764fc0e	committed
2025-09-06T18:15:54-04:00	receipt	e3acf81cc7f51a28e54344163dd9c9221d1c38f6b27ff32d8ec6c33a9a97fe44	41251899cddc5e32a22b498ee62f1458a2a517bc090349059fca60ec0337481c	369	git	.tau_ledger/receipts/20250906T072115Z-81369e5-local.json	6503cf762ea8d24cb96691334607b46156525f28	committed
2025-09-15T13:51:58-04:00	receipt	e41a489c64957edc36d1782d799bb192c0b32c076bb1ce890b7db44e296f6c0c	a602d6cd47365f57d57836229935b7a9f28ca7f55dc5fd9065f752120c6aa7ef	275	git	.tau_ledger/cache/cache-20250914T144803Z.json	510e2b644f6ccf13f0cec16f5a6aee0564789284	committed
2025-09-06T01:31:46-04:00	receipt	e4a087d6c3d75fa7cee293220f46f7d595d5de271b260e5adffd71a7ce1d024c	sha256:a16d83c982128ca003f0a73ff62c254060d4301cfe1e47e7f5444a95ef283d9c	1073	git	manifests/a16d83c982128ca003f0a73ff62c254060d4301cfe1e47e7f5444a95ef283d9c.json	3dfa4f62a511b2552c13b790af1da391f67a6731	committed
2025-09-06T18:15:54-04:00	receipt	e54a6143ffb8ddc6d01812317582a17ba0755e53d588057324dd1497db3af38d	ad000cb39fb78d90d568adb85d1609870bd26f1d76366bec653a80b15abacc1c	369	git	.tau_ledger/receipts/20250906T071802Z-46b1e91-local.json	58ac70cb3af1a4648e66eeb3f0ed3b2ab7c22b2d	committed
2025-09-09T00:19:05-04:00	receipt	e54a6143ffb8ddc6d01812317582a17ba0755e53d588057324dd1497db3af38d	ad000cb39fb78d90d568adb85d1609870bd26f1d76366bec653a80b15abacc1c	369	git	.tau_ledger/receipts/20250906T071802Z-46b1e91-local.json	60cff83d0bae2c2f763366453c00e5216764fc0e	committed
2025-09-06T18:15:54-04:00	receipt	e54a6143ffb8ddc6d01812317582a17ba0755e53d588057324dd1497db3af38d	ad000cb39fb78d90d568adb85d1609870bd26f1d76366bec653a80b15abacc1c	369	git	.tau_ledger/receipts/20250906T071802Z-46b1e91-local.json	6503cf762ea8d24cb96691334607b46156525f28	committed
2025-09-09T00:19:05-04:00	receipt	e54a6143ffb8ddc6d01812317582a17ba0755e53d588057324dd1497db3af38d	ad000cb39fb78d90d568adb85d1609870bd26f1d76366bec653a80b15abacc1c	369	git	.tau_ledger/receipts/20250906T071802Z-46b1e91-local.json	91c37c7cb33f5980a273c022ab527bd1f902298f	committed
2025-10-01T17:21:35-04:00	receipt	e5b4cd73625fd6102ce9985db6c58fb9622f0e2c048d007d62392392335bad05		464	git	analysis/freed/relative_index_20251001T010747Z.json	8bee4b8868ab33aa4bdfb64da418aa67c8c61431	committed
2025-10-02T23:43:30-04:00	receipt	e93197a340c248f21017a9525b6cfa0d98bad96a1d2aaf31fea6656e52990b8e		195	git	schemas/category_C.json	3c3f37601e6cf12979c3cf7473f874661b513d06	committed
2025-10-01T17:21:35-04:00	receipt	ea2f91c713dd21fe78727cf0acdeae863eef309b4bba5fb5395e64800eb44cb4		1368	git	.tau_ledger/entropy/entropy_compare_20250929T043517Z_ea2f91c713dd.json	8bee4b8868ab33aa4bdfb64da418aa67c8c61431	committed
2025-10-02T03:12:20-04:00	receipt	ea394c1415b513087a8015228669de42d51ed2ebd675681ccc8380b14b670bc9		173	git	.stage_23to29/_verify/unzip/tau_crystal/analysis/normalized/ap.norm.json	01b168b5847dab7e08708c8f741740c171778f0a	committed
2025-10-02T03:12:20-04:00	receipt	ea394c1415b513087a8015228669de42d51ed2ebd675681ccc8380b14b670bc9		173	git	.stage_23to29/_verify/unzip/tau_crystal/analysis/normalized/ap.norm.json	5634886006567bbc8a0b7e8f6e7798ed4b6d4c8c	committed
2025-10-02T03:12:20-04:00	receipt	ea394c1415b513087a8015228669de42d51ed2ebd675681ccc8380b14b670bc9		173	git	.stage_23to29/analysis/normalized/ap.norm.json	01b168b5847dab7e08708c8f741740c171778f0a	committed
2025-10-02T03:12:20-04:00	receipt	ea394c1415b513087a8015228669de42d51ed2ebd675681ccc8380b14b670bc9		173	git	.stage_23to29/analysis/normalized/ap.norm.json	5634886006567bbc8a0b7e8f6e7798ed4b6d4c8c	committed
2025-09-19T09:05:15-04:00	receipt	ea394c1415b513087a8015228669de42d51ed2ebd675681ccc8380b14b670bc9		173	git	_verify/unzip/tau_crystal/analysis/normalized/ap.norm.json	43c6b14ea8ea20ac7c4492c1ad12f5f95c5f61cf	committed
2025-09-15T13:11:54-04:00	receipt	ea394c1415b513087a8015228669de42d51ed2ebd675681ccc8380b14b670bc9		173	git	analysis/normalized/ap.norm.json	1cf1505a9adcc4f321a6116b085b517625865960	committed
2025-09-15T13:11:54-04:00	receipt	ea394c1415b513087a8015228669de42d51ed2ebd675681ccc8380b14b670bc9		173	git	analysis/normalized/ap.norm.json	2121f46969d2434c81be5fdb30236f9bd8b16fe8	committed
2025-10-01T17:21:35-04:00	receipt	ea5280ef83edca382b2de2828e3ce782cc7c89067c5e4d06db926f97bef9f5e9		542	git	.tau_ledger/reflection/report.json	8bee4b8868ab33aa4bdfb64da418aa67c8c61431	committed
2025-10-01T17:21:35-04:00	receipt	ea5280ef83edca382b2de2828e3ce782cc7c89067c5e4d06db926f97bef9f5e9		542	git	.tau_ledger/timefold/restore/state_20250929T034553Z_ce6b47f71598/.tau_ledger/reflection/report.json	8bee4b8868ab33aa4bdfb64da418aa67c8c61431	committed
2025-10-01T17:21:35-04:00	receipt	ea5280ef83edca382b2de2828e3ce782cc7c89067c5e4d06db926f97bef9f5e9		542	git	.tau_ledger/timefold/restore/state_20250929T035338Z_ce6b47f71598/.tau_ledger/reflection/report.json	8bee4b8868ab33aa4bdfb64da418aa67c8c61431	committed
2025-10-01T17:21:35-04:00	receipt	ea5280ef83edca382b2de2828e3ce782cc7c89067c5e4d06db926f97bef9f5e9		542	git	.tau_ledger/timefold/restore/state_20250929T042104Z_ce6b47f71598/.tau_ledger/reflection/report.json	8bee4b8868ab33aa4bdfb64da418aa67c8c61431	committed
2025-10-01T17:21:35-04:00	receipt	ea5280ef83edca382b2de2828e3ce782cc7c89067c5e4d06db926f97bef9f5e9		542	git	.tau_ledger/timefold/restore/state_20250929T043343Z_ce6b47f71598/.tau_ledger/reflection/report.json	8bee4b8868ab33aa4bdfb64da418aa67c8c61431	committed
2025-10-01T17:21:35-04:00	receipt	ea6f4b88c10f2e4e733da3edc65b3c36231fb8b6133827d145acc1a94635fc96		452	git	.tau_ledger/discovery/morpho_signature_pair.json	8bee4b8868ab33aa4bdfb64da418aa67c8c61431	committed
2025-10-01T17:21:35-04:00	receipt	eb072966e7ebe1cc23ea730c172d94f1b70fb4389195bca850ec0cbae4cb1273		299	git	.tau_ledger/freed/factorization_gate_20251001T004329Z.json	8bee4b8868ab33aa4bdfb64da418aa67c8c61431	committed
2025-10-10T20:55:21-04:00	receipt	edc699faa918bbdec599395545af7e572e321ddc4d546ca71946dcea25b3ba08	f31ef98d4ba0c06035b877ccaf12794a87d4420ebd92aeb5d39cab86260827fa	2691	git	tsv/elliptic_pass2_receipt.json	43e17c38ff76a5d40b57d47ee1b5d6388f9fae0c	committed
2025-10-02T03:12:20-04:00	receipt	ee841c184911addefc9e6381d52cf161d37f2a89cd5ff12b64a471a267ab8fdc	b7d4a22f2f9c8f4092bfffd54b9ddd1574939c725f54644e8eb99e33dda748d3	156	git	.stage_23to29/analysis/capsules/auto-20250922T214829Z/.receipt.json	01b168b5847dab7e08708c8f741740c171778f0a	committed
2025-10-02T03:12:20-04:00	receipt	ee841c184911addefc9e6381d52cf161d37f2a89cd5ff12b64a471a267ab8fdc	b7d4a22f2f9c8f4092bfffd54b9ddd1574939c725f54644e8eb99e33dda748d3	156	git	.stage_23to29/analysis/capsules/auto-20250922T214829Z/.receipt.json	5634886006567bbc8a0b7e8f6e7798ed4b6d4c8c	committed
2025-10-02T03:12:20-04:00	receipt	ee841c184911addefc9e6381d52cf161d37f2a89cd5ff12b64a471a267ab8fdc	b7d4a22f2f9c8f4092bfffd54b9ddd1574939c725f54644e8eb99e33dda748d3	156	git	analysis/capsules/auto-20250922T214829Z/.receipt.json	01b168b5847dab7e08708c8f741740c171778f0a	committed
2025-10-02T03:12:20-04:00	receipt	ee841c184911addefc9e6381d52cf161d37f2a89cd5ff12b64a471a267ab8fdc	b7d4a22f2f9c8f4092bfffd54b9ddd1574939c725f54644e8eb99e33dda748d3	156	git	analysis/capsules/auto-20250922T214829Z/.receipt.json	5634886006567bbc8a0b7e8f6e7798ed4b6d4c8c	committed
2025-09-23T16:40:49-04:00	receipt	ee841c184911addefc9e6381d52cf161d37f2a89cd5ff12b64a471a267ab8fdc	b7d4a22f2f9c8f4092bfffd54b9ddd1574939c725f54644e8eb99e33dda748d3	156	git	analysis/capsules/auto-20250922T214829Z/.receipt.json	603f7f299e3b203e740dcebe480b8f50babb6a7c	committed
2025-10-01T21:01:42-04:00	receipt	eec6d46ccab68fc5cb3e932dc2aecad230ce055dcec75993727aa6b36e8f22a7	fa6b2a47497a5d89fb526e3041d1b0393c47e29f340f81ca327840aa97edfe95	220	git	.stage_23to29/_verify/unzip/tau_crystal/.tau_ledger/automorphic/critical_zeros.json	57f17787f15385b46f5477f80321ec049465c899	committed
2025-09-15T13:51:58-04:00	receipt	eec6d46ccab68fc5cb3e932dc2aecad230ce055dcec75993727aa6b36e8f22a7	fa6b2a47497a5d89fb526e3041d1b0393c47e29f340f81ca327840aa97edfe95	220	git	.tau_ledger/automorphic/critical_zeros.json	510e2b644f6ccf13f0cec16f5a6aee0564789284	committed
2025-10-01T17:21:35-04:00	receipt	eec6d46ccab68fc5cb3e932dc2aecad230ce055dcec75993727aa6b36e8f22a7	fa6b2a47497a5d89fb526e3041d1b0393c47e29f340f81ca327840aa97edfe95	220	git	.tau_ledger/automorphic/critical_zeros.json	8bee4b8868ab33aa4bdfb64da418aa67c8c61431	committed
2025-09-19T09:05:15-04:00	receipt	eec6d46ccab68fc5cb3e932dc2aecad230ce055dcec75993727aa6b36e8f22a7	fa6b2a47497a5d89fb526e3041d1b0393c47e29f340f81ca327840aa97edfe95	220	git	_verify/unzip/tau_crystal/.tau_ledger/automorphic/critical_zeros.json	43c6b14ea8ea20ac7c4492c1ad12f5f95c5f61cf	committed
2025-09-06T02:24:34-04:00	receipt	ef6edbbe6af044feb5cf8d7cbc279b8887327d22873baa1fc8716d8eb08a62bc	sha256:d4402f3f84d648f6f7d73c3dc6dc1f3a7089acc03296f709f978298da31b160f	917	git	rescue/20250906-011842/manifests/d4402f3f84d648f6f7d73c3dc6dc1f3a7089acc03296f709f978298da31b160f.json	16a4cc5a4de973d78adf308301af9a349922ec47	committed
2025-09-06T02:24:34-04:00	receipt	ef6edbbe6af044feb5cf8d7cbc279b8887327d22873baa1fc8716d8eb08a62bc	sha256:d4402f3f84d648f6f7d73c3dc6dc1f3a7089acc03296f709f978298da31b160f	917	git	rescue/20250906-011842/manifests/d4402f3f84d648f6f7d73c3dc6dc1f3a7089acc03296f709f978298da31b160f.json	5e5d4612f88f10db8e46c2eee4d0a98cde54b855	committed
2025-09-15T13:51:58-04:00	receipt	f296967c8d6e8f7391a55b9ab64dbe1ba3bff8a39141a7f8b573373f86364179	0b2c6bb515a2d688aa98029512ca2e938ad9aa048e75e2b4e0192fa0cdf13956	275	git	.tau_ledger/cache/cache-20250914T150703Z.json	510e2b644f6ccf13f0cec16f5a6aee0564789284	committed
2025-10-01T17:21:35-04:00	receipt	f2f5a839b55c5107c8260ecef1f93deb331dbb130a2e36c54e932b956e906f80		1420	git	.tau_ledger/timefold/state/state_20250929T045934Z_ce6b47f71598.json	8bee4b8868ab33aa4bdfb64da418aa67c8c61431	committed
2025-10-01T21:01:42-04:00	receipt	f46bbe1bc52d50ec46ebebb36b3e17ae55c0b1a0bfbcea78849306e99525a02d	deadbeef	323	git	.stage_23to29/_verify/unzip/tau_crystal/.tau_ledger/holo/holov1-20250914T150653Z.json	57f17787f15385b46f5477f80321ec049465c899	committed
2025-09-14T11:07:07-04:00	receipt	f46bbe1bc52d50ec46ebebb36b3e17ae55c0b1a0bfbcea78849306e99525a02d	deadbeef	323	git	.tau_ledger/holo/holov1-20250914T150653Z.json	0fb7d307d53cbce8df2ff21727538127f9bab116	committed
2025-09-14T11:07:07-04:00	receipt	f46bbe1bc52d50ec46ebebb36b3e17ae55c0b1a0bfbcea78849306e99525a02d	deadbeef	323	git	.tau_ledger/holo/holov1-20250914T150653Z.json	307a45505025db5b2d3ccf9e409b0900141b91cf	committed
2025-10-01T17:21:35-04:00	receipt	f46bbe1bc52d50ec46ebebb36b3e17ae55c0b1a0bfbcea78849306e99525a02d	deadbeef	323	git	.tau_ledger/holo/holov1-20250914T150653Z.json	8bee4b8868ab33aa4bdfb64da418aa67c8c61431	committed
2025-09-19T09:05:15-04:00	receipt	f46bbe1bc52d50ec46ebebb36b3e17ae55c0b1a0bfbcea78849306e99525a02d	deadbeef	323	git	_verify/unzip/tau_crystal/.tau_ledger/holo/holov1-20250914T150653Z.json	43c6b14ea8ea20ac7c4492c1ad12f5f95c5f61cf	committed
2025-09-06T01:35:43-04:00	receipt	f55302baa6f921c06aed5af0818f8c6963156b70a1d26d9d18106b002e0ccc96	sha256:placeholder	615	git	manifests/e82cb762ad2d51a63a49e8dfa0e57b3b1f0c871b.json	6179e228620c0e36efe68464deec3c2db24f52a9	committed
2025-10-02T03:12:20-04:00	receipt	f691af296daa6e3376df177bb71c76ee199d19d144ac734b2ab5f0141053e628		537	git	.stage_23to29/.tau_ledger/coho_obstruction_v2.json	01b168b5847dab7e08708c8f741740c171778f0a	committed
2025-10-02T03:12:20-04:00	receipt	f691af296daa6e3376df177bb71c76ee199d19d144ac734b2ab5f0141053e628		537	git	.stage_23to29/.tau_ledger/coho_obstruction_v2.json	5634886006567bbc8a0b7e8f6e7798ed4b6d4c8c	committed
2025-10-01T17:21:35-04:00	receipt	f69212c7bbf1de84322c5174d00e10d4988a8e804968ce940d0abdfe7b3be4e6		1420	git	.tau_ledger/timefold/state/state_20250929T042104Z_ce6b47f71598.json	8bee4b8868ab33aa4bdfb64da418aa67c8c61431	committed
2025-09-15T13:51:58-04:00	receipt	f6c557fc86f412a6ba18132c84168805d818b6cd2fc433da9a878d9ace0e66ff	6663e9fb371f187219aa2d906bac628688f2611e7fa7f85229cf94fdb9929115	275	git	.tau_ledger/cache/cache-20250914T164603Z.json	510e2b644f6ccf13f0cec16f5a6aee0564789284	committed
2025-10-01T17:21:35-04:00	receipt	f72cf2555543ae2e8a1235919fdc98c89af978fd2097165b726dc70a7ab6469c		468	git	analysis/capsules/lost/lost_oci_docker_proof_20250927T202319Z/manifest.json	8bee4b8868ab33aa4bdfb64da418aa67c8c61431	committed
2025-10-01T17:21:35-04:00	receipt	f81dc2a200ee8671774d52af15f82477e4b7fd1a2dabfe010663ad2f6cc40e4b		511	git	.tau_ledger/discovery/morpho_receipt_hashes.json	8bee4b8868ab33aa4bdfb64da418aa67c8c61431	committed
2025-10-01T17:21:35-04:00	receipt	fabf5295ea4bc3e988c2ac3b9f945339c10e55983173178c5ff1562dd2bba4bf		805	git	.tau_ledger/freed/axiom_aps_split_20250930T233155Z.json	8bee4b8868ab33aa4bdfb64da418aa67c8c61431	committed
2025-10-01T17:21:35-04:00	receipt	fabf5295ea4bc3e988c2ac3b9f945339c10e55983173178c5ff1562dd2bba4bf		805	git	.tau_ledger/freed/axiom_aps_split_20250930T233744Z.json	8bee4b8868ab33aa4bdfb64da418aa67c8c61431	committed
2025-10-01T17:21:35-04:00	receipt	fabf5295ea4bc3e988c2ac3b9f945339c10e55983173178c5ff1562dd2bba4bf		805	git	.tau_ledger/freed/axiom_aps_split_20251001T002615Z.json	8bee4b8868ab33aa4bdfb64da418aa67c8c61431	committed
2025-10-01T17:21:35-04:00	receipt	fabf5295ea4bc3e988c2ac3b9f945339c10e55983173178c5ff1562dd2bba4bf		805	git	.tau_ledger/freed/axiom_aps_split_20251001T014223Z.json	8bee4b8868ab33aa4bdfb64da418aa67c8c61431	committed
2025-09-30T21:55:45-04:00	receipt	fabf5295ea4bc3e988c2ac3b9f945339c10e55983173178c5ff1562dd2bba4bf		805	git	.tau_ledger/freed/axiom_aps_split_20251001T015544Z.json	6f991850bedca0a3f45fce48947c665821367578	committed
2025-09-22T15:05:59-04:00	receipt	fb0f749989e4acf6b2e8e7609206e54f01437c9297b84c9b5af320bd79f6d602	83110e92eae8d163cee8b48c815a306424667e3a4f1d785ec736ae5b82db4bbf	156	git	analysis/capsules/auto-20250922T183123Z/capsule.receipt.json	408acd47a72c5d257045bb4565a8c5294d55f0b6	committed
2025-10-01T17:21:35-04:00	receipt	fc0144d2bc7463aebe6bc614ac4ff50818a1b34933dbcacd1f1760d66ec40d45		299	git	.tau_ledger/freed/factorization_gate_20251001T004726Z.json	8bee4b8868ab33aa4bdfb64da418aa67c8c61431	committed
2025-10-02T03:12:20-04:00	receipt	fe4070d19d75d6ccb9a8510d7fab7fb3b7db12e2493d26f22c5793f45ee24404		443	git	.stage_23to29/analysis/morpho/certificates/cert_20250919T213155Z.json	01b168b5847dab7e08708c8f741740c171778f0a	committed
2025-10-02T03:12:20-04:00	receipt	fe4070d19d75d6ccb9a8510d7fab7fb3b7db12e2493d26f22c5793f45ee24404		443	git	.stage_23to29/analysis/morpho/certificates/cert_20250919T213155Z.json	5634886006567bbc8a0b7e8f6e7798ed4b6d4c8c	committed
2025-10-02T03:12:20-04:00	receipt	fe4070d19d75d6ccb9a8510d7fab7fb3b7db12e2493d26f22c5793f45ee24404		443	git	.stage_23to29/analysis/morpho/packs/run_20250919T213158Z_02e43a2b71/cert_20250919T213155Z.json	01b168b5847dab7e08708c8f741740c171778f0a	committed
2025-10-02T03:12:20-04:00	receipt	fe4070d19d75d6ccb9a8510d7fab7fb3b7db12e2493d26f22c5793f45ee24404		443	git	.stage_23to29/analysis/morpho/packs/run_20250919T213158Z_02e43a2b71/cert_20250919T213155Z.json	5634886006567bbc8a0b7e8f6e7798ed4b6d4c8c	committed
2025-09-19T17:34:16-04:00	receipt	fe4070d19d75d6ccb9a8510d7fab7fb3b7db12e2493d26f22c5793f45ee24404		443	git	analysis/morpho/certificates/cert_20250919T213155Z.json	539bf80e03c9b58ff1b0bad3aa4322b521f2005a	committed
2025-09-19T17:34:16-04:00	receipt	fe4070d19d75d6ccb9a8510d7fab7fb3b7db12e2493d26f22c5793f45ee24404		443	git	analysis/morpho/certificates/cert_20250919T213155Z.json	756f4514a5e220097fbe6d90b374b7b5a1b57b42	committed
2025-09-19T17:34:16-04:00	receipt	fe4070d19d75d6ccb9a8510d7fab7fb3b7db12e2493d26f22c5793f45ee24404		443	git	analysis/morpho/packs/run_20250919T213158Z_02e43a2b71/cert_20250919T213155Z.json	539bf80e03c9b58ff1b0bad3aa4322b521f2005a	committed
2025-09-19T17:34:16-04:00	receipt	fe4070d19d75d6ccb9a8510d7fab7fb3b7db12e2493d26f22c5793f45ee24404		443	git	analysis/morpho/packs/run_20250919T213158Z_02e43a2b71/cert_20250919T213155Z.json	756f4514a5e220097fbe6d90b374b7b5a1b57b42	committed
2025-09-06T01:31:01-04:00	receipt	fe4b26a601cc0d22680855392b55db9558add4872e36ac06f3af490f16506cca	sha256:c02f7864772c7457bf2a770b9e2dd812791b6201fdde82417c680fb311c8fd5a	1101	git	manifests/c02f7864772c7457bf2a770b9e2dd812791b6201fdde82417c680fb311c8fd5a.json	78ee39c86f37e399af9907c056ee98d2b2a45774	committed
2025-09-06T02:24:34-04:00	receipt	fe8788dbdfbd0f1d7ac71f3fcd749f82555dc51d53ce1ff42b2a84289253bfea	sha256:3e785e363760c424edd6282b7525365883061dc487f687beb32f6c96edf2f5c2	1071	git	rescue/20250906-011842/manifests/3e785e363760c424edd6282b7525365883061dc487f687beb32f6c96edf2f5c2.json	16a4cc5a4de973d78adf308301af9a349922ec47	committed
2025-09-06T02:24:34-04:00	receipt	fe8788dbdfbd0f1d7ac71f3fcd749f82555dc51d53ce1ff42b2a84289253bfea	sha256:3e785e363760c424edd6282b7525365883061dc487f687beb32f6c96edf2f5c2	1071	git	rescue/20250906-011842/manifests/3e785e363760c424edd6282b7525365883061dc487f687beb32f6c96edf2f5c2.json	5e5d4612f88f10db8e46c2eee4d0a98cde54b855	committed
2025-10-01T17:21:35-04:00	receipt	fea5b5a3bac9ab8e23bf998378859b6542daf11f7d77bc34b35d615ed86b3098		725	git	.tau_ledger/seifert/2025-09-29T08-03-02Z_braid_semantic.json	8bee4b8868ab33aa4bdfb64da418aa67c8c61431	committed
2025-10-01T21:01:42-04:00	receipt	ffcff5abe3189aeeb4009cf9dc681b009732a594f21265fb7fa0f5d3553e9aa8	deadbeef	323	git	.stage_23to29/_verify/unzip/tau_crystal/.tau_ledger/holo/holov1-20250914T144753Z.json	57f17787f15385b46f5477f80321ec049465c899	committed
2025-09-14T10:48:06-04:00	receipt	ffcff5abe3189aeeb4009cf9dc681b009732a594f21265fb7fa0f5d3553e9aa8	deadbeef	323	git	.tau_ledger/holo/holov1-20250914T144753Z.json	1d26194b05177f2a2be00b552eed0945e7bdebe0	committed
2025-09-14T10:48:06-04:00	receipt	ffcff5abe3189aeeb4009cf9dc681b009732a594f21265fb7fa0f5d3553e9aa8	deadbeef	323	git	.tau_ledger/holo/holov1-20250914T144753Z.json	35af4e23a5dcc3b1c3d4667c373427b933c63ac2	committed
2025-10-01T17:21:35-04:00	receipt	ffcff5abe3189aeeb4009cf9dc681b009732a594f21265fb7fa0f5d3553e9aa8	deadbeef	323	git	.tau_ledger/holo/holov1-20250914T144753Z.json	8bee4b8868ab33aa4bdfb64da418aa67c8c61431	committed
2025-09-19T09:05:15-04:00	receipt	ffcff5abe3189aeeb4009cf9dc681b009732a594f21265fb7fa0f5d3553e9aa8	deadbeef	323	git	_verify/unzip/tau_crystal/.tau_ledger/holo/holov1-20250914T144753Z.json	43c6b14ea8ea20ac7c4492c1ad12f5f95c5f61cf	committed
