{"algo":"2-soliton: tau=det(I+M), M_ij=sqrt(k_i k_j)/(k_i+k_j)*exp((\u03b8_i+\u03b8_j)/2); u=2*\u2202_x^2 log tau via central differencing","d1":-4.0,"d2":3.0,"grid":{"dx":0.019540791402051783,"n":2048,"xmax":20.0,"xmin":-20.0},"k1":1.0,"k2":0.7,"l2":24.34074649637,"scale":1000000000000.0,"sha256":"8a692d462c8453c98fff3e8dd24ba2e0d55a5ba980d73537d61ef0dae80067c0","u_max":173.994061229}
