{
  "timestamp_utc": "20250927T003408Z",
  "prime_p": 7,
  "base_b": 10,
  "ord_d": 6,
  "K": 12,
  "centered": true,
  "dc": 4.500000000000,
  "repetend_digits": "142857",
  "moments": [-5.000000000000,0.000000000000,-11.000000000000,-0.000000000000,-5.000000000000,0.000000000000,-5.000000000000,0.000000000000,-11.000000000000,-0.000000000000,-5.000000000000,0.000000000000]
}
