{"schema":"taucrystal/analytic_heegner/v4","phi":0.1956191119402729,"L0":0.754172822043111,"Lprime_proxy":-14.04868341612453,"Omega_proxy":2.436279762695896,"height_proxy":0.2334611378453035,"deltas":"0.003 0.005 0.008 0.013 0.021 0.034 0.055","scales":"1 2 5","sign_changes":0,"slope_avg":0.4327524249030453,"curve_avg":3.994188255209248,"dominant_prime":2,"dom_ratio":0.1624220929110479,"fe_consistency":1.508066527611041,"bsd_log_height":1.752056495984862,"tau_L0":"1e-6","tau_slope":"1e-5","tau_Lp":"1e-8","rank_guess":1,"pass":false}
