{"schema":"taucrystal/analytic_heegner/v4","phi":0.03538941325190167,"L0":2.105615269241758,"Lprime_proxy":-60.87162037317385,"Omega_proxy":1.768786699266383,"height_proxy":2.506585821740358,"deltas":"0.001 0.002 0.003 0.005 0.008 0.013","scales":"1 2 5","sign_changes":0,"slope_avg":0.6077576792178374,"curve_avg":10.6216832405268,"dominant_prime":2,"dom_ratio":0.1513526778772847,"fe_consistency":4.211182383674686,"bsd_log_height":3.538473231481803,"tau_L0":"1e-6","tau_slope":"1e-5","tau_Lp":"1e-8","rank_guess":1,"pass":false}
