{"schema":"taucrystal/analytic_heegner/v3","phi":0.4235435719554556,"L0":0.3634202076919848,"Lprime_proxy":2.909831050046487,"Omega_proxy":3.134610893970358,"height_proxy":0.0421341760832068,"deltas":"0.01 0.02 0.05","sign_changes":0,"slope_avg":0.3007543348671365,"curve_avg":0.8129192779123237,"rank_guess":1,"pass":false}
