{"schema":"taucrystal/analytic_heegner/v4","phi":0.002445078867247318,"L0":5.512198591109946,"Lprime_proxy":165.8032430700618,"Omega_proxy":1.599529342689387,"height_proxy":18.9957961363481,"deltas":"0.618034 0.381966 0.236068","scales":"1 2 5","sign_changes":0,"slope_avg":15.09640174475536,"curve_avg":48.17907574162441,"dominant_prime":2,"dom_ratio":0.1282788191982696,"fe_consistency":12.00850207375268,"bsd_log_height":4.641092377490138,"tau_L0":"8e-4","tau_slope":"8e-3","tau_Lp":"2e-6","rank_guess":1,"pass":false}
