phi	Lprime_proxy	Omega_proxy	Height_proxy	eps	rank_guess
0.4235435719554556	2.909831050046487	0	8.46711673981464e+18	1e-12	1
0.4235435719554556	2.909831050046487	0	8.46711673981464e+18	1e-12	1
