{"schema":"taucrystal/analytic_heegner/v4","phi":0.01806270795944246,"L0":4.209931169469687,"Lprime_proxy":73.75348437379346,"Omega_proxy":1.682502477028878,"height_proxy":10.5340233929226,"deltas":"0.003 0.005 0.008 0.013 0.021 0.034 0.055","scales":"1 2 5","sign_changes":0,"slope_avg":9.080365299126493,"curve_avg":24.07688224849118,"dominant_prime":2,"dom_ratio":0.1540031938891977,"fe_consistency":8.421544440277975,"bsd_log_height":3.780445985083443,"tau_L0":"1e-6","tau_slope":"1e-5","tau_Lp":"1e-8","rank_guess":1,"pass":false}
