phi	Lprime_proxy	Omega_proxy	Height_proxy	eps	rank_guess
0.4235435719554556	2.909831050046487	0	8.46711673981464e+18	1e-12	1
0.4235435719554556	2.909831050046487	0	8.46711673981464e+18	1e-12	1
0.4235435719554556	0.3634202076919848	2.909831050046487	1e-18	8.46711673981464e+18	0.01 0.02 0.05	0	0.3007543348671365	0.8129192779122237	1e-3	1e-2	1e-6	1
0.4235435719554556	0.3634202076919848	2.909831050046487	3.134610893970358	0.0421341760832068	0.01 0.02 0.05	0	0.3007543348671365	0.8129192779123237	1
