{"schema":"taucrystal/analytic_heegner/v1","phi":0.4235435719554556,,"Lprime_proxy":2.909831050046487,,"Omega_proxy":0,,"height_proxy":8.46711673981464e+18,,"eps":"1e-12",,"rank_guess":1,,"pass":false,}
