{"ok":true,"kind":"tau-crystal.physics.cp_unitary","timestamp":"2025-09-10T17:06:51Z","input_sha256":"7fe91fdfc15b72ef9f765153a147f4ef93d962105236a557d565feb8cc50a29d","unitary_scheme":"tbm_r13","theta_deg":9.0,"angles":{"theta12_deg":28.874193606867504,"theta13_deg":6.350819042725543,"theta23_deg":45.354883151198564,"delta_deg":0.0},"checks":{"theta12_deg":{"obs":28.874193606867504,"exp":[20.0,40.0]},"theta13_deg":{"obs":6.350819042725543,"exp":[5.0,12.0]},"theta23_deg":{"obs":45.354883151198564,"exp":[35.0,55.0]},"delta_deg":{"obs":0.0,"exp":[-10.0,10.0]}},"request_sha256":"8a9b65bce248f6f5f72651e2281ee2f50fc15e16dfa28efe5245bfe050c4b5ae"}
