mean_r	min_r	N	k	tested	primes	phi	nonce
0.59673	0.192152	152145	6	6	19 23 29 2 3 5	0.423544	ca52f1ee23fc76cd73f660987d08acca0bb8dd877c2056dc36dd8898c8ec9715
