N_decade	k_bin	count	mean_of_mean_r
5	4	1	0.59673
5	20	1	0.168447
5	24	1	0.171188
5	32	1	0.213316
5	36	1	0.142124
5	52	1	0.157789
5	60	1	0.160646
5	68	2	0.149267
5	72	2	0.170741
5	76	3	0.1669986666666667
5	104	1	0.166505
