Re(L)	Im(L)	K_k	q	nonce_seed
NaN	NaN	NaN	NaN	
2.998934166301154	-0.07538411016726786	1.571354379638247	8.880898149045126e-05	
0.9999651631975057	0.00834699894487073	1.636639742148196	0.01037172062294768	
0.9999999592719875	0.000285405016470121	1.577647492728916	0.001089210543323769	
0.9999092239626318	0.0134738203360226	1.66728132956883	0.01512717961449483	
0.9116382820520071	0.4109934825484038	3.134610893970358	0.204568707807941	
