Re(L)	Im(L)	K_k	q	nonce_seed
NaN	NaN	NaN	NaN	
2.998934166301154	-0.07538411016726786	1.571354379638247	8.880898149045126e-05	
0.9999651631975057	0.00834699894487073	1.636639742148196	0.01037172062294768	
