{
  "selected": {
    "n": 2298850,
    "k": 173
  },
  "budgets": {
    "L_max": 2.0,
    "E_max": 50.0,
    "M_max": 3200000000.0,
    "EPS_MAX": 1e-06,
    "TAU_STAR": 12.0
  },
  "predicted": {
    "T": 0.0019954018,
    "E": 0.0,
    "M": 3199999200.0,
    "eps": 9.758079914099323e-07
  },
  "models": {
    "S": {
      "s0": 0.0,
      "s1": 8.0,
      "s2": 8.0
    },
    "W": {
      "w1": 3.0,
      "w2": 5.0
    },
    "error": {
      "A": 1.0,
      "sigma": 0.08
    }
  },
  "passport_ref": ".tau_ledger/physics/passport.json"
}